CustomerID,Contract,Internet Service,City_Charge_Ratio,Monthly Charges,Churn_Probability,Retention_Action_Plan
7216-EWTRS,Month-to-month,Fiber optic,0.008546,100.8,0.922427,장기 약정(1~2년) 전환 유도 및 결합 쿠폰 제공
8603-IJWDN,Month-to-month,Fiber optic,0.008137,86.6,0.921191,장기 약정(1~2년) 전환 유도 및 결합 쿠폰 제공
1069-XAIEM,Month-to-month,Fiber optic,0.013871,85.05,0.920124,장기 약정(1~2년) 전환 유도 및 결합 쿠폰 제공
8149-RSOUN,Month-to-month,Fiber optic,0.023841,93.85,0.919176,장기 약정(1~2년) 전환 유도 및 결합 쿠폰 제공
5494-HECPR,Month-to-month,Fiber optic,0.010461,80.25,0.917776,장기 약정(1~2년) 전환 유도 및 결합 쿠폰 제공
3068-OMWZA,Month-to-month,Fiber optic,0.017535,88.8,0.916928,장기 약정(1~2년) 전환 유도 및 결합 쿠폰 제공
8580-AECUZ,Month-to-month,Fiber optic,0.007207,79.1,0.916901,장기 약정(1~2년) 전환 유도 및 결합 쿠폰 제공
5178-LMXOP,Month-to-month,Fiber optic,0.012516,95.1,0.916499,장기 약정(1~2년) 전환 유도 및 결합 쿠폰 제공
2720-WGKHP,Month-to-month,Fiber optic,0.008031,94.0,0.916066,장기 약정(1~2년) 전환 유도 및 결합 쿠폰 제공
7024-OHCCK,Month-to-month,Fiber optic,0.011734,93.85,0.915768,장기 약정(1~2년) 전환 유도 및 결합 쿠폰 제공
1415-YFWLT,Month-to-month,Fiber optic,0.007558,89.3,0.915614,장기 약정(1~2년) 전환 유도 및 결합 쿠폰 제공
3158-MOERK,Month-to-month,Fiber optic,0.010074,96.0,0.915572,장기 약정(1~2년) 전환 유도 및 결합 쿠폰 제공
5419-JPRRN,Month-to-month,Fiber optic,0.011795,101.45,0.915425,장기 약정(1~2년) 전환 유도 및 결합 쿠폰 제공
0107-YHINA,Month-to-month,Fiber optic,0.017681,99.75,0.91513,장기 약정(1~2년) 전환 유도 및 결합 쿠폰 제공
4826-XTSOH,Month-to-month,Fiber optic,0.020899,86.05,0.915001,장기 약정(1~2년) 전환 유도 및 결합 쿠폰 제공
5960-WPXQM,Month-to-month,Fiber optic,0.014033,79.05,0.913238,장기 약정(1~2년) 전환 유도 및 결합 쿠폰 제공
5597-GLBUC,Month-to-month,Fiber optic,0.020587,85.45,0.912759,장기 약정(1~2년) 전환 유도 및 결합 쿠폰 제공
3722-WPXTK,Month-to-month,Fiber optic,0.015527,88.35,0.912572,장기 약정(1~2년) 전환 유도 및 결합 쿠폰 제공
3988-RQIXO,Month-to-month,Fiber optic,0.006264,91.3,0.91257,장기 약정(1~2년) 전환 유도 및 결합 쿠폰 제공
0970-ETWGE,Month-to-month,Fiber optic,0.027143,89.55,0.91221,장기 약정(1~2년) 전환 유도 및 결합 쿠폰 제공
7439-DKZTW,Month-to-month,Fiber optic,0.006425,80.55,0.912009,장기 약정(1~2년) 전환 유도 및 결합 쿠폰 제공
9300-RENDD,Month-to-month,Fiber optic,0.007757,79.95,0.912009,장기 약정(1~2년) 전환 유도 및 결합 쿠폰 제공
5192-EBGOV,Month-to-month,Fiber optic,0.006053,85.7,0.910379,장기 약정(1~2년) 전환 유도 및 결합 쿠폰 제공
9300-AGZNL,Month-to-month,Fiber optic,0.027805,94.0,0.910327,장기 약정(1~2년) 전환 유도 및 결합 쿠폰 제공
2725-KXXWT,Month-to-month,Fiber optic,0.011743,90.75,0.909723,장기 약정(1~2년) 전환 유도 및 결합 쿠폰 제공
5277-ZLOOR,Month-to-month,Fiber optic,0.010244,85.55,0.909379,장기 약정(1~2년) 전환 유도 및 결합 쿠폰 제공
3027-ZTDHO,Month-to-month,Fiber optic,0.026948,89.9,0.908341,장기 약정(1~2년) 전환 유도 및 결합 쿠폰 제공
4910-GMJOT,Month-to-month,Fiber optic,0.005137,94.6,0.90712,장기 약정(1~2년) 전환 유도 및 결합 쿠폰 제공
2868-MZAGQ,Month-to-month,Fiber optic,0.013049,79.25,0.907091,장기 약정(1~2년) 전환 유도 및 결합 쿠폰 제공
2609-IAICY,Month-to-month,Fiber optic,0.013024,77.15,0.906136,장기 약정(1~2년) 전환 유도 및 결합 쿠폰 제공
7851-WZEKY,Month-to-month,Fiber optic,0.01017,95.15,0.906065,장기 약정(1~2년) 전환 유도 및 결합 쿠폰 제공
0295-PPHDO,Month-to-month,Fiber optic,0.012243,95.45,0.905998,장기 약정(1~2년) 전환 유도 및 결합 쿠폰 제공
9497-QCMMS,Month-to-month,Fiber optic,0.010736,93.55,0.905998,장기 약정(1~2년) 전환 유도 및 결합 쿠폰 제공
9282-IZGQK,Month-to-month,Fiber optic,0.009602,85.0,0.905985,장기 약정(1~2년) 전환 유도 및 결합 쿠폰 제공
1143-NMNQJ,Month-to-month,Fiber optic,0.010066,85.7,0.905636,장기 약정(1~2년) 전환 유도 및 결합 쿠폰 제공
4424-TKOPW,Month-to-month,Fiber optic,0.01596,93.85,0.905098,장기 약정(1~2년) 전환 유도 및 결합 쿠폰 제공
8884-ADFVN,Month-to-month,Fiber optic,0.012167,101.95,0.904243,장기 약정(1~2년) 전환 유도 및 결합 쿠폰 제공
3049-SOLAY,Month-to-month,Fiber optic,0.010265,95.2,0.904025,장기 약정(1~2년) 전환 유도 및 결합 쿠폰 제공
7594-RQHXR,Month-to-month,Fiber optic,0.009359,79.6,0.903436,장기 약정(1~2년) 전환 유도 및 결합 쿠폰 제공
1455-ESIQH,Month-to-month,Fiber optic,0.008233,89.1,0.903428,장기 약정(1~2년) 전환 유도 및 결합 쿠폰 제공
2514-GINMM,Month-to-month,Fiber optic,0.00668,79.5,0.90323,장기 약정(1~2년) 전환 유도 및 결합 쿠폰 제공
6861-XWTWQ,Month-to-month,Fiber optic,0.011323,99.25,0.903019,장기 약정(1~2년) 전환 유도 및 결합 쿠폰 제공
4695-WJZUE,Month-to-month,Fiber optic,0.007836,88.55,0.902991,장기 약정(1~2년) 전환 유도 및 결합 쿠폰 제공
9546-CQJSU,Month-to-month,Fiber optic,0.012272,91.4,0.902685,장기 약정(1~2년) 전환 유도 및 결합 쿠폰 제공
1304-NECVQ,Month-to-month,Fiber optic,0.006005,78.55,0.902306,장기 약정(1~2년) 전환 유도 및 결합 쿠폰 제공
0318-QUUOB,Month-to-month,Fiber optic,0.009844,80.55,0.90171,장기 약정(1~2년) 전환 유도 및 결합 쿠폰 제공
1363-TXLSL,Month-to-month,Fiber optic,0.013963,70.3,0.899656,장기 약정(1~2년) 전환 유도 및 결합 쿠폰 제공
9725-SCPZG,Month-to-month,Fiber optic,0.011784,90.85,0.89952,장기 약정(1~2년) 전환 유도 및 결합 쿠폰 제공
1374-DMZUI,Month-to-month,Fiber optic,0.00612,94.3,0.899254,장기 약정(1~2년) 전환 유도 및 결합 쿠폰 제공
5567-WSELE,Month-to-month,Fiber optic,0.01389,94.6,0.899186,장기 약정(1~2년) 전환 유도 및 결합 쿠폰 제공
6457-USBER,Month-to-month,Fiber optic,0.031277,80.8,0.89892,장기 약정(1~2년) 전환 유도 및 결합 쿠폰 제공
4927-WWOOZ,Month-to-month,Fiber optic,0.010346,91.45,0.898466,장기 약정(1~2년) 전환 유도 및 결합 쿠폰 제공
7493-TPUWZ,Month-to-month,Fiber optic,0.014298,79.15,0.898348,장기 약정(1~2년) 전환 유도 및 결합 쿠폰 제공
7206-GZCDC,Month-to-month,Fiber optic,0.01288,69.25,0.898255,장기 약정(1~2년) 전환 유도 및 결합 쿠폰 제공
7409-KIUTL,Month-to-month,Fiber optic,0.012744,71.0,0.898255,장기 약정(1~2년) 전환 유도 및 결합 쿠폰 제공
8051-HJRLT,Month-to-month,Fiber optic,0.010959,70.55,0.898255,장기 약정(1~2년) 전환 유도 및 결합 쿠폰 제공
1846-XWOQN,Month-to-month,Fiber optic,0.008213,70.15,0.898255,장기 약정(1~2년) 전환 유도 및 결합 쿠폰 제공
2636-ALXXZ,Month-to-month,Fiber optic,0.00805,69.6,0.898255,장기 약정(1~2년) 전환 유도 및 결합 쿠폰 제공
0723-DRCLG,Month-to-month,Fiber optic,0.012384,74.45,0.898151,장기 약정(1~2년) 전환 유도 및 결합 쿠폰 제공
1455-UGQVH,Month-to-month,Fiber optic,0.010311,98.5,0.897722,장기 약정(1~2년) 전환 유도 및 결합 쿠폰 제공
0196-VULGZ,Month-to-month,Fiber optic,0.006888,84.35,0.897668,장기 약정(1~2년) 전환 유도 및 결합 쿠폰 제공
0259-GBZSH,Month-to-month,Fiber optic,0.009772,85.65,0.897345,장기 약정(1~2년) 전환 유도 및 결합 쿠폰 제공
2004-OCQXK,Month-to-month,Fiber optic,0.015142,81.95,0.897336,장기 약정(1~2년) 전환 유도 및 결합 쿠폰 제공
0495-RVCBF,Month-to-month,Fiber optic,0.010216,79.7,0.897336,장기 약정(1~2년) 전환 유도 및 결합 쿠폰 제공
2202-CUYXZ,Month-to-month,Fiber optic,0.004749,84.85,0.896919,장기 약정(1~2년) 전환 유도 및 결합 쿠폰 제공
8058-INTPH,Month-to-month,Fiber optic,0.008994,79.65,0.896802,장기 약정(1~2년) 전환 유도 및 결합 쿠폰 제공
1853-UDXBW,Month-to-month,Fiber optic,0.010667,70.0,0.896646,장기 약정(1~2년) 전환 유도 및 결합 쿠폰 제공
3422-LYEPQ,Month-to-month,Fiber optic,0.00879,71.0,0.896646,장기 약정(1~2년) 전환 유도 및 결합 쿠폰 제공
4952-YSOGZ,Month-to-month,Fiber optic,0.012877,85.95,0.896378,장기 약정(1~2년) 전환 유도 및 결합 쿠폰 제공
4806-HIPDW,Month-to-month,Fiber optic,0.009491,68.95,0.896288,장기 약정(1~2년) 전환 유도 및 결합 쿠폰 제공
3727-RJMEO,Month-to-month,Fiber optic,0.010014,82.85,0.896278,장기 약정(1~2년) 전환 유도 및 결합 쿠폰 제공
6474-FVJLC,Month-to-month,Fiber optic,0.009428,86.0,0.896204,장기 약정(1~2년) 전환 유도 및 결합 쿠폰 제공
6996-KNSML,Month-to-month,Fiber optic,0.008812,74.9,0.896084,장기 약정(1~2년) 전환 유도 및 결합 쿠폰 제공
5383-MMTWC,Month-to-month,Fiber optic,0.007485,84.0,0.895943,장기 약정(1~2년) 전환 유도 및 결합 쿠폰 제공
8380-PEFPE,Month-to-month,Fiber optic,0.008178,71.65,0.89557,장기 약정(1~2년) 전환 유도 및 결합 쿠폰 제공
4603-JANFB,Month-to-month,Fiber optic,0.011802,69.85,0.89557,장기 약정(1~2년) 전환 유도 및 결합 쿠폰 제공
5542-TBBWB,Month-to-month,Fiber optic,0.011745,69.9,0.89557,장기 약정(1~2년) 전환 유도 및 결합 쿠폰 제공
6023-YEBUP,Month-to-month,Fiber optic,0.017817,100.95,0.895242,장기 약정(1~2년) 전환 유도 및 결합 쿠폰 제공
0488-GSLFR,Month-to-month,Fiber optic,0.015172,69.5,0.895208,장기 약정(1~2년) 전환 유도 및 결합 쿠폰 제공
0328-GRPMV,Month-to-month,Fiber optic,0.010972,70.1,0.895208,장기 약정(1~2년) 전환 유도 및 결합 쿠폰 제공
4702-IOQDC,Month-to-month,Fiber optic,0.012792,70.1,0.895208,장기 약정(1~2년) 전환 유도 및 결합 쿠폰 제공
7665-TOALD,Month-to-month,Fiber optic,0.012722,69.6,0.895208,장기 약정(1~2년) 전환 유도 및 결합 쿠폰 제공
9728-FTTVZ,Month-to-month,Fiber optic,0.00873,69.2,0.895208,장기 약정(1~2년) 전환 유도 및 결합 쿠폰 제공
1031-IIDEO,Month-to-month,Fiber optic,0.008898,70.85,0.895208,장기 약정(1~2년) 전환 유도 및 결합 쿠폰 제공
5240-IJOQT,Month-to-month,Fiber optic,0.00913,74.7,0.89518,장기 약정(1~2년) 전환 유도 및 결합 쿠폰 제공
9681-OXGVC,Month-to-month,Fiber optic,0.028412,100.5,0.895162,장기 약정(1~2년) 전환 유도 및 결합 쿠폰 제공
2656-TABEH,Month-to-month,Fiber optic,0.010533,100.2,0.89492,장기 약정(1~2년) 전환 유도 및 결합 쿠폰 제공
3494-JCHRQ,Month-to-month,Fiber optic,0.011266,70.05,0.894919,장기 약정(1~2년) 전환 유도 및 결합 쿠폰 제공
9787-XVQIU,Month-to-month,Fiber optic,0.017825,75.3,0.894887,장기 약정(1~2년) 전환 유도 및 결합 쿠폰 제공
0637-KVDLV,Month-to-month,Fiber optic,0.007845,76.5,0.894561,장기 약정(1~2년) 전환 유도 및 결합 쿠폰 제공
6108-OQZDQ,Month-to-month,Fiber optic,0.007153,97.95,0.894502,장기 약정(1~2년) 전환 유도 및 결합 쿠폰 제공
6230-BSUXY,Month-to-month,Fiber optic,0.013555,85.0,0.894368,장기 약정(1~2년) 전환 유도 및 결합 쿠폰 제공
5150-ITWWB,Month-to-month,Fiber optic,0.016192,94.85,0.894175,장기 약정(1~2년) 전환 유도 및 결합 쿠폰 제공
8372-JUXUI,Month-to-month,Fiber optic,0.016467,74.35,0.89404,장기 약정(1~2년) 전환 유도 및 결합 쿠폰 제공
9957-YODKZ,Month-to-month,Fiber optic,0.021082,80.8,0.893065,장기 약정(1~2년) 전환 유도 및 결합 쿠폰 제공
2545-EBUPK,Month-to-month,Fiber optic,0.007469,84.05,0.892957,장기 약정(1~2년) 전환 유도 및 결합 쿠폰 제공
0742-NXBGR,Month-to-month,Fiber optic,0.021426,82.3,0.892676,장기 약정(1~2년) 전환 유도 및 결합 쿠폰 제공
4587-VVTOX,Month-to-month,Fiber optic,0.018224,105.3,0.892259,장기 약정(1~2년) 전환 유도 및 결합 쿠폰 제공
8098-LLAZX,Month-to-month,Fiber optic,0.022695,95.45,0.891537,장기 약정(1~2년) 전환 유도 및 결합 쿠폰 제공
7943-RQCHR,Month-to-month,Fiber optic,0.015291,94.75,0.891521,장기 약정(1~2년) 전환 유도 및 결합 쿠폰 제공
9248-OJYKK,Month-to-month,Fiber optic,0.017402,76.45,0.89093,장기 약정(1~2년) 전환 유도 및 결합 쿠폰 제공
5539-TMZLF,Month-to-month,Fiber optic,0.010148,69.75,0.890317,장기 약정(1~2년) 전환 유도 및 결합 쿠폰 제공
9488-HGMJH,Month-to-month,Fiber optic,0.005238,71.15,0.889198,장기 약정(1~2년) 전환 유도 및 결합 쿠폰 제공
7274-RTAPZ,Month-to-month,Fiber optic,0.015173,90.55,0.889139,장기 약정(1~2년) 전환 유도 및 결합 쿠폰 제공
7249-WBIYX,Month-to-month,Fiber optic,0.011896,85.6,0.888879,장기 약정(1~2년) 전환 유도 및 결합 쿠폰 제공
8000-REIQB,Month-to-month,Fiber optic,0.007388,69.95,0.888315,장기 약정(1~2년) 전환 유도 및 결합 쿠폰 제공
7180-PISOG,Month-to-month,Fiber optic,0.009455,74.5,0.888025,장기 약정(1~2년) 전환 유도 및 결합 쿠폰 제공
6496-SLWHQ,Month-to-month,Fiber optic,0.005841,105.0,0.888013,장기 약정(1~2년) 전환 유도 및 결합 쿠폰 제공
6630-UJZMY,Month-to-month,Fiber optic,0.004757,83.25,0.888003,장기 약정(1~2년) 전환 유도 및 결합 쿠폰 제공
9965-YOKZB,Month-to-month,Fiber optic,0.010936,83.85,0.887689,장기 약정(1~2년) 전환 유도 및 결합 쿠폰 제공
2012-NWRPA,Month-to-month,Fiber optic,0.013755,99.55,0.887639,장기 약정(1~2년) 전환 유도 및 결합 쿠폰 제공
4614-NUVZD,Month-to-month,Fiber optic,0.007015,81.1,0.887239,장기 약정(1~2년) 전환 유도 및 결합 쿠폰 제공
4871-JTKJF,Month-to-month,Fiber optic,0.013576,69.65,0.887198,장기 약정(1~2년) 전환 유도 및 결합 쿠폰 제공
6502-MJQAE,Month-to-month,Fiber optic,0.008948,69.6,0.887062,장기 약정(1~2년) 전환 유도 및 결합 쿠폰 제공
3428-XZMAZ,Month-to-month,Fiber optic,0.008734,69.35,0.887062,장기 약정(1~2년) 전환 유도 및 결합 쿠폰 제공
7254-IQWOZ,Month-to-month,Fiber optic,0.011531,69.65,0.887062,장기 약정(1~2년) 전환 유도 및 결합 쿠폰 제공
6457-GIRWB,Month-to-month,Fiber optic,0.007926,69.35,0.887062,장기 약정(1~2년) 전환 유도 및 결합 쿠폰 제공
4510-HIMLV,Month-to-month,Fiber optic,0.008034,69.8,0.887062,장기 약정(1~2년) 전환 유도 및 결합 쿠폰 제공
8062-YBDOE,Month-to-month,Fiber optic,0.007245,69.65,0.887014,장기 약정(1~2년) 전환 유도 및 결합 쿠폰 제공
1157-BQCUW,Month-to-month,Fiber optic,0.011788,74.95,0.88687,장기 약정(1~2년) 전환 유도 및 결합 쿠폰 제공
6358-LYNGM,Month-to-month,Fiber optic,0.013319,74.9,0.88687,장기 약정(1~2년) 전환 유도 및 결합 쿠폰 제공
1452-VOQCH,Month-to-month,Fiber optic,0.015318,75.1,0.88687,장기 약정(1~2년) 전환 유도 및 결합 쿠폰 제공
9804-ICWBG,Month-to-month,Fiber optic,0.004421,69.9,0.886838,장기 약정(1~2년) 전환 유도 및 결합 쿠폰 제공
5550-VFRLC,Month-to-month,Fiber optic,0.005677,69.85,0.886776,장기 약정(1~2년) 전환 유도 및 결합 쿠폰 제공
2462-XIIJB,Month-to-month,Fiber optic,0.026779,92.5,0.886542,장기 약정(1~2년) 전환 유도 및 결합 쿠폰 제공
1273-MTETI,Month-to-month,Fiber optic,0.008715,88.85,0.886505,장기 약정(1~2년) 전환 유도 및 결합 쿠폰 제공
0754-UKWQP,Month-to-month,Fiber optic,0.008621,95.85,0.886043,장기 약정(1~2년) 전환 유도 및 결합 쿠폰 제공
4912-PIGUY,Month-to-month,Fiber optic,0.010998,84.6,0.886014,장기 약정(1~2년) 전환 유도 및 결합 쿠폰 제공
2865-TCHJW,Month-to-month,Fiber optic,0.007715,89.2,0.886005,장기 약정(1~2년) 전환 유도 및 결합 쿠폰 제공
4750-ZRXIU,Month-to-month,Fiber optic,0.006586,84.6,0.885797,장기 약정(1~2년) 전환 유도 및 결합 쿠폰 제공
7488-MXJIV,Month-to-month,Fiber optic,0.01599,85.65,0.885546,장기 약정(1~2년) 전환 유도 및 결합 쿠폰 제공
7779-LGOVN,Month-to-month,Fiber optic,0.020251,86.65,0.88507,장기 약정(1~2년) 전환 유도 및 결합 쿠폰 제공
4988-IQIGL,Month-to-month,Fiber optic,0.010046,75.35,0.884728,장기 약정(1~2년) 전환 유도 및 결합 쿠폰 제공
4626-GYCZP,Month-to-month,Fiber optic,0.015673,93.85,0.884722,장기 약정(1~2년) 전환 유도 및 결합 쿠폰 제공
2660-EMUBI,Month-to-month,Fiber optic,0.015685,95.35,0.884722,장기 약정(1~2년) 전환 유도 및 결합 쿠폰 제공
0564-JJHGS,Month-to-month,Fiber optic,0.013352,95.5,0.884722,장기 약정(1~2년) 전환 유도 및 결합 쿠폰 제공
8972-HJWNV,Month-to-month,Fiber optic,0.019326,84.55,0.884685,장기 약정(1~2년) 전환 유도 및 결합 쿠폰 제공
5834-ASPWA,Month-to-month,Fiber optic,0.005975,75.45,0.883631,장기 약정(1~2년) 전환 유도 및 결합 쿠폰 제공
3198-VELRD,Month-to-month,Fiber optic,0.006958,84.75,0.883291,장기 약정(1~2년) 전환 유도 및 결합 쿠폰 제공
8258-GSTJK,Month-to-month,Fiber optic,0.007649,77.0,0.883051,장기 약정(1~2년) 전환 유도 및 결합 쿠폰 제공
0021-IKXGC,Month-to-month,Fiber optic,0.007194,72.1,0.882638,장기 약정(1~2년) 전환 유도 및 결합 쿠폰 제공
5835-BEQEU,Month-to-month,Fiber optic,0.013812,76.95,0.882258,장기 약정(1~2년) 전환 유도 및 결합 쿠폰 제공
6892-EZDTG,Month-to-month,Fiber optic,0.015729,91.65,0.88203,장기 약정(1~2년) 전환 유도 및 결합 쿠폰 제공
7577-SWIFR,Month-to-month,Fiber optic,0.012008,89.25,0.881756,장기 약정(1~2년) 전환 유도 및 결합 쿠폰 제공
1400-MMYXY,Month-to-month,Fiber optic,0.014254,105.9,0.881654,장기 약정(1~2년) 전환 유도 및 결합 쿠폰 제공
8382-SHQEH,Month-to-month,Fiber optic,0.007111,84.9,0.881493,장기 약정(1~2년) 전환 유도 및 결합 쿠폰 제공
6567-HOOPW,Month-to-month,Fiber optic,0.006806,79.2,0.88086,장기 약정(1~2년) 전환 유도 및 결합 쿠폰 제공
3006-XIMLN,Month-to-month,Fiber optic,0.015223,94.2,0.880595,장기 약정(1~2년) 전환 유도 및 결합 쿠폰 제공
4951-UKAAQ,Month-to-month,Fiber optic,0.014468,88.95,0.880295,장기 약정(1~2년) 전환 유도 및 결합 쿠폰 제공
2506-TNFCO,Month-to-month,Fiber optic,0.008753,69.55,0.880119,장기 약정(1~2년) 전환 유도 및 결합 쿠폰 제공
4795-KTRTH,Month-to-month,Fiber optic,0.009242,81.0,0.880113,장기 약정(1~2년) 전환 유도 및 결합 쿠폰 제공
8816-VXNZD,Month-to-month,Fiber optic,0.006699,75.1,0.880048,장기 약정(1~2년) 전환 유도 및 결합 쿠폰 제공
8644-XLFBW,Month-to-month,Fiber optic,0.00703,71.65,0.879838,장기 약정(1~2년) 전환 유도 및 결합 쿠폰 제공
0781-LKXBR,Month-to-month,Fiber optic,0.019957,100.5,0.879726,장기 약정(1~2년) 전환 유도 및 결합 쿠폰 제공
0897-FEGMU,Month-to-month,Fiber optic,0.011537,99.5,0.879523,장기 약정(1~2년) 전환 유도 및 결합 쿠폰 제공
0195-IESCP,Month-to-month,Fiber optic,0.015916,85.25,0.879396,장기 약정(1~2년) 전환 유도 및 결합 쿠폰 제공
8775-LHDJH,Month-to-month,Fiber optic,0.007633,90.6,0.879097,장기 약정(1~2년) 전환 유도 및 결합 쿠폰 제공
8337-UPOAQ,Month-to-month,Fiber optic,0.01395,89.8,0.879096,장기 약정(1~2년) 전환 유도 및 결합 쿠폰 제공
2982-VPSGI,Month-to-month,Fiber optic,0.00887,94.0,0.878752,장기 약정(1~2년) 전환 유도 및 결합 쿠폰 제공
7817-BOQPW,Month-to-month,Fiber optic,0.021096,75.55,0.87835,장기 약정(1~2년) 전환 유도 및 결합 쿠폰 제공
8161-QYMTT,Month-to-month,Fiber optic,0.013851,94.1,0.878188,장기 약정(1~2년) 전환 유도 및 결합 쿠폰 제공
4548-SDBKE,Month-to-month,Fiber optic,0.009814,85.2,0.878028,장기 약정(1~2년) 전환 유도 및 결합 쿠폰 제공
6979-ZNSFF,Month-to-month,Fiber optic,0.011463,87.05,0.877992,장기 약정(1~2년) 전환 유도 및 결합 쿠폰 제공
1820-TQVEV,Month-to-month,Fiber optic,0.013381,69.55,0.877752,장기 약정(1~2년) 전환 유도 및 결합 쿠폰 제공
6688-UZPWD,Month-to-month,Fiber optic,0.017078,102.0,0.877675,장기 약정(1~2년) 전환 유도 및 결합 쿠폰 제공
1618-CFHME,Month-to-month,Fiber optic,0.010411,75.9,0.877672,장기 약정(1~2년) 전환 유도 및 결합 쿠폰 제공
2968-SSGAA,Month-to-month,Fiber optic,0.007226,100.6,0.877671,장기 약정(1~2년) 전환 유도 및 결합 쿠폰 제공
8473-VUVJN,Month-to-month,Fiber optic,0.010367,73.65,0.877644,장기 약정(1~2년) 전환 유도 및 결합 쿠폰 제공
9451-LPGOO,Month-to-month,Fiber optic,0.018156,86.8,0.877591,장기 약정(1~2년) 전환 유도 및 결합 쿠폰 제공
2205-YMZZJ,Month-to-month,Fiber optic,0.01526,84.8,0.877351,장기 약정(1~2년) 전환 유도 및 결합 쿠폰 제공
6653-CBBOM,Month-to-month,Fiber optic,0.011566,70.3,0.877173,장기 약정(1~2년) 전환 유도 및 결합 쿠폰 제공
7508-MYBOG,Month-to-month,Fiber optic,0.010799,86.1,0.876833,장기 약정(1~2년) 전환 유도 및 결합 쿠폰 제공
5196-SGOAK,Month-to-month,Fiber optic,0.014576,75.7,0.876789,장기 약정(1~2년) 전환 유도 및 결합 쿠폰 제공
0702-PGIBZ,Month-to-month,Fiber optic,0.01274,101.7,0.876645,장기 약정(1~2년) 전환 유도 및 결합 쿠폰 제공
8593-WHYHV,Month-to-month,Fiber optic,0.014283,85.3,0.876498,장기 약정(1~2년) 전환 유도 및 결합 쿠폰 제공
4529-CKBCL,Month-to-month,Fiber optic,0.010927,80.2,0.876383,장기 약정(1~2년) 전환 유도 및 결합 쿠폰 제공
1981-INRFU,Month-to-month,Fiber optic,0.012287,79.75,0.876383,장기 약정(1~2년) 전환 유도 및 결합 쿠폰 제공
9061-TIHDA,Month-to-month,Fiber optic,0.009115,95.25,0.876149,장기 약정(1~2년) 전환 유도 및 결합 쿠폰 제공
3793-MMFUH,Month-to-month,Fiber optic,0.009868,95.05,0.876095,장기 약정(1~2년) 전환 유도 및 결합 쿠폰 제공
8808-ELEHO,Month-to-month,Fiber optic,0.010063,81.25,0.875934,장기 약정(1~2년) 전환 유도 및 결합 쿠폰 제공
9603-OAIHC,Month-to-month,Fiber optic,0.007017,70.05,0.875861,장기 약정(1~2년) 전환 유도 및 결합 쿠폰 제공
1925-TIBLE,Month-to-month,Fiber optic,0.006084,86.5,0.875388,장기 약정(1~2년) 전환 유도 및 결합 쿠폰 제공
1447-GIQMR,Month-to-month,Fiber optic,0.012257,69.15,0.875185,장기 약정(1~2년) 전환 유도 및 결합 쿠폰 제공
1579-KLYDT,Month-to-month,Fiber optic,0.014293,90.45,0.874863,장기 약정(1~2년) 전환 유도 및 결합 쿠폰 제공
4822-RVYBB,Month-to-month,Fiber optic,0.024082,100.6,0.874362,장기 약정(1~2년) 전환 유도 및 결합 쿠폰 제공
3902-FOIGH,Month-to-month,Fiber optic,0.027648,101.35,0.874226,장기 약정(1~2년) 전환 유도 및 결합 쿠폰 제공
7465-ZZRVX,Month-to-month,Fiber optic,0.01047,70.35,0.874064,장기 약정(1~2년) 전환 유도 및 결합 쿠폰 제공
3621-CEOVK,Month-to-month,Fiber optic,0.019693,100.2,0.873801,장기 약정(1~2년) 전환 유도 및 결합 쿠폰 제공
3878-AVSOQ,Month-to-month,Fiber optic,0.005807,71.25,0.87375,장기 약정(1~2년) 전환 유도 및 결합 쿠폰 제공
5376-DEQCP,Month-to-month,Fiber optic,0.013695,70.6,0.873638,장기 약정(1~2년) 전환 유도 및 결합 쿠폰 제공
2642-DTVCO,Month-to-month,Fiber optic,0.014057,85.05,0.873525,장기 약정(1~2년) 전환 유도 및 결합 쿠폰 제공
7660-HDPJV,Month-to-month,Fiber optic,0.009845,69.2,0.873491,장기 약정(1~2년) 전환 유도 및 결합 쿠폰 제공
2034-GDRCN,Month-to-month,Fiber optic,0.008573,90.4,0.873283,장기 약정(1~2년) 전환 유도 및 결합 쿠폰 제공
7120-RFMVS,Month-to-month,Fiber optic,0.013541,84.5,0.873209,장기 약정(1~2년) 전환 유도 및 결합 쿠폰 제공
4274-OWWYO,Month-to-month,Fiber optic,0.009902,74.35,0.873194,장기 약정(1~2년) 전환 유도 및 결합 쿠폰 제공
8931-GJJIQ,Month-to-month,Fiber optic,0.005077,83.3,0.872769,장기 약정(1~2년) 전환 유도 및 결합 쿠폰 제공
1569-TTNYJ,Month-to-month,Fiber optic,0.008502,78.75,0.872655,장기 약정(1~2년) 전환 유도 및 결합 쿠폰 제공
4234-XTNEA,Month-to-month,Fiber optic,0.007075,79.95,0.872504,장기 약정(1~2년) 전환 유도 및 결합 쿠폰 제공
0334-GDDSO,Month-to-month,Fiber optic,0.022441,81.35,0.871918,장기 약정(1~2년) 전환 유도 및 결합 쿠폰 제공
0697-ZMSWS,Month-to-month,Fiber optic,0.017404,85.65,0.871614,장기 약정(1~2년) 전환 유도 및 결합 쿠폰 제공
2215-ZAFGX,Month-to-month,Fiber optic,0.011045,85.5,0.871565,장기 약정(1~2년) 전환 유도 및 결합 쿠폰 제공
0220-EBGCE,Month-to-month,Fiber optic,0.014122,85.85,0.871114,장기 약정(1~2년) 전환 유도 및 결합 쿠폰 제공
1628-BIZYP,Month-to-month,Fiber optic,0.007172,85.0,0.870828,장기 약정(1~2년) 전환 유도 및 결합 쿠폰 제공
2446-PLQVO,Month-to-month,Fiber optic,0.006021,70.3,0.870511,장기 약정(1~2년) 전환 유도 및 결합 쿠폰 제공
0680-DFNNY,Month-to-month,Fiber optic,0.01106,101.1,0.870115,장기 약정(1~2년) 전환 유도 및 결합 쿠폰 제공
7314-OXENN,Month-to-month,Fiber optic,0.014989,82.0,0.869964,장기 약정(1~2년) 전환 유도 및 결합 쿠폰 제공
7330-WZLNC,Month-to-month,Fiber optic,0.01649,90.8,0.869447,장기 약정(1~2년) 전환 유도 및 결합 쿠폰 제공
2691-NZETQ,Month-to-month,Fiber optic,0.006419,85.35,0.868739,장기 약정(1~2년) 전환 유도 및 결합 쿠폰 제공
2845-HSJCY,Month-to-month,Fiber optic,0.024326,87.25,0.868682,장기 약정(1~2년) 전환 유도 및 결합 쿠폰 제공
9223-UCPVT,Month-to-month,Fiber optic,0.016637,94.4,0.868359,장기 약정(1~2년) 전환 유도 및 결합 쿠폰 제공
4192-GORJT,Month-to-month,Fiber optic,0.005153,94.45,0.868319,장기 약정(1~2년) 전환 유도 및 결합 쿠폰 제공
2454-RPBRZ,Month-to-month,Fiber optic,0.014479,98.1,0.86822,장기 약정(1~2년) 전환 유도 및 결합 쿠폰 제공
5519-NPHVG,Month-to-month,Fiber optic,0.027632,94.2,0.86803,장기 약정(1~2년) 전환 유도 및 결합 쿠폰 제공
9134-CEQMF,Month-to-month,Fiber optic,0.017405,89.5,0.86799,장기 약정(1~2년) 전환 유도 및 결합 쿠폰 제공
5229-PRWKT,Month-to-month,Fiber optic,0.01234,86.55,0.867886,장기 약정(1~2년) 전환 유도 및 결합 쿠폰 제공
7235-NXZCP,Month-to-month,Fiber optic,0.017377,74.85,0.867472,장기 약정(1~2년) 전환 유도 및 결합 쿠폰 제공
8779-QRDMV,Month-to-month,DSL,0.007,39.65,0.867219,장기 약정(1~2년) 전환 유도
9897-KXHCM,Month-to-month,Fiber optic,0.010068,80.3,0.867175,장기 약정(1~2년) 전환 유도 및 결합 쿠폰 제공
9878-TNQGW,Month-to-month,Fiber optic,0.009466,80.95,0.866948,장기 약정(1~2년) 전환 유도 및 결합 쿠폰 제공
3178-FESZO,Month-to-month,Fiber optic,0.00798,100.25,0.866505,장기 약정(1~2년) 전환 유도 및 결합 쿠폰 제공
7613-LLQFO,Month-to-month,Fiber optic,0.010778,84.45,0.866452,장기 약정(1~2년) 전환 유도 및 결합 쿠폰 제공
1624-NALOJ,Month-to-month,Fiber optic,0.011518,89.8,0.866237,장기 약정(1~2년) 전환 유도 및 결합 쿠폰 제공
4086-YQSNZ,Month-to-month,Fiber optic,0.013584,80.4,0.866094,장기 약정(1~2년) 전환 유도 및 결합 쿠폰 제공
9940-RHLFB,Month-to-month,Fiber optic,0.007391,75.3,0.865899,장기 약정(1~2년) 전환 유도 및 결합 쿠폰 제공
8740-CRYFY,Month-to-month,Fiber optic,0.014162,78.95,0.865298,장기 약정(1~2년) 전환 유도 및 결합 쿠폰 제공
1833-VGRUM,Month-to-month,Fiber optic,0.011215,74.2,0.865256,장기 약정(1~2년) 전환 유도 및 결합 쿠폰 제공
9605-WGJVW,Month-to-month,Fiber optic,0.011151,70.2,0.865098,장기 약정(1~2년) 전환 유도 및 결합 쿠폰 제공
9185-TQCVP,Month-to-month,Fiber optic,0.007126,85.15,0.864767,장기 약정(1~2년) 전환 유도 및 결합 쿠폰 제공
2880-FPNAE,Month-to-month,Fiber optic,0.014156,74.2,0.864586,장기 약정(1~2년) 전환 유도 및 결합 쿠폰 제공
1320-HTRDR,Month-to-month,Fiber optic,0.019277,75.5,0.864442,장기 약정(1~2년) 전환 유도 및 결합 쿠폰 제공
3716-BDVDB,Month-to-month,Fiber optic,0.004032,69.1,0.86405,장기 약정(1~2년) 전환 유도 및 결합 쿠폰 제공
5875-YPQFJ,Month-to-month,Fiber optic,0.003814,69.9,0.863839,장기 약정(1~2년) 전환 유도 및 결합 쿠폰 제공
5054-IEXZT,Month-to-month,Fiber optic,0.017916,75.35,0.863737,장기 약정(1~2년) 전환 유도 및 결합 쿠폰 제공
1448-PWKYE,Month-to-month,Fiber optic,0.013421,80.0,0.863689,장기 약정(1~2년) 전환 유도 및 결합 쿠폰 제공
1977-STDKI,Month-to-month,Fiber optic,0.006342,73.0,0.863402,장기 약정(1~2년) 전환 유도 및 결합 쿠폰 제공
2867-UIMSS,Month-to-month,Fiber optic,0.018087,80.5,0.863318,장기 약정(1~2년) 전환 유도 및 결합 쿠폰 제공
9399-APLBT,Month-to-month,Fiber optic,0.007713,74.7,0.86331,장기 약정(1~2년) 전환 유도 및 결합 쿠폰 제공
7074-IEVOJ,Month-to-month,Fiber optic,0.010216,79.4,0.863268,장기 약정(1~2년) 전환 유도 및 결합 쿠폰 제공
2959-MJHIC,Month-to-month,Fiber optic,0.016389,80.35,0.863084,장기 약정(1~2년) 전환 유도 및 결합 쿠폰 제공
4415-IJZTP,Month-to-month,Fiber optic,0.009458,74.5,0.862994,장기 약정(1~2년) 전환 유도 및 결합 쿠폰 제공
4844-JJWUY,Month-to-month,Fiber optic,0.007739,86.0,0.862769,장기 약정(1~2년) 전환 유도 및 결합 쿠폰 제공
8780-IXSTS,Month-to-month,Fiber optic,0.010298,90.1,0.862757,장기 약정(1~2년) 전환 유도 및 결합 쿠폰 제공
9507-EXLTT,Month-to-month,Fiber optic,0.011165,79.35,0.862526,장기 약정(1~2년) 전환 유도 및 결합 쿠폰 제공
6357-JJPQT,Month-to-month,Fiber optic,0.011758,80.5,0.862286,장기 약정(1~2년) 전환 유도 및 결합 쿠폰 제공
6960-HVYXR,Month-to-month,Fiber optic,0.009517,76.0,0.861776,장기 약정(1~2년) 전환 유도 및 결합 쿠폰 제공
8821-XNHVZ,Month-to-month,Fiber optic,0.006433,80.05,0.86121,장기 약정(1~2년) 전환 유도 및 결합 쿠폰 제공
7450-NWRTR,Month-to-month,Fiber optic,0.017928,99.45,0.861075,장기 약정(1~2년) 전환 유도 및 결합 쿠폰 제공
4078-SAYYN,Month-to-month,Fiber optic,0.02304,100.75,0.860935,장기 약정(1~2년) 전환 유도 및 결합 쿠폰 제공
3750-CKVKH,Month-to-month,Fiber optic,0.01976,67.75,0.860927,장기 약정(1~2년) 전환 유도 및 결합 쿠폰 제공
3677-IYRBF,Month-to-month,DSL,0.002882,30.4,0.860843,장기 약정(1~2년) 전환 유도
3811-VBYBZ,Month-to-month,Fiber optic,0.013862,99.8,0.860748,장기 약정(1~2년) 전환 유도 및 결합 쿠폰 제공
6416-TVAIH,Month-to-month,Fiber optic,0.003838,68.5,0.860519,장기 약정(1~2년) 전환 유도 및 결합 쿠폰 제공
6127-ISGTU,Month-to-month,Fiber optic,0.013728,84.95,0.860426,장기 약정(1~2년) 전환 유도 및 결합 쿠폰 제공
8058-JMEQO,Month-to-month,Fiber optic,0.016563,84.45,0.860189,장기 약정(1~2년) 전환 유도 및 결합 쿠폰 제공
2777-PHDEI,Month-to-month,Fiber optic,0.012234,78.05,0.860007,장기 약정(1~2년) 전환 유도 및 결합 쿠폰 제공
8752-STIVR,Month-to-month,Fiber optic,0.010979,79.0,0.859929,장기 약정(1~2년) 전환 유도 및 결합 쿠폰 제공
8945-GRKHX,Month-to-month,Fiber optic,0.007304,78.65,0.859676,장기 약정(1~2년) 전환 유도 및 결합 쿠폰 제공
2612-RRIDN,Month-to-month,Fiber optic,0.014751,81.0,0.858667,장기 약정(1~2년) 전환 유도 및 결합 쿠폰 제공
1564-NTYXF,Month-to-month,Fiber optic,0.008182,82.0,0.858392,장기 약정(1~2년) 전환 유도 및 결합 쿠폰 제공
4140-MUHUG,Month-to-month,Fiber optic,0.00944,86.85,0.85835,장기 약정(1~2년) 전환 유도 및 결합 쿠폰 제공
3318-NMQXL,Month-to-month,Fiber optic,0.017745,92.0,0.858341,장기 약정(1~2년) 전환 유도 및 결합 쿠폰 제공
4228-ZGYUW,Month-to-month,Fiber optic,0.016526,90.05,0.858141,장기 약정(1~2년) 전환 유도 및 결합 쿠폰 제공
0235-KGSLC,Month-to-month,Fiber optic,0.009981,85.55,0.857959,장기 약정(1~2년) 전환 유도 및 결합 쿠폰 제공
1184-PJVDB,Month-to-month,Fiber optic,0.010204,79.95,0.857769,장기 약정(1~2년) 전환 유도 및 결합 쿠폰 제공
7576-OYWBN,Month-to-month,Fiber optic,0.00529,76.05,0.85724,장기 약정(1~2년) 전환 유도 및 결합 쿠폰 제공
9837-BMCLM,Month-to-month,Fiber optic,0.030368,78.5,0.856816,장기 약정(1~2년) 전환 유도 및 결합 쿠폰 제공
6161-UUUTA,Month-to-month,Fiber optic,0.011492,79.9,0.856816,장기 약정(1~2년) 전환 유도 및 결합 쿠폰 제공
5956-VKDTT,Month-to-month,Fiber optic,0.009411,74.35,0.856443,장기 약정(1~2년) 전환 유도 및 결합 쿠폰 제공
1678-FYZOW,Month-to-month,Fiber optic,0.008324,79.4,0.856341,장기 약정(1~2년) 전환 유도 및 결합 쿠폰 제공
5393-RXQSZ,Month-to-month,Fiber optic,0.016532,79.6,0.855768,장기 약정(1~2년) 전환 유도 및 결합 쿠폰 제공
6350-XFYGW,Month-to-month,Fiber optic,0.015496,94.75,0.85569,장기 약정(1~2년) 전환 유도 및 결합 쿠폰 제공
5445-UTODQ,Month-to-month,Fiber optic,0.004895,81.1,0.855612,장기 약정(1~2년) 전환 유도 및 결합 쿠폰 제공
1724-BQUHA,Month-to-month,Fiber optic,0.005272,89.5,0.855196,장기 약정(1~2년) 전환 유도 및 결합 쿠폰 제공
8443-ZRDBZ,Month-to-month,Fiber optic,0.007398,76.05,0.855119,장기 약정(1~2년) 전환 유도 및 결합 쿠폰 제공
8622-ZLFKO,Month-to-month,Fiber optic,0.016537,90.75,0.855037,장기 약정(1~2년) 전환 유도 및 결합 쿠폰 제공
6618-RYATB,Month-to-month,Fiber optic,0.014578,79.55,0.854951,장기 약정(1~2년) 전환 유도 및 결합 쿠폰 제공
3462-BJQQA,Month-to-month,Fiber optic,0.004377,89.75,0.854742,장기 약정(1~2년) 전환 유도 및 결합 쿠폰 제공
9611-CTWIH,Month-to-month,Fiber optic,0.01271,89.45,0.854526,장기 약정(1~2년) 전환 유도 및 결합 쿠폰 제공
0841-NULXI,Month-to-month,DSL,0.003925,35.55,0.854469,장기 약정(1~2년) 전환 유도
2672-HUYVI,Month-to-month,Fiber optic,0.013801,91.1,0.854279,장기 약정(1~2년) 전환 유도 및 결합 쿠폰 제공
4550-EVXNY,Month-to-month,Fiber optic,0.005516,69.65,0.854019,장기 약정(1~2년) 전환 유도 및 결합 쿠폰 제공
1075-BGWOH,Month-to-month,Fiber optic,0.0158,98.75,0.853998,장기 약정(1~2년) 전환 유도 및 결합 쿠폰 제공
8086-OVPWV,Month-to-month,Fiber optic,0.014037,80.2,0.853571,장기 약정(1~2년) 전환 유도 및 결합 쿠폰 제공
5797-APWZC,Month-to-month,Fiber optic,0.004832,90.6,0.853562,장기 약정(1~2년) 전환 유도 및 결합 쿠폰 제공
1173-XZPYF,Month-to-month,Fiber optic,0.011519,89.2,0.853,장기 약정(1~2년) 전환 유도 및 결합 쿠폰 제공
7563-BIUPC,Month-to-month,Fiber optic,0.013067,80.6,0.852898,장기 약정(1~2년) 전환 유도 및 결합 쿠폰 제공
4806-KEXQR,Month-to-month,Fiber optic,0.011006,79.9,0.852659,장기 약정(1~2년) 전환 유도 및 결합 쿠폰 제공
4143-OOBWZ,Month-to-month,Fiber optic,0.017493,81.3,0.852566,장기 약정(1~2년) 전환 유도 및 결합 쿠폰 제공
8348-HFYIV,Month-to-month,DSL,0.008168,49.25,0.852532,장기 약정(1~2년) 전환 유도
4285-GYRQC,Month-to-month,Fiber optic,0.006237,86.25,0.852377,장기 약정(1~2년) 전환 유도 및 결합 쿠폰 제공
9025-AOMKI,Month-to-month,Fiber optic,0.010172,93.55,0.852204,장기 약정(1~2년) 전환 유도 및 결합 쿠폰 제공
6941-PMGEP,Month-to-month,Fiber optic,0.008906,80.0,0.852173,장기 약정(1~2년) 전환 유도 및 결합 쿠폰 제공
3389-YGYAI,Month-to-month,Fiber optic,0.018348,105.5,0.852123,장기 약정(1~2년) 전환 유도 및 결합 쿠폰 제공
5564-NEMQO,Month-to-month,Fiber optic,0.023377,75.3,0.852073,장기 약정(1~2년) 전환 유도 및 결합 쿠폰 제공
4581-SSPWD,Month-to-month,Fiber optic,0.004844,75.8,0.852072,장기 약정(1~2년) 전환 유도 및 결합 쿠폰 제공
2990-HWIML,Month-to-month,Fiber optic,0.013136,89.5,0.851397,장기 약정(1~2년) 전환 유도 및 결합 쿠폰 제공
5348-CAGXB,Month-to-month,Fiber optic,0.008749,89.55,0.851313,장기 약정(1~2년) 전환 유도 및 결합 쿠폰 제공
8414-MYSHR,Month-to-month,Fiber optic,0.010891,91.4,0.851272,장기 약정(1~2년) 전환 유도 및 결합 쿠폰 제공
2876-GZYZC,Month-to-month,Fiber optic,0.007641,85.95,0.85024,장기 약정(1~2년) 전환 유도 및 결합 쿠폰 제공
3319-DWOEP,Month-to-month,Fiber optic,0.018779,95.75,0.849874,장기 약정(1~2년) 전환 유도 및 결합 쿠폰 제공
5889-LFOLL,Month-to-month,Fiber optic,0.022074,84.6,0.849751,장기 약정(1~2년) 전환 유도 및 결합 쿠폰 제공
3276-HDUEG,Month-to-month,Fiber optic,0.020493,75.05,0.849209,장기 약정(1~2년) 전환 유도 및 결합 쿠폰 제공
6372-RFVNS,Month-to-month,Fiber optic,0.008157,78.8,0.849141,장기 약정(1~2년) 전환 유도 및 결합 쿠폰 제공
6513-EECDB,Month-to-month,Fiber optic,0.004324,73.55,0.848913,장기 약정(1~2년) 전환 유도 및 결합 쿠폰 제공
5095-AESKG,Month-to-month,Fiber optic,0.007472,91.5,0.848754,장기 약정(1~2년) 전환 유도 및 결합 쿠폰 제공
7294-TMAOP,Month-to-month,Fiber optic,0.008464,90.55,0.848589,장기 약정(1~2년) 전환 유도 및 결합 쿠폰 제공
2929-ERCFZ,Month-to-month,Fiber optic,0.015496,94.2,0.848339,장기 약정(1~2년) 전환 유도 및 결합 쿠폰 제공
4090-KPJIP,Month-to-month,Fiber optic,0.009247,74.95,0.848031,장기 약정(1~2년) 전환 유도 및 결합 쿠폰 제공
3091-FYHKI,Month-to-month,DSL,0.005158,35.45,0.847978,장기 약정(1~2년) 전환 유도
3244-DCJWY,Month-to-month,Fiber optic,0.007382,70.25,0.84789,장기 약정(1~2년) 전환 유도 및 결합 쿠폰 제공
1086-LXKFY,Month-to-month,Fiber optic,0.012583,69.1,0.847173,장기 약정(1~2년) 전환 유도 및 결합 쿠폰 제공
2897-DOVND,Month-to-month,Fiber optic,0.019303,69.8,0.847157,장기 약정(1~2년) 전환 유도 및 결합 쿠폰 제공
3296-SILRA,Month-to-month,Fiber optic,0.012837,76.4,0.846884,장기 약정(1~2년) 전환 유도 및 결합 쿠폰 제공
2952-QAYZF,Month-to-month,Fiber optic,0.012517,85.3,0.846822,장기 약정(1~2년) 전환 유도 및 결합 쿠폰 제공
1567-DSCIC,Month-to-month,Fiber optic,0.009229,94.0,0.846784,장기 약정(1~2년) 전환 유도 및 결합 쿠폰 제공
4342-HENTK,Month-to-month,Fiber optic,0.018389,70.65,0.845989,장기 약정(1~2년) 전환 유도 및 결합 쿠폰 제공
5276-KQWHG,Month-to-month,Fiber optic,0.016788,69.6,0.845989,장기 약정(1~2년) 전환 유도 및 결합 쿠폰 제공
5685-IIXLY,Month-to-month,Fiber optic,0.009307,83.6,0.845735,장기 약정(1~2년) 전환 유도 및 결합 쿠폰 제공
1965-AKTSX,Month-to-month,Fiber optic,0.012383,78.95,0.845536,장기 약정(1~2년) 전환 유도 및 결합 쿠폰 제공
9231-ZJYAM,Month-to-month,Fiber optic,0.018997,78.85,0.845388,장기 약정(1~2년) 전환 유도 및 결합 쿠폰 제공
7625-XCQRH,Month-to-month,Fiber optic,0.01939,76.5,0.845325,장기 약정(1~2년) 전환 유도 및 결합 쿠폰 제공
2516-VQRRV,Month-to-month,Fiber optic,0.008453,75.45,0.845238,장기 약정(1~2년) 전환 유도 및 결합 쿠폰 제공
4112-LUEIZ,Month-to-month,Fiber optic,0.009211,89.5,0.845216,장기 약정(1~2년) 전환 유도 및 결합 쿠폰 제공
9717-QEBGU,Month-to-month,Fiber optic,0.02331,70.3,0.845101,장기 약정(1~2년) 전환 유도 및 결합 쿠폰 제공
3372-KWFBM,Month-to-month,Fiber optic,0.011877,86.6,0.844901,장기 약정(1~2년) 전환 유도 및 결합 쿠폰 제공
7858-GTZSP,Month-to-month,Fiber optic,0.017191,86.55,0.844735,장기 약정(1~2년) 전환 유도 및 결합 쿠폰 제공
4210-QFJMF,Month-to-month,Fiber optic,0.013243,79.15,0.844714,장기 약정(1~2년) 전환 유도 및 결합 쿠폰 제공
7273-TEFQD,Month-to-month,DSL,0.005704,41.15,0.844658,장기 약정(1~2년) 전환 유도
5380-AFSSK,Month-to-month,Fiber optic,0.012206,93.9,0.844571,장기 약정(1~2년) 전환 유도 및 결합 쿠폰 제공
9894-EZEWG,Month-to-month,Fiber optic,0.009895,74.3,0.844126,장기 약정(1~2년) 전환 유도 및 결합 쿠폰 제공
0684-AOSIH,Month-to-month,Fiber optic,0.014085,95.0,0.844037,장기 약정(1~2년) 전환 유도 및 결합 쿠폰 제공
2737-WFVYW,Month-to-month,DSL,0.003715,45.25,0.843888,장기 약정(1~2년) 전환 유도
5804-LEPIM,Month-to-month,Fiber optic,0.006768,70.35,0.843881,장기 약정(1~2년) 전환 유도 및 결합 쿠폰 제공
1768-ZAIFU,Month-to-month,DSL,0.007037,25.2,0.843633,장기 약정(1~2년) 전환 유도
2026-TGDHM,Month-to-month,Fiber optic,0.00799,79.3,0.843572,장기 약정(1~2년) 전환 유도 및 결합 쿠폰 제공
3746-EUBYR,Month-to-month,Fiber optic,0.015604,74.6,0.843564,장기 약정(1~2년) 전환 유도 및 결합 쿠폰 제공
7321-VGNKU,Month-to-month,Fiber optic,0.016441,70.35,0.843188,장기 약정(1~2년) 전환 유도 및 결합 쿠폰 제공
5565-FILXA,Month-to-month,Fiber optic,0.022404,96.15,0.843056,장기 약정(1~2년) 전환 유도 및 결합 쿠폰 제공
1704-NRWYE,Month-to-month,Fiber optic,0.011802,80.85,0.842704,장기 약정(1~2년) 전환 유도 및 결합 쿠폰 제공
2024-BASKD,Month-to-month,Fiber optic,0.010297,74.6,0.842371,장기 약정(1~2년) 전환 유도 및 결합 쿠폰 제공
0137-OCGAB,Month-to-month,Fiber optic,0.011013,80.2,0.84217,장기 약정(1~2년) 전환 유도 및 결합 쿠폰 제공
6608-QQLVK,Month-to-month,DSL,0.00593,50.5,0.842053,장기 약정(1~2년) 전환 유도
6615-NGGZJ,Month-to-month,Fiber optic,0.011731,100.55,0.841722,장기 약정(1~2년) 전환 유도 및 결합 쿠폰 제공
9306-CPCBC,Month-to-month,Fiber optic,0.007338,74.25,0.841678,장기 약정(1~2년) 전환 유도 및 결합 쿠폰 제공
3721-CNEYS,Month-to-month,Fiber optic,0.019461,70.95,0.841653,장기 약정(1~2년) 전환 유도 및 결합 쿠폰 제공
8992-JQYUN,Month-to-month,DSL,0.007086,50.35,0.841601,장기 약정(1~2년) 전환 유도
0822-GAVAP,Month-to-month,DSL,0.007403,34.7,0.841312,장기 약정(1~2년) 전환 유도
5520-FVEWJ,Month-to-month,Fiber optic,0.008572,84.5,0.841223,장기 약정(1~2년) 전환 유도 및 결합 쿠폰 제공
7908-QCBCA,Month-to-month,Fiber optic,0.012185,69.4,0.84115,장기 약정(1~2년) 전환 유도 및 결합 쿠폰 제공
0968-GSIKN,Month-to-month,Fiber optic,0.011034,70.8,0.841123,장기 약정(1~2년) 전환 유도 및 결합 쿠폰 제공
9019-QVLZD,Month-to-month,Fiber optic,0.007808,79.55,0.840819,장기 약정(1~2년) 전환 유도 및 결합 쿠폰 제공
5949-XIKAE,Month-to-month,Fiber optic,0.037697,83.55,0.840734,장기 약정(1~2년) 전환 유도 및 결합 쿠폰 제공
2982-IHMFT,Month-to-month,Fiber optic,0.005481,74.45,0.840585,장기 약정(1~2년) 전환 유도 및 결합 쿠폰 제공
3606-TWKGI,Month-to-month,Fiber optic,0.015376,106.9,0.840195,장기 약정(1~2년) 전환 유도 및 결합 쿠폰 제공
2027-FECZV,Month-to-month,Fiber optic,0.032342,106.7,0.840195,장기 약정(1~2년) 전환 유도 및 결합 쿠폰 제공
8083-YTZES,Month-to-month,Fiber optic,0.014432,74.35,0.840194,장기 약정(1~2년) 전환 유도 및 결합 쿠폰 제공
9334-GWGOW,Month-to-month,Fiber optic,0.011119,74.85,0.840132,장기 약정(1~2년) 전환 유도 및 결합 쿠폰 제공
6229-LSCKB,Month-to-month,Fiber optic,0.005374,79.7,0.840075,장기 약정(1~2년) 전환 유도 및 결합 쿠폰 제공
1960-UYCNN,Month-to-month,Fiber optic,0.015498,95.25,0.839982,장기 약정(1~2년) 전환 유도 및 결합 쿠폰 제공
0325-XBFAC,Month-to-month,Fiber optic,0.018446,94.7,0.839973,장기 약정(1~2년) 전환 유도 및 결합 쿠폰 제공
7228-OMTPN,Month-to-month,Fiber optic,0.008215,88.45,0.839752,장기 약정(1~2년) 전환 유도 및 결합 쿠폰 제공
7379-POKDZ,Month-to-month,Fiber optic,0.007891,70.3,0.839668,장기 약정(1~2년) 전환 유도 및 결합 쿠폰 제공
9221-OTIVJ,Month-to-month,Fiber optic,0.009162,104.85,0.83957,장기 약정(1~2년) 전환 유도 및 결합 쿠폰 제공
4482-EWFMI,Month-to-month,Fiber optic,0.006771,69.7,0.839496,장기 약정(1~2년) 전환 유도 및 결합 쿠폰 제공
7130-VTEWQ,Month-to-month,Fiber optic,0.006398,75.75,0.839134,장기 약정(1~2년) 전환 유도 및 결합 쿠폰 제공
7363-QTBIW,Month-to-month,Fiber optic,0.006327,79.75,0.838995,장기 약정(1~2년) 전환 유도 및 결합 쿠폰 제공
9944-HKVVB,Month-to-month,Fiber optic,0.0151,95.1,0.838893,장기 약정(1~2년) 전환 유도 및 결합 쿠폰 제공
3097-NQYSN,Month-to-month,Fiber optic,0.005829,86.85,0.838868,장기 약정(1~2년) 전환 유도 및 결합 쿠폰 제공
3776-EKTKM,Month-to-month,DSL,0.004758,36.45,0.838694,장기 약정(1~2년) 전환 유도
5299-SJCZT,Month-to-month,Fiber optic,0.006415,101.55,0.838218,장기 약정(1~2년) 전환 유도 및 결합 쿠폰 제공
3045-XETSH,Month-to-month,Fiber optic,0.01004,94.85,0.838199,장기 약정(1~2년) 전환 유도 및 결합 쿠폰 제공
5378-IKEEG,Month-to-month,DSL,0.005477,35.75,0.837976,장기 약정(1~2년) 전환 유도
9391-EOYLI,Month-to-month,Fiber optic,0.025936,80.45,0.837812,장기 약정(1~2년) 전환 유도 및 결합 쿠폰 제공
9885-CSMWE,Month-to-month,Fiber optic,0.02661,78.45,0.837669,장기 약정(1~2년) 전환 유도 및 결합 쿠폰 제공
7005-CCBKV,Month-to-month,Fiber optic,0.019436,84.4,0.837664,장기 약정(1~2년) 전환 유도 및 결합 쿠폰 제공
1980-KXVPM,Month-to-month,Fiber optic,0.016358,75.05,0.837508,장기 약정(1~2년) 전환 유도 및 결합 쿠폰 제공
7638-QVMVY,Month-to-month,Fiber optic,0.011439,79.0,0.837498,장기 약정(1~2년) 전환 유도 및 결합 쿠폰 제공
0722-TROQR,Month-to-month,Fiber optic,0.012087,74.9,0.837413,장기 약정(1~2년) 전환 유도 및 결합 쿠폰 제공
8357-EQXFO,Month-to-month,Fiber optic,0.008557,95.35,0.837365,장기 약정(1~2년) 전환 유도 및 결합 쿠폰 제공
4514-GFCFI,Month-to-month,Fiber optic,0.008117,84.75,0.837142,장기 약정(1~2년) 전환 유도 및 결합 쿠폰 제공
5561-NWEVX,Month-to-month,Fiber optic,0.00571,79.2,0.837131,장기 약정(1~2년) 전환 유도 및 결합 쿠폰 제공
9444-JTXHZ,Month-to-month,Fiber optic,0.012586,76.2,0.836629,장기 약정(1~2년) 전환 유도 및 결합 쿠폰 제공
2123-AGEEN,Month-to-month,Fiber optic,0.006192,84.35,0.836214,장기 약정(1~2년) 전환 유도 및 결합 쿠폰 제공
9921-ZVRHG,Month-to-month,Fiber optic,0.021858,80.45,0.83607,장기 약정(1~2년) 전환 유도 및 결합 쿠폰 제공
2082-CEFLT,Month-to-month,DSL,0.004481,45.6,0.835608,장기 약정(1~2년) 전환 유도
9124-LHCJQ,Month-to-month,Fiber optic,0.022877,85.45,0.835131,장기 약정(1~2년) 전환 유도 및 결합 쿠폰 제공
6437-UKHMV,Month-to-month,Fiber optic,0.010088,79.7,0.834858,장기 약정(1~2년) 전환 유도 및 결합 쿠폰 제공
0187-QSXOE,Month-to-month,Fiber optic,0.014786,89.0,0.834719,장기 약정(1~2년) 전환 유도 및 결합 쿠폰 제공
0011-IGKFF,Month-to-month,Fiber optic,0.009474,98.0,0.834407,장기 약정(1~2년) 전환 유도 및 결합 쿠폰 제공
7903-CMPEY,Month-to-month,Fiber optic,0.00414,80.3,0.834087,장기 약정(1~2년) 전환 유도 및 결합 쿠폰 제공
4585-HETAI,Month-to-month,Fiber optic,0.013665,73.75,0.833761,장기 약정(1~2년) 전환 유도 및 결합 쿠폰 제공
0236-HFWSV,Month-to-month,Fiber optic,0.013033,93.35,0.833655,장기 약정(1~2년) 전환 유도 및 결합 쿠폰 제공
8087-LGYHQ,Month-to-month,Fiber optic,0.015994,94.05,0.833588,장기 약정(1~2년) 전환 유도 및 결합 쿠폰 제공
2485-ITVKB,Month-to-month,DSL,0.004832,35.1,0.83355,장기 약정(1~2년) 전환 유도
7209-JCUDS,Month-to-month,Fiber optic,0.010193,94.9,0.833501,장기 약정(1~2년) 전환 유도 및 결합 쿠폰 제공
7398-SKNQZ,Month-to-month,Fiber optic,0.01294,94.9,0.833478,장기 약정(1~2년) 전환 유도 및 결합 쿠폰 제공
3519-ZKXGG,Month-to-month,Fiber optic,0.004164,75.85,0.833253,장기 약정(1~2년) 전환 유도 및 결합 쿠폰 제공
4559-UWIHT,Month-to-month,Fiber optic,0.010806,82.65,0.833227,장기 약정(1~2년) 전환 유도 및 결합 쿠폰 제공
3473-XIIIT,Month-to-month,Fiber optic,0.021248,100.0,0.833129,장기 약정(1~2년) 전환 유도 및 결합 쿠폰 제공
0375-HVGXO,Month-to-month,DSL,0.003084,34.7,0.832995,장기 약정(1~2년) 전환 유도
5928-QLDHB,Month-to-month,Fiber optic,0.010732,76.25,0.832965,장기 약정(1~2년) 전환 유도 및 결합 쿠폰 제공
7341-LXCAF,Month-to-month,Fiber optic,0.005333,74.65,0.832877,장기 약정(1~2년) 전환 유도 및 결합 쿠폰 제공
7548-SEPYI,Month-to-month,Fiber optic,0.018452,96.25,0.832722,장기 약정(1~2년) 전환 유도 및 결합 쿠폰 제공
1219-NNDDO,Month-to-month,Fiber optic,0.013314,76.85,0.832313,장기 약정(1~2년) 전환 유도 및 결합 쿠폰 제공
7384-GHBPI,Month-to-month,DSL,0.004004,35.15,0.832218,장기 약정(1~2년) 전환 유도
4229-CZMLL,Month-to-month,Fiber optic,0.009852,74.9,0.832007,장기 약정(1~2년) 전환 유도 및 결합 쿠폰 제공
5570-PTWEH,Month-to-month,Fiber optic,0.005689,75.15,0.831736,장기 약정(1~2년) 전환 유도 및 결합 쿠폰 제공
5159-YFPKQ,Month-to-month,Fiber optic,0.009099,75.8,0.831658,장기 약정(1~2년) 전환 유도 및 결합 쿠폰 제공
7932-WPTDS,Month-to-month,DSL,0.003059,24.8,0.831426,장기 약정(1~2년) 전환 유도
7044-YAACC,Month-to-month,Fiber optic,0.008009,70.2,0.831333,장기 약정(1~2년) 전환 유도 및 결합 쿠폰 제공
6168-WFVVF,Month-to-month,Fiber optic,0.01177,70.3,0.831328,장기 약정(1~2년) 전환 유도 및 결합 쿠폰 제공
5868-YWPDW,Month-to-month,Fiber optic,0.009231,84.2,0.831189,장기 약정(1~2년) 전환 유도 및 결합 쿠폰 제공
2254-DLXRI,Month-to-month,Fiber optic,0.009147,79.15,0.830641,장기 약정(1~2년) 전환 유도 및 결합 쿠폰 제공
0023-HGHWL,Month-to-month,DSL,0.001846,25.1,0.830362,장기 약정(1~2년) 전환 유도
6015-VVHHE,Month-to-month,Fiber optic,0.008767,83.15,0.829692,장기 약정(1~2년) 전환 유도 및 결합 쿠폰 제공
2055-PDADH,Month-to-month,Fiber optic,0.033513,70.4,0.829101,장기 약정(1~2년) 전환 유도 및 결합 쿠폰 제공
2077-MPJQO,Month-to-month,Fiber optic,0.004177,75.4,0.829093,장기 약정(1~2년) 전환 유도 및 결합 쿠폰 제공
4145-UQXUQ,Month-to-month,Fiber optic,0.010811,92.1,0.828696,장기 약정(1~2년) 전환 유도 및 결합 쿠폰 제공
2272-QAGFO,Month-to-month,Fiber optic,0.013904,74.3,0.828678,장기 약정(1~2년) 전환 유도 및 결합 쿠폰 제공
7156-MHUGY,Month-to-month,Fiber optic,0.011126,90.5,0.828609,장기 약정(1~2년) 전환 유도 및 결합 쿠폰 제공
7767-UXAGJ,Month-to-month,DSL,0.006892,50.45,0.828501,장기 약정(1~2년) 전환 유도
7861-UVUFT,Month-to-month,Fiber optic,0.007202,84.3,0.828399,장기 약정(1~2년) 전환 유도 및 결합 쿠폰 제공
9985-MWVIX,Month-to-month,Fiber optic,0.032039,70.15,0.82789,장기 약정(1~2년) 전환 유도 및 결합 쿠폰 제공
1024-VRZHF,Month-to-month,Fiber optic,0.005674,74.95,0.827782,장기 약정(1~2년) 전환 유도 및 결합 쿠폰 제공
8245-UMPYT,Month-to-month,Fiber optic,0.008611,96.4,0.827635,장기 약정(1~2년) 전환 유도 및 결합 쿠폰 제공
2856-HYAPG,Month-to-month,Fiber optic,0.028255,68.65,0.827548,장기 약정(1~2년) 전환 유도 및 결합 쿠폰 제공
3177-LASXD,Month-to-month,Fiber optic,0.029147,71.35,0.827548,장기 약정(1~2년) 전환 유도 및 결합 쿠폰 제공
5167-ZFFMM,Month-to-month,Fiber optic,0.016331,90.85,0.82751,장기 약정(1~2년) 전환 유도 및 결합 쿠폰 제공
3387-VATUS,Month-to-month,Fiber optic,0.008706,94.85,0.827309,장기 약정(1~2년) 전환 유도 및 결합 쿠폰 제공
5919-TMRGD,Month-to-month,Fiber optic,0.014702,79.35,0.827006,장기 약정(1~2년) 전환 유도 및 결합 쿠폰 제공
4115-NZRKS,Month-to-month,Fiber optic,0.013849,89.15,0.826927,장기 약정(1~2년) 전환 유도 및 결합 쿠폰 제공
2379-ENZGV,Month-to-month,Fiber optic,0.012181,84.85,0.826359,장기 약정(1~2년) 전환 유도 및 결합 쿠폰 제공
2672-DZUOY,Month-to-month,DSL,0.005625,25.15,0.826038,장기 약정(1~2년) 전환 유도
2276-YDAVZ,Month-to-month,Fiber optic,0.022376,75.1,0.825517,장기 약정(1~2년) 전환 유도 및 결합 쿠폰 제공
5673-FSSMF,Month-to-month,DSL,0.010116,60.15,0.825462,장기 약정(1~2년) 전환 유도
8225-BTJAU,Month-to-month,Fiber optic,0.007158,79.25,0.825365,장기 약정(1~2년) 전환 유도 및 결합 쿠폰 제공
6959-UWKHF,Month-to-month,DSL,0.010939,42.9,0.825322,장기 약정(1~2년) 전환 유도
1640-PLFMP,Month-to-month,Fiber optic,0.009653,70.25,0.825308,장기 약정(1~2년) 전환 유도 및 결합 쿠폰 제공
1197-BVMVG,Month-to-month,Fiber optic,0.005141,74.45,0.825301,장기 약정(1~2년) 전환 유도 및 결합 쿠폰 제공
7354-OIJLX,Month-to-month,Fiber optic,0.009822,75.85,0.825162,장기 약정(1~2년) 전환 유도 및 결합 쿠폰 제공
0168-XZKBB,Month-to-month,Fiber optic,0.017085,86.85,0.825112,장기 약정(1~2년) 전환 유도 및 결합 쿠폰 제공
7225-CBZPL,Month-to-month,Fiber optic,0.021763,94.8,0.825084,장기 약정(1~2년) 전환 유도 및 결합 쿠폰 제공
4749-OJKQU,Month-to-month,Fiber optic,0.005083,75.65,0.824936,장기 약정(1~2년) 전환 유도 및 결합 쿠폰 제공
7760-OYPDY,Month-to-month,Fiber optic,0.007274,80.65,0.824909,장기 약정(1~2년) 전환 유도 및 결합 쿠폰 제공
0872-NXJYS,Month-to-month,Fiber optic,0.00884,79.55,0.824861,장기 약정(1~2년) 전환 유도 및 결합 쿠폰 제공
3643-AHCFP,Month-to-month,Fiber optic,0.018634,95.6,0.824728,장기 약정(1~2년) 전환 유도 및 결합 쿠폰 제공
8242-SOQUO,Month-to-month,Fiber optic,0.007826,84.7,0.824671,장기 약정(1~2년) 전환 유도 및 결합 쿠폰 제공
7181-BQYBV,Month-to-month,Fiber optic,0.009008,102.45,0.824616,장기 약정(1~2년) 전환 유도 및 결합 쿠폰 제공
7668-XCFYV,Month-to-month,Fiber optic,0.008715,92.55,0.824526,장기 약정(1~2년) 전환 유도 및 결합 쿠폰 제공
6077-BDPXA,Month-to-month,Fiber optic,0.011824,70.15,0.824388,장기 약정(1~2년) 전환 유도 및 결합 쿠폰 제공
7245-NIIWQ,Month-to-month,Fiber optic,0.017834,69.85,0.824388,장기 약정(1~2년) 전환 유도 및 결합 쿠폰 제공
5955-ERIHD,Month-to-month,Fiber optic,0.009282,94.7,0.824003,장기 약정(1~2년) 전환 유도 및 결합 쿠폰 제공
8356-WUAOJ,Month-to-month,DSL,0.008364,45.0,0.823799,장기 약정(1~2년) 전환 유도
9734-UYXQI,Month-to-month,DSL,0.008217,49.4,0.823679,장기 약정(1~2년) 전환 유도
6087-MVHJH,Month-to-month,Fiber optic,0.011739,88.45,0.823396,장기 약정(1~2년) 전환 유도 및 결합 쿠폰 제공
0655-RBDUG,Month-to-month,Fiber optic,0.009648,98.05,0.822912,장기 약정(1~2년) 전환 유도 및 결합 쿠폰 제공
3583-EKAPL,Month-to-month,DSL,0.006517,55.0,0.822561,장기 약정(1~2년) 전환 유도
2799-ARNLO,Month-to-month,Fiber optic,0.007351,69.35,0.822474,장기 약정(1~2년) 전환 유도 및 결합 쿠폰 제공
7394-LWLYN,Month-to-month,Fiber optic,0.006258,70.15,0.822088,장기 약정(1~2년) 전환 유도 및 결합 쿠폰 제공
6000-APYLU,Month-to-month,Fiber optic,0.008385,80.8,0.821964,장기 약정(1~2년) 전환 유도 및 결합 쿠폰 제공
9799-CAYJJ,Month-to-month,Fiber optic,0.0055,69.3,0.821858,장기 약정(1~2년) 전환 유도 및 결합 쿠폰 제공
8185-UPYBR,Month-to-month,Fiber optic,0.005443,75.5,0.820698,장기 약정(1~2년) 전환 유도 및 결합 쿠폰 제공
2180-DXNEG,Month-to-month,Fiber optic,0.013967,96.0,0.820559,장기 약정(1~2년) 전환 유도 및 결합 쿠폰 제공
8042-JVNFH,Month-to-month,Fiber optic,0.011577,71.35,0.820444,장기 약정(1~2년) 전환 유도 및 결합 쿠폰 제공
9850-OWRHQ,Month-to-month,Fiber optic,0.00943,74.1,0.820295,장기 약정(1~2년) 전환 유도 및 결합 쿠폰 제공
6910-HADCM,Month-to-month,Fiber optic,0.006646,76.35,0.81999,장기 약정(1~2년) 전환 유도 및 결합 쿠폰 제공
0365-BZUWY,Month-to-month,Fiber optic,0.009506,102.55,0.819823,장기 약정(1~2년) 전환 유도 및 결합 쿠폰 제공
6128-CZOMY,Month-to-month,DSL,0.004798,45.65,0.819455,장기 약정(1~2년) 전환 유도
0928-JMXNP,Month-to-month,DSL,0.006,29.9,0.818648,장기 약정(1~2년) 전환 유도
2688-BHGOG,Month-to-month,Fiber optic,0.012907,79.55,0.818467,장기 약정(1~2년) 전환 유도 및 결합 쿠폰 제공
6857-VWJDT,Month-to-month,Fiber optic,0.01057,95.65,0.818382,장기 약정(1~2년) 전환 유도 및 결합 쿠폰 제공
9828-AOQLM,Month-to-month,DSL,0.005667,45.7,0.818214,장기 약정(1~2년) 전환 유도
3049-NDXFL,Month-to-month,Fiber optic,0.011129,85.8,0.817987,장기 약정(1~2년) 전환 유도 및 결합 쿠폰 제공
8107-KNCIM,Month-to-month,Fiber optic,0.005902,75.1,0.817957,장기 약정(1~2년) 전환 유도 및 결합 쿠폰 제공
1195-OIYEJ,Month-to-month,Fiber optic,0.012628,91.1,0.817713,장기 약정(1~2년) 전환 유도 및 결합 쿠폰 제공
3106-ULWFW,Month-to-month,Fiber optic,0.009495,85.2,0.817664,장기 약정(1~2년) 전환 유도 및 결합 쿠폰 제공
8183-ONMXC,Month-to-month,Fiber optic,0.006946,80.75,0.817651,장기 약정(1~2년) 전환 유도 및 결합 쿠폰 제공
9317-WZPGV,Month-to-month,Fiber optic,0.018638,79.75,0.817592,장기 약정(1~2년) 전환 유도 및 결합 쿠폰 제공
8739-XNIKG,Month-to-month,Fiber optic,0.02314,84.0,0.817418,장기 약정(1~2년) 전환 유도 및 결합 쿠폰 제공
2135-RXIHG,Month-to-month,DSL,0.005073,45.65,0.817028,장기 약정(1~2년) 전환 유도
3063-QFSZL,Month-to-month,DSL,0.003485,55.4,0.816862,장기 약정(1~2년) 전환 유도
0746-JTRFU,Month-to-month,DSL,0.003794,25.05,0.81684,장기 약정(1~2년) 전환 유도
2740-TVLFN,Month-to-month,DSL,0.005138,50.15,0.816834,장기 약정(1~2년) 전환 유도
7365-BVCJH,Month-to-month,DSL,0.004795,24.4,0.816721,장기 약정(1~2년) 전환 유도
7526-BEZQB,Month-to-month,Fiber optic,0.013124,96.05,0.816679,장기 약정(1~2년) 전환 유도 및 결합 쿠폰 제공
1989-PRJHP,Month-to-month,Fiber optic,0.004742,75.5,0.816632,장기 약정(1~2년) 전환 유도 및 결합 쿠폰 제공
3707-GNWHM,Month-to-month,Fiber optic,0.005997,74.25,0.816304,장기 약정(1~2년) 전환 유도 및 결합 쿠폰 제공
5186-SAMNZ,Month-to-month,Fiber optic,0.008355,69.5,0.816014,장기 약정(1~2년) 전환 유도 및 결합 쿠폰 제공
8361-LTMKD,Month-to-month,Fiber optic,0.011579,74.4,0.815741,장기 약정(1~2년) 전환 유도 및 결합 쿠폰 제공
5940-NFXKV,Month-to-month,Fiber optic,0.009703,83.65,0.81569,장기 약정(1~2년) 전환 유도 및 결합 쿠폰 제공
6100-QQHEB,Month-to-month,Fiber optic,0.007374,92.55,0.815539,장기 약정(1~2년) 전환 유도 및 결합 쿠폰 제공
3398-FSHON,Month-to-month,Fiber optic,0.014819,91.3,0.815513,장기 약정(1~2년) 전환 유도 및 결합 쿠폰 제공
6986-IXNDM,Month-to-month,Fiber optic,0.012975,92.9,0.815347,장기 약정(1~2년) 전환 유도 및 결합 쿠폰 제공
3452-GWUIN,Month-to-month,Fiber optic,0.025696,94.95,0.814849,장기 약정(1~2년) 전환 유도 및 결합 쿠폰 제공
3138-BKYAV,Month-to-month,Fiber optic,0.017603,85.35,0.814796,장기 약정(1~2년) 전환 유도 및 결합 쿠폰 제공
0004-TLHLJ,Month-to-month,Fiber optic,0.008136,73.9,0.814744,장기 약정(1~2년) 전환 유도 및 결합 쿠폰 제공
7153-OANIO,Month-to-month,Fiber optic,0.011409,69.95,0.814724,장기 약정(1~2년) 전환 유도 및 결합 쿠폰 제공
9822-OAOVB,Month-to-month,DSL,0.006013,55.45,0.814702,장기 약정(1~2년) 전환 유도
1024-GUALD,Month-to-month,DSL,0.00252,24.8,0.814598,장기 약정(1~2년) 전환 유도
9919-KNPOO,Month-to-month,Fiber optic,0.01032,94.3,0.814501,장기 약정(1~2년) 전환 유도 및 결합 쿠폰 제공
3797-VTIDR,Month-to-month,DSL,0.001868,23.45,0.814274,장기 약정(1~2년) 전환 유도
0018-NYROU,Month-to-month,Fiber optic,0.008419,68.95,0.81406,장기 약정(1~2년) 전환 유도 및 결합 쿠폰 제공
0644-OQMDK,Month-to-month,Fiber optic,0.013054,70.65,0.813788,장기 약정(1~2년) 전환 유도 및 결합 쿠폰 제공
8375-DKEBR,Month-to-month,Fiber optic,0.005018,69.6,0.813273,장기 약정(1~2년) 전환 유도 및 결합 쿠폰 제공
8775-ERLNB,Month-to-month,Fiber optic,0.009162,74.3,0.812834,장기 약정(1~2년) 전환 유도 및 결합 쿠폰 제공
8625-AZYZY,Month-to-month,Fiber optic,0.013893,104.65,0.812556,장기 약정(1~2년) 전환 유도 및 결합 쿠폰 제공
9102-IAYHT,Month-to-month,Fiber optic,0.006557,85.45,0.812549,장기 약정(1~2년) 전환 유도 및 결합 쿠폰 제공
2645-QTLMB,Month-to-month,Fiber optic,0.013531,94.25,0.812371,장기 약정(1~2년) 전환 유도 및 결합 쿠폰 제공
2619-WFQWU,Month-to-month,Fiber optic,0.006417,70.15,0.812331,장기 약정(1~2년) 전환 유도 및 결합 쿠폰 제공
5909-ECHUI,Month-to-month,DSL,0.009474,56.25,0.812049,장기 약정(1~2년) 전환 유도
8943-URTMR,Month-to-month,Fiber optic,0.010883,79.65,0.811664,장기 약정(1~2년) 전환 유도 및 결합 쿠폰 제공
5288-AHOUP,Month-to-month,Fiber optic,0.01344,78.5,0.811233,장기 약정(1~2년) 전환 유도 및 결합 쿠폰 제공
6856-RAURS,Month-to-month,Fiber optic,0.00858,74.9,0.810958,장기 약정(1~2년) 전환 유도 및 결합 쿠폰 제공
7198-GLXTC,Month-to-month,Fiber optic,0.008131,79.0,0.81053,장기 약정(1~2년) 전환 유도 및 결합 쿠폰 제공
5501-TVMGM,Month-to-month,DSL,0.014416,55.25,0.81,장기 약정(1~2년) 전환 유도
4855-SNKMY,Month-to-month,DSL,0.00691,44.1,0.809949,장기 약정(1~2년) 전환 유도
0219-YTZUE,Month-to-month,Fiber optic,0.009916,84.8,0.809563,장기 약정(1~2년) 전환 유도 및 결합 쿠폰 제공
5275-SQEIZ,Month-to-month,Fiber optic,0.011989,80.85,0.809418,장기 약정(1~2년) 전환 유도 및 결합 쿠폰 제공
1465-VINDH,Month-to-month,Fiber optic,0.019971,102.1,0.809343,장기 약정(1~2년) 전환 유도 및 결합 쿠폰 제공
6860-YRJZP,Month-to-month,Fiber optic,0.011329,74.05,0.809237,장기 약정(1~2년) 전환 유도 및 결합 쿠폰 제공
6407-UTSLV,Month-to-month,Fiber optic,0.012822,83.8,0.809075,장기 약정(1~2년) 전환 유도 및 결합 쿠폰 제공
1915-IOFGU,Month-to-month,Fiber optic,0.005149,70.5,0.80891,장기 약정(1~2년) 전환 유도 및 결합 쿠폰 제공
0674-EYYZV,Month-to-month,DSL,0.006919,54.65,0.808235,장기 약정(1~2년) 전환 유도
0727-IWKVK,Month-to-month,Fiber optic,0.01601,79.9,0.80812,장기 약정(1~2년) 전환 유도 및 결합 쿠폰 제공
4847-TAJYI,Month-to-month,Fiber optic,0.01302,89.35,0.808079,장기 약정(1~2년) 전환 유도 및 결합 쿠폰 제공
1867-BDVFH,Month-to-month,Fiber optic,0.006706,74.35,0.808066,장기 약정(1~2년) 전환 유도 및 결합 쿠폰 제공
3066-RRJIO,Month-to-month,Fiber optic,0.007475,69.95,0.808026,장기 약정(1~2년) 전환 유도 및 결합 쿠폰 제공
6140-QNRQQ,Month-to-month,Fiber optic,0.007029,71.55,0.807244,장기 약정(1~2년) 전환 유도 및 결합 쿠폰 제공
0224-RLWWD,Month-to-month,DSL,0.010687,44.3,0.807038,장기 약정(1~2년) 전환 유도
5318-IXUZF,Month-to-month,Fiber optic,0.008183,87.15,0.806683,장기 약정(1~2년) 전환 유도 및 결합 쿠폰 제공
0928-XUTSN,Month-to-month,Fiber optic,0.016273,80.5,0.806569,장기 약정(1~2년) 전환 유도 및 결합 쿠폰 제공
8065-YKXKD,Month-to-month,Fiber optic,0.014456,74.75,0.806008,장기 약정(1~2년) 전환 유도 및 결합 쿠폰 제공
9094-AZPHK,Month-to-month,Fiber optic,0.017947,100.15,0.805879,장기 약정(1~2년) 전환 유도 및 결합 쿠폰 제공
2074-GKOWZ,Month-to-month,Fiber optic,0.008345,89.55,0.805816,장기 약정(1~2년) 전환 유도 및 결합 쿠폰 제공
5583-SXDAG,Month-to-month,Fiber optic,0.009963,70.0,0.805803,장기 약정(1~2년) 전환 유도 및 결합 쿠폰 제공
0122-OAHPZ,Month-to-month,Fiber optic,0.008144,73.85,0.805698,장기 약정(1~2년) 전환 유도 및 결합 쿠폰 제공
8878-HMWBV,Month-to-month,DSL,0.009558,49.15,0.805495,장기 약정(1~2년) 전환 유도
6328-ZPBGN,Month-to-month,Fiber optic,0.013051,95.15,0.805472,장기 약정(1~2년) 전환 유도 및 결합 쿠폰 제공
4373-VVHQL,Month-to-month,DSL,0.004857,44.75,0.805465,장기 약정(1~2년) 전환 유도
9685-WKZGT,Month-to-month,Fiber optic,0.01039,74.95,0.80544,장기 약정(1~2년) 전환 유도 및 결합 쿠폰 제공
6702-OHFWR,Month-to-month,DSL,0.006483,43.3,0.805312,장기 약정(1~2년) 전환 유도
0709-TVGUR,Month-to-month,Fiber optic,0.01288,74.55,0.805175,장기 약정(1~2년) 전환 유도 및 결합 쿠폰 제공
4282-YMKNA,Month-to-month,Fiber optic,0.020541,74.75,0.80487,장기 약정(1~2년) 전환 유도 및 결합 쿠폰 제공
4884-ZTHVF,Month-to-month,Fiber optic,0.006821,87.1,0.804624,장기 약정(1~2년) 전환 유도 및 결합 쿠폰 제공
2430-USGXP,Month-to-month,Fiber optic,0.013644,101.05,0.804608,장기 약정(1~2년) 전환 유도 및 결합 쿠폰 제공
0880-TKATG,Month-to-month,Fiber optic,0.0221,101.15,0.804112,장기 약정(1~2년) 전환 유도 및 결합 쿠폰 제공
1062-LHZOD,Month-to-month,Fiber optic,0.016973,69.9,0.803992,장기 약정(1~2년) 전환 유도 및 결합 쿠폰 제공
2761-OCIAX,Month-to-month,Fiber optic,0.007441,74.7,0.803901,장기 약정(1~2년) 전환 유도 및 결합 쿠폰 제공
3871-IKPYH,Month-to-month,Fiber optic,0.007458,69.1,0.803698,장기 약정(1~2년) 전환 유도 및 결합 쿠폰 제공
1508-DFXCU,Month-to-month,Fiber optic,0.011936,81.45,0.803233,장기 약정(1~2년) 전환 유도 및 결합 쿠폰 제공
6356-ELRKD,Month-to-month,Fiber optic,0.010685,95.6,0.802939,장기 약정(1~2년) 전환 유도 및 결합 쿠폰 제공
2575-GFSOE,Month-to-month,Fiber optic,0.007872,69.0,0.802748,장기 약정(1~2년) 전환 유도 및 결합 쿠폰 제공
9992-RRAMN,Month-to-month,Fiber optic,0.011673,85.1,0.802616,장기 약정(1~2년) 전환 유도 및 결합 쿠폰 제공
7598-UAASY,Month-to-month,Fiber optic,0.019498,76.4,0.802477,장기 약정(1~2년) 전환 유도 및 결합 쿠폰 제공
2057-ZBLPD,Month-to-month,Fiber optic,0.005095,86.5,0.802004,장기 약정(1~2년) 전환 유도 및 결합 쿠폰 제공
2962-XPMCQ,Month-to-month,DSL,0.006625,45.15,0.801501,장기 약정(1~2년) 전환 유도
4770-UEZOX,Month-to-month,Fiber optic,0.020841,74.75,0.801298,장기 약정(1~2년) 전환 유도 및 결합 쿠폰 제공
2495-INZWQ,Month-to-month,DSL,0.004841,44.55,0.801175,장기 약정(1~2년) 전환 유도
5228-EXCET,Month-to-month,Fiber optic,0.014352,80.85,0.800936,장기 약정(1~2년) 전환 유도 및 결합 쿠폰 제공
5569-KGJHX,Month-to-month,Fiber optic,0.013752,85.35,0.800595,장기 약정(1~2년) 전환 유도 및 결합 쿠폰 제공
8650-RHRKE,Month-to-month,DSL,0.003827,29.65,0.800213,장기 약정(1~2년) 전환 유도
5442-UTCVD,Month-to-month,Fiber optic,0.011535,91.85,0.800199,장기 약정(1~2년) 전환 유도 및 결합 쿠폰 제공
5349-IECLD,Month-to-month,Fiber optic,0.011233,94.95,0.800041,장기 약정(1~2년) 전환 유도 및 결합 쿠폰 제공
4822-NGOCH,Month-to-month,Fiber optic,0.010058,84.45,0.799868,장기 약정(1~2년) 전환 유도 및 결합 쿠폰 제공
3990-QYKBE,Month-to-month,Fiber optic,0.004589,92.5,0.799163,장기 약정(1~2년) 전환 유도 및 결합 쿠폰 제공
8705-WZCYL,Month-to-month,DSL,0.003392,44.8,0.799083,장기 약정(1~2년) 전환 유도
5382-SOYZL,Month-to-month,Fiber optic,0.009322,95.1,0.798364,장기 약정(1~2년) 전환 유도 및 결합 쿠폰 제공
7831-QGOXH,Month-to-month,Fiber optic,0.017818,85.2,0.798324,장기 약정(1~2년) 전환 유도 및 결합 쿠폰 제공
4059-IIEBK,Month-to-month,Fiber optic,0.011648,78.55,0.797068,장기 약정(1~2년) 전환 유도 및 결합 쿠폰 제공
6331-EWIEB,Month-to-month,Fiber optic,0.016443,85.25,0.796738,장기 약정(1~2년) 전환 유도 및 결합 쿠폰 제공
8309-IEYJD,Month-to-month,Fiber optic,0.005198,70.6,0.796659,장기 약정(1~2년) 전환 유도 및 결합 쿠폰 제공
0248-IPDFW,Month-to-month,DSL,0.006921,50.1,0.796425,장기 약정(1~2년) 전환 유도
4816-JBHOV,Month-to-month,DSL,0.010063,44.7,0.795283,장기 약정(1~2년) 전환 유도
2612-RANWT,Month-to-month,Fiber optic,0.021825,100.15,0.794574,장기 약정(1~2년) 전환 유도 및 결합 쿠폰 제공
9560-ARGQJ,Month-to-month,Fiber optic,0.011673,81.0,0.793803,장기 약정(1~2년) 전환 유도 및 결합 쿠폰 제공
3754-DXMRT,Month-to-month,DSL,0.006158,44.15,0.793546,장기 약정(1~2년) 전환 유도
9239-ZBZZV,Month-to-month,DSL,0.00975,47.95,0.79303,장기 약정(1~2년) 전환 유도
2568-BRGYX,Month-to-month,Fiber optic,0.008174,70.2,0.793009,장기 약정(1~2년) 전환 유도 및 결합 쿠폰 제공
5896-NPFWW,Month-to-month,DSL,0.007262,50.15,0.792996,장기 약정(1~2년) 전환 유도
6379-RXJRQ,Month-to-month,Fiber optic,0.010935,70.1,0.792666,장기 약정(1~2년) 전환 유도 및 결합 쿠폰 제공
3295-YVUSR,Month-to-month,Fiber optic,0.009032,72.6,0.792466,장기 약정(1~2년) 전환 유도 및 결합 쿠폰 제공
3199-XGZCY,Month-to-month,Fiber optic,0.007566,75.25,0.791938,장기 약정(1~2년) 전환 유도 및 결합 쿠폰 제공
4094-NSEDU,Month-to-month,Fiber optic,0.021951,94.25,0.791453,장기 약정(1~2년) 전환 유도 및 결합 쿠폰 제공
5995-SNNEW,Month-to-month,Fiber optic,0.01258,104.45,0.790596,장기 약정(1~2년) 전환 유도 및 결합 쿠폰 제공
4484-CGXFK,Month-to-month,DSL,0.006082,55.3,0.790593,장기 약정(1~2년) 전환 유도
4373-MAVJG,Month-to-month,Fiber optic,0.010264,90.9,0.790519,장기 약정(1~2년) 전환 유도 및 결합 쿠폰 제공
7240-ETPTR,Month-to-month,DSL,0.007237,48.75,0.790452,장기 약정(1~2년) 전환 유도
5419-CONWX,Month-to-month,Fiber optic,0.013197,99.8,0.790165,장기 약정(1~2년) 전환 유도 및 결합 쿠폰 제공
7503-ZGUZJ,Month-to-month,Fiber optic,0.011964,84.65,0.789951,장기 약정(1~2년) 전환 유도 및 결합 쿠폰 제공
9912-GVSEQ,Month-to-month,Fiber optic,0.009943,93.85,0.789845,장기 약정(1~2년) 전환 유도 및 결합 쿠폰 제공
4283-FUTGF,Month-to-month,Fiber optic,0.00809,79.85,0.789834,장기 약정(1~2년) 전환 유도 및 결합 쿠폰 제공
6851-WEFYX,Month-to-month,Fiber optic,0.011694,100.8,0.789719,장기 약정(1~2년) 전환 유도 및 결합 쿠폰 제공
9633-XQABV,Month-to-month,Fiber optic,0.012558,70.25,0.789711,장기 약정(1~2년) 전환 유도 및 결합 쿠폰 제공
2868-SNELZ,Month-to-month,Fiber optic,0.009691,80.6,0.789346,장기 약정(1~2년) 전환 유도 및 결합 쿠폰 제공
4021-RQSNY,Month-to-month,Fiber optic,0.009734,98.5,0.789233,장기 약정(1~2년) 전환 유도 및 결합 쿠폰 제공
6772-KSATR,Month-to-month,Fiber optic,0.012516,81.7,0.789055,장기 약정(1~2년) 전환 유도 및 결합 쿠폰 제공
8541-QVFKM,Month-to-month,Fiber optic,0.008499,73.5,0.788541,장기 약정(1~2년) 전환 유도 및 결합 쿠폰 제공
5027-QPKTE,Month-to-month,Fiber optic,0.011005,69.35,0.788387,장기 약정(1~2년) 전환 유도 및 결합 쿠폰 제공
8040-MNRTF,Month-to-month,Fiber optic,0.014767,71.1,0.787652,장기 약정(1~2년) 전환 유도 및 결합 쿠폰 제공
2091-RFFBA,Month-to-month,Fiber optic,0.02278,73.9,0.787354,장기 약정(1~2년) 전환 유도 및 결합 쿠폰 제공
2260-USTRB,Month-to-month,Fiber optic,0.013478,70.2,0.787147,장기 약정(1~2년) 전환 유도 및 결합 쿠폰 제공
5883-GTGVD,Month-to-month,Fiber optic,0.027466,99.95,0.786938,장기 약정(1~2년) 전환 유도 및 결합 쿠폰 제공
3550-SAHFP,Month-to-month,Fiber optic,0.007171,83.35,0.78678,장기 약정(1~2년) 전환 유도 및 결합 쿠폰 제공
2235-DWLJU,Month-to-month,DSL,0.006919,44.4,0.786474,장기 약정(1~2년) 전환 유도
1589-AGTLK,Month-to-month,DSL,0.006466,45.35,0.786161,장기 약정(1~2년) 전환 유도
8397-MVTAZ,Month-to-month,Fiber optic,0.011512,100.05,0.785643,장기 약정(1~2년) 전환 유도 및 결합 쿠폰 제공
6892-XPFPU,Month-to-month,Fiber optic,0.009893,104.25,0.785523,장기 약정(1~2년) 전환 유도 및 결합 쿠폰 제공
0840-DFEZH,Month-to-month,Fiber optic,0.008236,75.35,0.785446,장기 약정(1~2년) 전환 유도 및 결합 쿠폰 제공
6583-KQJLK,Month-to-month,Fiber optic,0.010221,94.65,0.785431,장기 약정(1~2년) 전환 유도 및 결합 쿠폰 제공
4629-NRXKX,Month-to-month,Fiber optic,0.013579,70.4,0.785334,장기 약정(1~2년) 전환 유도 및 결합 쿠폰 제공
9095-HFAFX,Month-to-month,Fiber optic,0.012976,81.0,0.785237,장기 약정(1~2년) 전환 유도 및 결합 쿠폰 제공
9647-ERGBE,Month-to-month,Fiber optic,0.016108,100.05,0.785051,장기 약정(1~2년) 전환 유도 및 결합 쿠폰 제공
3877-JRJIP,Month-to-month,DSL,0.009169,59.85,0.784443,장기 약정(1~2년) 전환 유도
2265-CYWIV,Month-to-month,Fiber optic,0.015739,99.6,0.78441,장기 약정(1~2년) 전환 유도 및 결합 쿠폰 제공
5357-TZHPP,Month-to-month,Fiber optic,0.010564,84.4,0.784224,장기 약정(1~2년) 전환 유도 및 결합 쿠폰 제공
8714-CTZJW,Month-to-month,Fiber optic,0.008432,82.85,0.784213,장기 약정(1~2년) 전환 유도 및 결합 쿠폰 제공
2058-DCJBE,Month-to-month,Fiber optic,0.012519,69.75,0.784162,장기 약정(1~2년) 전환 유도 및 결합 쿠폰 제공
4631-OACRM,Month-to-month,Fiber optic,0.007571,79.4,0.783832,장기 약정(1~2년) 전환 유도 및 결합 쿠폰 제공
4501-EQDRN,Month-to-month,Fiber optic,0.010618,69.7,0.783473,장기 약정(1~2년) 전환 유도 및 결합 쿠폰 제공
6086-ESGRL,Month-to-month,Fiber optic,0.00778,80.15,0.782667,장기 약정(1~2년) 전환 유도 및 결합 쿠폰 제공
2905-KFQUV,Month-to-month,Fiber optic,0.008475,70.4,0.782569,장기 약정(1~2년) 전환 유도 및 결합 쿠폰 제공
8010-EZLOU,Month-to-month,Fiber optic,0.004698,80.2,0.782447,장기 약정(1~2년) 전환 유도 및 결합 쿠폰 제공
0519-XUZJU,Month-to-month,Fiber optic,0.006558,70.75,0.782269,장기 약정(1~2년) 전환 유도 및 결합 쿠폰 제공
2398-YPMUR,Month-to-month,Fiber optic,0.013582,70.15,0.782116,장기 약정(1~2년) 전환 유도 및 결합 쿠폰 제공
6116-RFVHN,Month-to-month,Fiber optic,0.008815,100.45,0.78141,장기 약정(1~2년) 전환 유도 및 결합 쿠폰 제공
9253-QXKBE,Month-to-month,Fiber optic,0.006946,94.45,0.781237,장기 약정(1~2년) 전환 유도 및 결합 쿠폰 제공
3074-GQWYX,Month-to-month,Fiber optic,0.008767,75.9,0.781198,장기 약정(1~2년) 전환 유도 및 결합 쿠폰 제공
0411-EZJZE,Month-to-month,DSL,0.010057,60.25,0.78066,장기 약정(1~2년) 전환 유도
2013-SGDXK,Month-to-month,Fiber optic,0.01499,84.3,0.780628,장기 약정(1~2년) 전환 유도 및 결합 쿠폰 제공
3420-YJLQT,Month-to-month,Fiber optic,0.015477,79.55,0.78048,장기 약정(1~2년) 전환 유도 및 결합 쿠폰 제공
7234-FECYN,Month-to-month,Fiber optic,0.014804,101.35,0.780383,장기 약정(1~2년) 전환 유도 및 결합 쿠폰 제공
9402-ORRAH,Month-to-month,Fiber optic,0.00454,91.5,0.780175,장기 약정(1~2년) 전환 유도 및 결합 쿠폰 제공
3247-ZVOUO,Month-to-month,Fiber optic,0.010074,85.55,0.779687,장기 약정(1~2년) 전환 유도 및 결합 쿠폰 제공
4039-HEUNW,Month-to-month,Fiber optic,0.007881,96.5,0.779016,장기 약정(1~2년) 전환 유도 및 결합 쿠폰 제공
5043-TRZWM,Month-to-month,Fiber optic,0.013339,75.55,0.778687,장기 약정(1~2년) 전환 유도 및 결합 쿠폰 제공
1389-CXMLU,Month-to-month,Fiber optic,0.012266,91.05,0.778202,장기 약정(1~2년) 전환 유도 및 결합 쿠폰 제공
3030-YDNRM,Month-to-month,Fiber optic,0.007103,74.85,0.778181,장기 약정(1~2년) 전환 유도 및 결합 쿠폰 제공
1285-OKIPP,Month-to-month,Fiber optic,0.010177,79.9,0.777847,장기 약정(1~2년) 전환 유도 및 결합 쿠폰 제공
4910-AQFFX,Month-to-month,Fiber optic,0.009776,79.35,0.777712,장기 약정(1~2년) 전환 유도 및 결합 쿠폰 제공
4706-AXVKM,Month-to-month,Fiber optic,0.00642,84.8,0.777647,장기 약정(1~2년) 전환 유도 및 결합 쿠폰 제공
5244-IRFIH,Month-to-month,Fiber optic,0.014324,94.5,0.77755,장기 약정(1~2년) 전환 유도 및 결합 쿠폰 제공
7595-EUIVN,Month-to-month,Fiber optic,0.021534,75.8,0.777522,장기 약정(1~2년) 전환 유도 및 결합 쿠폰 제공
2983-ZANRP,Month-to-month,Fiber optic,0.009434,73.55,0.777503,장기 약정(1~2년) 전환 유도 및 결합 쿠폰 제공
3453-RTHJQ,Month-to-month,Fiber optic,0.008818,69.1,0.777219,장기 약정(1~2년) 전환 유도 및 결합 쿠폰 제공
0576-WNXXC,Month-to-month,Fiber optic,0.021903,95.55,0.776958,장기 약정(1~2년) 전환 유도 및 결합 쿠폰 제공
4433-JCGCG,Month-to-month,Fiber optic,0.007753,101.0,0.776952,장기 약정(1~2년) 전환 유도 및 결합 쿠폰 제공
8290-YWKHZ,Month-to-month,Fiber optic,0.014505,93.2,0.776941,장기 약정(1~2년) 전환 유도 및 결합 쿠폰 제공
7479-NITWS,Month-to-month,Fiber optic,0.011023,89.35,0.776601,장기 약정(1~2년) 전환 유도 및 결합 쿠폰 제공
1658-BYGOY,Month-to-month,Fiber optic,0.012084,95.45,0.776578,장기 약정(1~2년) 전환 유도 및 결합 쿠폰 제공
5644-PDMZC,Month-to-month,Fiber optic,0.016223,89.5,0.775922,장기 약정(1~2년) 전환 유도 및 결합 쿠폰 제공
0515-YPMCW,Month-to-month,Fiber optic,0.009851,70.45,0.775868,장기 약정(1~2년) 전환 유도 및 결합 쿠폰 제공
8699-ASUFO,Month-to-month,Fiber optic,0.008297,74.4,0.775641,장기 약정(1~2년) 전환 유도 및 결합 쿠폰 제공
9172-ANCRX,Month-to-month,Fiber optic,0.010968,98.7,0.775605,장기 약정(1~2년) 전환 유도 및 결합 쿠폰 제공
8111-RKSPX,Month-to-month,Fiber optic,0.009255,72.2,0.775087,장기 약정(1~2년) 전환 유도 및 결합 쿠폰 제공
5366-IJEQJ,Month-to-month,Fiber optic,0.011939,88.7,0.775015,장기 약정(1~2년) 전환 유도 및 결합 쿠폰 제공
5261-QSHQM,Month-to-month,DSL,0.006676,24.45,0.774866,장기 약정(1~2년) 전환 유도
8642-GVWRF,Month-to-month,Fiber optic,0.009088,79.7,0.774805,장기 약정(1~2년) 전환 유도 및 결합 쿠폰 제공
7571-YXDAD,Month-to-month,Fiber optic,0.007776,74.9,0.77429,장기 약정(1~2년) 전환 유도 및 결합 쿠폰 제공
6519-CFDBX,Month-to-month,DSL,0.004713,45.4,0.774201,장기 약정(1~2년) 전환 유도
6319-IEJWJ,Month-to-month,Fiber optic,0.008005,90.2,0.773996,장기 약정(1~2년) 전환 유도 및 결합 쿠폰 제공
1016-DJTSV,Month-to-month,Fiber optic,0.007362,69.7,0.773613,장기 약정(1~2년) 전환 유도 및 결합 쿠폰 제공
5233-GEEAX,Month-to-month,DSL,0.009478,29.4,0.773371,장기 약정(1~2년) 전환 유도
6339-YPSAH,Month-to-month,Fiber optic,0.012492,73.8,0.773241,장기 약정(1~2년) 전환 유도 및 결합 쿠폰 제공
7802-EFKNY,Month-to-month,DSL,0.002912,24.95,0.772662,장기 약정(1~2년) 전환 유도
7587-RZNME,Month-to-month,DSL,0.004493,43.3,0.772405,장기 약정(1~2년) 전환 유도
0689-NKYLF,Month-to-month,Fiber optic,0.008747,83.2,0.772075,장기 약정(1~2년) 전환 유도 및 결합 쿠폰 제공
9576-ANLXO,Month-to-month,Fiber optic,0.015966,69.55,0.771883,장기 약정(1~2년) 전환 유도 및 결합 쿠폰 제공
4441-NIHPT,Month-to-month,Fiber optic,0.013214,74.3,0.771519,장기 약정(1~2년) 전환 유도 및 결합 쿠폰 제공
3254-YRILK,Month-to-month,Fiber optic,0.01956,88.2,0.770898,장기 약정(1~2년) 전환 유도 및 결합 쿠폰 제공
2754-VDLTR,Month-to-month,Fiber optic,0.009733,95.2,0.770456,장기 약정(1~2년) 전환 유도 및 결합 쿠폰 제공
9903-LYSAB,Month-to-month,Fiber optic,0.006187,73.15,0.769404,장기 약정(1~2년) 전환 유도 및 결합 쿠폰 제공
3663-MITLP,Month-to-month,Fiber optic,0.012171,101.25,0.768638,장기 약정(1~2년) 전환 유도 및 결합 쿠폰 제공
6221-AVQYL,Month-to-month,Fiber optic,0.010672,73.25,0.768549,장기 약정(1~2년) 전환 유도 및 결합 쿠폰 제공
9360-OMDZZ,Month-to-month,Fiber optic,0.012341,94.1,0.768122,장기 약정(1~2년) 전환 유도 및 결합 쿠폰 제공
3999-QGRJH,Month-to-month,Fiber optic,0.005793,69.7,0.768101,장기 약정(1~2년) 전환 유도 및 결합 쿠폰 제공
0265-EDXBD,Month-to-month,Fiber optic,0.016322,74.9,0.768011,장기 약정(1~2년) 전환 유도 및 결합 쿠폰 제공
0685-MLYYM,Month-to-month,Fiber optic,0.006733,70.75,0.76782,장기 약정(1~2년) 전환 유도 및 결합 쿠폰 제공
3640-PHQXK,Month-to-month,Fiber optic,0.008068,89.9,0.767811,장기 약정(1~2년) 전환 유도 및 결합 쿠폰 제공
9588-OZDMQ,Month-to-month,DSL,0.007174,45.0,0.767595,장기 약정(1~2년) 전환 유도
8080-DDEMJ,Month-to-month,DSL,0.007299,45.1,0.767586,장기 약정(1~2년) 전환 유도
0988-JRWWP,Month-to-month,DSL,0.009105,54.2,0.766398,장기 약정(1~2년) 전환 유도
8436-BJUMM,Month-to-month,Fiber optic,0.007008,83.75,0.766135,장기 약정(1~2년) 전환 유도 및 결합 쿠폰 제공
5956-YHHRX,Month-to-month,Fiber optic,0.010621,104.35,0.765882,장기 약정(1~2년) 전환 유도 및 결합 쿠폰 제공
6110-OHIHY,Month-to-month,Fiber optic,0.017713,79.25,0.765574,장기 약정(1~2년) 전환 유도 및 결합 쿠폰 제공
2685-SREOM,Month-to-month,Fiber optic,0.011592,89.1,0.765299,장기 약정(1~2년) 전환 유도 및 결합 쿠폰 제공
5364-EVNIB,Month-to-month,Fiber optic,0.009822,79.8,0.76481,장기 약정(1~2년) 전환 유도 및 결합 쿠폰 제공
1771-OADNZ,Month-to-month,Fiber optic,0.012399,95.9,0.76476,장기 약정(1~2년) 전환 유도 및 결합 쿠폰 제공
1200-TUZHR,Month-to-month,Fiber optic,0.018176,85.2,0.764663,장기 약정(1~2년) 전환 유도 및 결합 쿠폰 제공
8118-LSUEL,Month-to-month,Fiber optic,0.012698,106.4,0.764546,장기 약정(1~2년) 전환 유도 및 결합 쿠폰 제공
4291-SHSBH,Month-to-month,Fiber optic,0.011452,69.55,0.764486,장기 약정(1~2년) 전환 유도 및 결합 쿠폰 제공
6060-DRTNL,Month-to-month,Fiber optic,0.014897,84.85,0.764408,장기 약정(1~2년) 전환 유도 및 결합 쿠폰 제공
7394-FKDNK,Month-to-month,Fiber optic,0.01044,89.45,0.764032,장기 약정(1~2년) 전환 유도 및 결합 쿠폰 제공
3891-PUQOD,Month-to-month,DSL,0.009739,59.2,0.763452,장기 약정(1~2년) 전환 유도
9846-GKXAS,Month-to-month,Fiber optic,0.005534,90.8,0.763425,장기 약정(1~2년) 전환 유도 및 결합 쿠폰 제공
8873-GLDMH,Month-to-month,Fiber optic,0.012073,73.85,0.763387,장기 약정(1~2년) 전환 유도 및 결합 쿠폰 제공
5399-ZIMKF,Month-to-month,Fiber optic,0.016399,74.65,0.763254,장기 약정(1~2년) 전환 유도 및 결합 쿠폰 제공
0480-BIXDE,Month-to-month,Fiber optic,0.019321,96.8,0.762969,장기 약정(1~2년) 전환 유도 및 결합 쿠폰 제공
6047-YHPVI,Month-to-month,Fiber optic,0.007349,69.7,0.762933,장기 약정(1~2년) 전환 유도 및 결합 쿠폰 제공
3841-CONLJ,Month-to-month,DSL,0.004392,35.0,0.762851,장기 약정(1~2년) 전환 유도
3672-YITQD,Month-to-month,Fiber optic,0.007664,84.1,0.762842,장기 약정(1~2년) 전환 유도 및 결합 쿠폰 제공
5117-IFGPS,Month-to-month,Fiber optic,0.008962,84.3,0.762842,장기 약정(1~2년) 전환 유도 및 결합 쿠폰 제공
9274-CNFMO,Month-to-month,Fiber optic,0.010678,74.95,0.762834,장기 약정(1~2년) 전환 유도 및 결합 쿠폰 제공
4706-DGAHW,Month-to-month,DSL,0.010406,45.2,0.762823,장기 약정(1~2년) 전환 유도
8270-RKSAP,Month-to-month,Fiber optic,0.010105,70.5,0.762805,장기 약정(1~2년) 전환 유도 및 결합 쿠폰 제공
8325-QRPZR,Month-to-month,Fiber optic,0.00744,75.15,0.762553,장기 약정(1~2년) 전환 유도 및 결합 쿠폰 제공
0396-YCHWO,Month-to-month,Fiber optic,0.010862,95.4,0.762311,장기 약정(1~2년) 전환 유도 및 결합 쿠폰 제공
3393-FMZPV,Month-to-month,Fiber optic,0.013235,100.25,0.762099,장기 약정(1~2년) 전환 유도 및 결합 쿠폰 제공
6680-WKXRZ,Month-to-month,Fiber optic,0.010358,74.4,0.761859,장기 약정(1~2년) 전환 유도 및 결합 쿠폰 제공
0524-IAVZO,Month-to-month,Fiber optic,0.011284,85.0,0.761826,장기 약정(1~2년) 전환 유도 및 결합 쿠폰 제공
6899-PPEEA,Month-to-month,Fiber optic,0.017745,96.55,0.76167,장기 약정(1~2년) 전환 유도 및 결합 쿠폰 제공
1084-UQCHV,Month-to-month,Fiber optic,0.005751,69.75,0.76158,장기 약정(1~2년) 전환 유도 및 결합 쿠폰 제공
2815-CPTUL,Month-to-month,Fiber optic,0.016792,70.25,0.761172,장기 약정(1~2년) 전환 유도 및 결합 쿠폰 제공
6595-YGXIT,Month-to-month,Fiber optic,0.010448,88.95,0.761103,장기 약정(1~2년) 전환 유도 및 결합 쿠폰 제공
2789-HQBOU,Month-to-month,Fiber optic,0.013813,80.35,0.760606,장기 약정(1~2년) 전환 유도 및 결합 쿠폰 제공
2408-WITXK,Month-to-month,DSL,0.003167,34.7,0.760356,장기 약정(1~2년) 전환 유도
7825-GKXMW,Month-to-month,DSL,0.004043,45.8,0.760273,장기 약정(1~2년) 전환 유도
7854-FOKSF,Month-to-month,DSL,0.005564,35.9,0.76019,장기 약정(1~2년) 전환 유도
2372-HWUHI,Month-to-month,DSL,0.004347,44.35,0.759658,장기 약정(1~2년) 전환 유도
7079-QRCBC,Month-to-month,Fiber optic,0.009261,98.75,0.759339,장기 약정(1~2년) 전환 유도 및 결합 쿠폰 제공
3411-WLRSQ,Month-to-month,Fiber optic,0.014567,74.6,0.759332,장기 약정(1~2년) 전환 유도 및 결합 쿠폰 제공
6993-OHLXR,Month-to-month,Fiber optic,0.0061,68.95,0.759024,장기 약정(1~2년) 전환 유도 및 결합 쿠폰 제공
5729-KLZAR,Month-to-month,Fiber optic,0.015109,80.85,0.758876,장기 약정(1~2년) 전환 유도 및 결합 쿠폰 제공
2754-XBHTB,Month-to-month,Fiber optic,0.00991,77.65,0.75878,장기 약정(1~2년) 전환 유도 및 결합 쿠폰 제공
0231-LXVAP,Month-to-month,Fiber optic,0.017678,75.9,0.758662,장기 약정(1~2년) 전환 유도 및 결합 쿠폰 제공
4597-NUCQV,Month-to-month,Fiber optic,0.016791,101.25,0.758582,장기 약정(1~2년) 전환 유도 및 결합 쿠폰 제공
1393-IMKZG,Month-to-month,Fiber optic,0.012883,95.85,0.758495,장기 약정(1~2년) 전환 유도 및 결합 쿠폰 제공
2754-SDJRD,Month-to-month,Fiber optic,0.007657,100.15,0.757825,장기 약정(1~2년) 전환 유도 및 결합 쿠폰 제공
4301-VVZKA,Month-to-month,Fiber optic,0.004139,75.4,0.75778,장기 약정(1~2년) 전환 유도 및 결합 쿠폰 제공
3834-XUIFC,Month-to-month,Fiber optic,0.00977,85.2,0.757644,장기 약정(1~2년) 전환 유도 및 결합 쿠폰 제공
6275-YDUVO,Month-to-month,Fiber optic,0.01774,86.2,0.757636,장기 약정(1~2년) 전환 유도 및 결합 쿠폰 제공
4289-DTDKW,Month-to-month,Fiber optic,0.016948,101.3,0.757563,장기 약정(1~2년) 전환 유도 및 결합 쿠폰 제공
7392-YYPYJ,Month-to-month,Fiber optic,0.011743,100.65,0.757253,장기 약정(1~2년) 전환 유도 및 결합 쿠폰 제공
2154-KVJFF,Month-to-month,Fiber optic,0.016632,79.75,0.7572,장기 약정(1~2년) 전환 유도 및 결합 쿠폰 제공
7590-VHVEG,Month-to-month,DSL,0.005895,29.85,0.75698,장기 약정(1~2년) 전환 유도
2840-XANRC,Month-to-month,Fiber optic,0.005622,93.15,0.756809,장기 약정(1~2년) 전환 유도 및 결합 쿠폰 제공
6210-KBBPI,Month-to-month,Fiber optic,0.011595,99.45,0.756478,장기 약정(1~2년) 전환 유도 및 결합 쿠폰 제공
8739-WWKDU,Month-to-month,Fiber optic,0.008794,89.5,0.756185,장기 약정(1~2년) 전환 유도 및 결합 쿠폰 제공
1342-JPNKI,Month-to-month,Fiber optic,0.008205,86.05,0.756179,장기 약정(1~2년) 전환 유도 및 결합 쿠폰 제공
8417-FMLZI,Month-to-month,Fiber optic,0.009233,83.55,0.756135,장기 약정(1~2년) 전환 유도 및 결합 쿠폰 제공
1226-IENZN,Month-to-month,Fiber optic,0.01234,78.75,0.755887,장기 약정(1~2년) 전환 유도 및 결합 쿠폰 제공
4349-GFQHK,Month-to-month,DSL,0.008378,54.35,0.754578,장기 약정(1~2년) 전환 유도
3143-JQEGI,Month-to-month,Fiber optic,0.006782,88.35,0.754467,장기 약정(1~2년) 전환 유도 및 결합 쿠폰 제공
9606-PBKBQ,Month-to-month,Fiber optic,0.018707,85.0,0.754368,장기 약정(1~2년) 전환 유도 및 결합 쿠폰 제공
0947-IDHRQ,Month-to-month,Fiber optic,0.008869,80.3,0.754082,장기 약정(1~2년) 전환 유도 및 결합 쿠폰 제공
0812-WUPTB,Month-to-month,Fiber optic,0.004861,70.85,0.753947,장기 약정(1~2년) 전환 유도 및 결합 쿠폰 제공
4060-LDNLU,Month-to-month,Fiber optic,0.010935,96.2,0.753883,장기 약정(1~2년) 전환 유도 및 결합 쿠폰 제공
0345-HKJVM,Month-to-month,Fiber optic,0.014479,89.3,0.753449,장기 약정(1~2년) 전환 유도 및 결합 쿠폰 제공
5293-WXJAK,Month-to-month,Fiber optic,0.006546,104.05,0.753395,장기 약정(1~2년) 전환 유도 및 결합 쿠폰 제공
7206-PQBBZ,Month-to-month,Fiber optic,0.006829,70.2,0.753385,장기 약정(1~2년) 전환 유도 및 결합 쿠폰 제공
7137-RYLPP,Month-to-month,Fiber optic,0.020029,85.7,0.753177,장기 약정(1~2년) 전환 유도 및 결합 쿠폰 제공
0135-NMXAP,Month-to-month,Fiber optic,0.013112,89.75,0.753058,장기 약정(1~2년) 전환 유도 및 결합 쿠폰 제공
8374-XGEJJ,Month-to-month,Fiber optic,0.014217,101.0,0.753036,장기 약정(1~2년) 전환 유도 및 결합 쿠폰 제공
8337-MSSXB,Month-to-month,Fiber optic,0.004902,86.3,0.752903,장기 약정(1~2년) 전환 유도 및 결합 쿠폰 제공
1078-TDCRN,Month-to-month,DSL,0.002259,30.75,0.752805,장기 약정(1~2년) 전환 유도
7142-HVGBG,Month-to-month,Fiber optic,0.022446,103.0,0.752177,장기 약정(1~2년) 전환 유도 및 결합 쿠폰 제공
0616-ATFGB,Month-to-month,DSL,0.004457,25.05,0.752042,장기 약정(1~2년) 전환 유도
0151-ONTOV,Month-to-month,Fiber optic,0.005763,70.9,0.752026,장기 약정(1~2년) 전환 유도 및 결합 쿠폰 제공
8132-YPVBX,Month-to-month,Fiber optic,0.009828,85.95,0.752004,장기 약정(1~2년) 전환 유도 및 결합 쿠폰 제공
8720-RQSBJ,Month-to-month,DSL,0.008215,44.0,0.751973,장기 약정(1~2년) 전환 유도
9465-RWMXL,Month-to-month,Fiber optic,0.032231,78.9,0.751899,장기 약정(1~2년) 전환 유도 및 결합 쿠폰 제공
6651-AZVTJ,Month-to-month,Fiber optic,0.015749,99.8,0.751256,장기 약정(1~2년) 전환 유도 및 결합 쿠폰 제공
1751-NCDLI,Month-to-month,Fiber optic,0.014774,98.85,0.751256,장기 약정(1~2년) 전환 유도 및 결합 쿠폰 제공
1963-SVUCV,Month-to-month,DSL,0.006344,45.3,0.751156,장기 약정(1~2년) 전환 유도
6390-DSAZX,Month-to-month,Fiber optic,0.013854,73.6,0.750451,장기 약정(1~2년) 전환 유도 및 결합 쿠폰 제공
6393-WRYZE,Month-to-month,Fiber optic,0.029604,97.65,0.75027,장기 약정(1~2년) 전환 유도 및 결합 쿠폰 제공
7056-IMHCC,Month-to-month,Fiber optic,0.013159,101.9,0.749839,장기 약정(1~2년) 전환 유도 및 결합 쿠폰 제공
2568-OIADY,Month-to-month,Fiber optic,0.016367,99.5,0.749405,장기 약정(1~2년) 전환 유도 및 결합 쿠폰 제공
2985-FMWYF,Month-to-month,Fiber optic,0.033872,93.5,0.748417,장기 약정(1~2년) 전환 유도 및 결합 쿠폰 제공
4735-ASGMA,Month-to-month,Fiber optic,0.006489,98.35,0.74811,장기 약정(1~2년) 전환 유도 및 결합 쿠폰 제공
5976-JCJRH,Month-to-month,Fiber optic,0.003748,70.3,0.748107,장기 약정(1~2년) 전환 유도 및 결합 쿠폰 제공
7615-ESMYF,Month-to-month,DSL,0.004229,44.6,0.747982,장기 약정(1~2년) 전환 유도
6646-VRFOL,Month-to-month,Fiber optic,0.006109,103.85,0.747607,장기 약정(1~2년) 전환 유도 및 결합 쿠폰 제공
2439-LYPMQ,Month-to-month,Fiber optic,0.02122,102.6,0.747607,장기 약정(1~2년) 전환 유도 및 결합 쿠폰 제공
7065-YUNRY,Month-to-month,DSL,0.005244,45.3,0.747542,장기 약정(1~2년) 전환 유도
4298-OYIFC,Month-to-month,Fiber optic,0.022918,103.45,0.747505,장기 약정(1~2년) 전환 유도 및 결합 쿠폰 제공
9625-QSTYE,Month-to-month,Fiber optic,0.004888,81.15,0.747471,장기 약정(1~2년) 전환 유도 및 결합 쿠폰 제공
7534-BFESC,Month-to-month,Fiber optic,0.011725,76.1,0.747174,장기 약정(1~2년) 전환 유도 및 결합 쿠폰 제공
0946-CLJTI,Month-to-month,Fiber optic,0.009886,98.7,0.746856,장기 약정(1~2년) 전환 유도 및 결합 쿠폰 제공
8008-HAWED,Month-to-month,DSL,0.006443,50.75,0.746787,장기 약정(1~2년) 전환 유도
5884-GCYMI,Month-to-month,Fiber optic,0.006323,69.4,0.746758,장기 약정(1~2년) 전환 유도 및 결합 쿠폰 제공
3329-WDIOK,Month-to-month,DSL,0.008646,50.6,0.746665,장기 약정(1~2년) 전환 유도
8868-WOZGU,Month-to-month,Fiber optic,0.021245,105.7,0.746575,장기 약정(1~2년) 전환 유도 및 결합 쿠폰 제공
4201-JMNGR,Month-to-month,DSL,0.012192,55.8,0.746299,장기 약정(1~2년) 전환 유도
2135-DQWAQ,Month-to-month,Fiber optic,0.007091,85.3,0.745958,장기 약정(1~2년) 전환 유도 및 결합 쿠폰 제공
9752-ZNQUT,Month-to-month,DSL,0.00706,48.6,0.745891,장기 약정(1~2년) 전환 유도
8510-AWCXC,Month-to-month,Fiber optic,0.011222,100.8,0.745827,장기 약정(1~2년) 전환 유도 및 결합 쿠폰 제공
9436-ZBZCT,Month-to-month,Fiber optic,0.014824,89.95,0.7457,장기 약정(1~2년) 전환 유도 및 결합 쿠폰 제공
4317-VTEOA,Month-to-month,DSL,0.0073,50.75,0.744835,장기 약정(1~2년) 전환 유도
5609-CEBID,Month-to-month,Fiber optic,0.015343,94.1,0.744345,장기 약정(1~2년) 전환 유도 및 결합 쿠폰 제공
2675-DHUTR,Month-to-month,Fiber optic,0.017637,98.9,0.744045,장기 약정(1~2년) 전환 유도 및 결합 쿠폰 제공
5628-FCGYG,Month-to-month,Fiber optic,0.010584,84.1,0.743857,장기 약정(1~2년) 전환 유도 및 결합 쿠폰 제공
6994-KERXL,Month-to-month,DSL,0.00638,55.9,0.743235,장기 약정(1~2년) 전환 유도
8708-XPXHZ,Month-to-month,Fiber optic,0.023307,94.2,0.743214,장기 약정(1~2년) 전환 유도 및 결합 쿠폰 제공
8854-CCVSQ,Month-to-month,Fiber optic,0.017054,80.65,0.74317,장기 약정(1~2년) 전환 유도 및 결합 쿠폰 제공
9305-CDSKC,Month-to-month,Fiber optic,0.022997,99.65,0.743102,장기 약정(1~2년) 전환 유도 및 결합 쿠폰 제공
4450-DLLMH,Month-to-month,Fiber optic,0.008138,71.3,0.743013,장기 약정(1~2년) 전환 유도 및 결합 쿠폰 제공
6029-WTIPC,Month-to-month,Fiber optic,0.024039,101.1,0.742918,장기 약정(1~2년) 전환 유도 및 결합 쿠폰 제공
6298-QDFNH,Month-to-month,Fiber optic,0.015211,79.35,0.742883,장기 약정(1~2년) 전환 유도 및 결합 쿠폰 제공
9840-DVNDC,Month-to-month,Fiber optic,0.009036,80.5,0.742738,장기 약정(1~2년) 전환 유도 및 결합 쿠폰 제공
2082-OJVTK,Month-to-month,Fiber optic,0.0089,89.2,0.742669,장기 약정(1~2년) 전환 유도 및 결합 쿠폰 제공
8313-NDOIA,Month-to-month,Fiber optic,0.012848,104.15,0.742635,장기 약정(1~2년) 전환 유도 및 결합 쿠폰 제공
0940-OUQEC,Month-to-month,Fiber optic,0.008828,80.7,0.742523,장기 약정(1~2년) 전환 유도 및 결합 쿠폰 제공
5219-YIPTK,Month-to-month,Fiber optic,0.016754,104.4,0.742523,장기 약정(1~2년) 전환 유도 및 결합 쿠폰 제공
4277-PVRAN,Month-to-month,Fiber optic,0.007817,80.1,0.742362,장기 약정(1~2년) 전환 유도 및 결합 쿠폰 제공
4439-JMPMT,Month-to-month,Fiber optic,0.017614,85.75,0.74206,장기 약정(1~2년) 전환 유도 및 결합 쿠폰 제공
6689-TCZHQ,Month-to-month,Fiber optic,0.007516,78.95,0.74135,장기 약정(1~2년) 전환 유도 및 결합 쿠폰 제공
9734-YWGEX,Month-to-month,Fiber optic,0.008627,98.3,0.74101,장기 약정(1~2년) 전환 유도 및 결합 쿠폰 제공
3585-ISXZP,Month-to-month,Fiber optic,0.017193,95.65,0.740612,장기 약정(1~2년) 전환 유도 및 결합 쿠폰 제공
1612-EOHDH,Month-to-month,DSL,0.006433,45.15,0.740589,장기 약정(1~2년) 전환 유도
2737-YNGYW,Month-to-month,Fiber optic,0.019568,80.55,0.740526,장기 약정(1~2년) 전환 유도 및 결합 쿠폰 제공
1976-CFOCS,Month-to-month,DSL,0.003865,46.0,0.740519,장기 약정(1~2년) 전환 유도
0612-RTZZA,Month-to-month,DSL,0.003074,25.25,0.740289,장기 약정(1~2년) 전환 유도
3538-WZPHD,Month-to-month,DSL,0.001659,29.6,0.740088,장기 약정(1~2년) 전환 유도
6330-JKLPC,Month-to-month,Fiber optic,0.006155,80.5,0.739862,장기 약정(1~2년) 전환 유도 및 결합 쿠폰 제공
5233-AOZUF,Month-to-month,Fiber optic,0.012549,74.95,0.73959,장기 약정(1~2년) 전환 유도 및 결합 쿠폰 제공
5482-PLVPE,Month-to-month,DSL,0.002376,24.35,0.738801,장기 약정(1~2년) 전환 유도
8844-TONUD,Month-to-month,Fiber optic,0.010117,96.65,0.738706,장기 약정(1~2년) 전환 유도 및 결합 쿠폰 제공
5599-HVLTW,Month-to-month,Fiber optic,0.008942,80.35,0.738453,장기 약정(1~2년) 전환 유도 및 결합 쿠폰 제공
4817-VYYWS,Month-to-month,Fiber optic,0.010343,100.2,0.737998,장기 약정(1~2년) 전환 유도 및 결합 쿠폰 제공
5552-ZNFSJ,Month-to-month,DSL,0.00656,45.3,0.737985,장기 약정(1~2년) 전환 유도
7568-PODML,Month-to-month,DSL,0.005967,45.3,0.737936,장기 약정(1~2년) 전환 유도
6583-QGCSI,Month-to-month,Fiber optic,0.006483,88.05,0.737892,장기 약정(1~2년) 전환 유도 및 결합 쿠폰 제공
2809-ZMYOQ,Month-to-month,Fiber optic,0.033295,101.35,0.737773,장기 약정(1~2년) 전환 유도 및 결합 쿠폰 제공
3957-LXOLK,Month-to-month,Fiber optic,0.019312,106.15,0.737696,장기 약정(1~2년) 전환 유도 및 결합 쿠폰 제공
3370-HXOPH,Month-to-month,Fiber optic,0.005114,76.1,0.737677,장기 약정(1~2년) 전환 유도 및 결합 쿠폰 제공
8443-WVPSS,Month-to-month,Fiber optic,0.01172,99.85,0.737656,장기 약정(1~2년) 전환 유도 및 결합 쿠폰 제공
1254-IZEYF,Month-to-month,Fiber optic,0.02007,99.95,0.737653,장기 약정(1~2년) 전환 유도 및 결합 쿠폰 제공
4817-QRJSX,Month-to-month,Fiber optic,0.014576,81.0,0.737541,장기 약정(1~2년) 전환 유도 및 결합 쿠폰 제공
3951-NJCVI,Month-to-month,Fiber optic,0.015503,95.05,0.737293,장기 약정(1~2년) 전환 유도 및 결합 쿠폰 제공
7823-JSOAG,Month-to-month,Fiber optic,0.008484,74.5,0.736846,장기 약정(1~2년) 전환 유도 및 결합 쿠폰 제공
4484-GLZOU,Month-to-month,Fiber optic,0.011967,105.05,0.736592,장기 약정(1~2년) 전환 유도 및 결합 쿠폰 제공
2114-MGINA,Month-to-month,Fiber optic,0.012282,89.8,0.73635,장기 약정(1~2년) 전환 유도 및 결합 쿠폰 제공
8695-ARGXZ,Month-to-month,Fiber optic,0.011292,75.55,0.736312,장기 약정(1~2년) 전환 유도 및 결합 쿠폰 제공
9172-JITSM,Month-to-month,Fiber optic,0.012315,90.8,0.736297,장기 약정(1~2년) 전환 유도 및 결합 쿠폰 제공
6166-ILMNY,Month-to-month,Fiber optic,0.007032,69.75,0.736123,장기 약정(1~2년) 전환 유도 및 결합 쿠폰 제공
6017-PPLPX,Month-to-month,Fiber optic,0.006875,70.45,0.735838,장기 약정(1~2년) 전환 유도 및 결합 쿠폰 제공
9506-UXUSK,Month-to-month,Fiber optic,0.009809,70.15,0.735679,장기 약정(1~2년) 전환 유도 및 결합 쿠폰 제공
8610-WFCJF,Month-to-month,Fiber optic,0.007567,95.6,0.735422,장기 약정(1~2년) 전환 유도 및 결합 쿠폰 제공
4446-BZKHU,Month-to-month,Fiber optic,0.008883,105.55,0.735013,장기 약정(1~2년) 전환 유도 및 결합 쿠폰 제공
6496-JDSSB,Month-to-month,Fiber optic,0.005887,80.0,0.734878,장기 약정(1~2년) 전환 유도 및 결합 쿠폰 제공
0895-DQHEW,Month-to-month,Fiber optic,0.023312,104.3,0.734797,장기 약정(1~2년) 전환 유도 및 결합 쿠폰 제공
8648-PFRMP,Month-to-month,DSL,0.00758,46.35,0.734671,장기 약정(1~2년) 전환 유도
6918-UMQCG,Month-to-month,Fiber optic,0.006964,80.2,0.734544,장기 약정(1~2년) 전환 유도 및 결합 쿠폰 제공
0302-JOIVN,Month-to-month,Fiber optic,0.010234,101.15,0.734162,장기 약정(1~2년) 전환 유도 및 결합 쿠폰 제공
5364-XYIRR,Month-to-month,Fiber optic,0.030741,94.65,0.733641,장기 약정(1~2년) 전환 유도 및 결합 쿠폰 제공
0013-EXCHZ,Month-to-month,Fiber optic,0.009056,83.9,0.733569,장기 약정(1~2년) 전환 유도 및 결합 쿠폰 제공
1565-RHDJD,Month-to-month,Fiber optic,0.008372,84.05,0.733553,장기 약정(1~2년) 전환 유도 및 결합 쿠폰 제공
2636-OHFMN,Month-to-month,DSL,0.009992,48.55,0.733456,장기 약정(1~2년) 전환 유도
3488-PGMQJ,Month-to-month,Fiber optic,0.007831,74.5,0.733127,장기 약정(1~2년) 전환 유도 및 결합 쿠폰 제공
7912-SYRQT,Month-to-month,Fiber optic,0.009458,75.1,0.733107,장기 약정(1~2년) 전환 유도 및 결합 쿠폰 제공
5698-BQJOH,Month-to-month,Fiber optic,0.009233,94.4,0.733,장기 약정(1~2년) 전환 유도 및 결합 쿠폰 제공
1428-GTBJJ,Month-to-month,Fiber optic,0.007266,74.55,0.732999,장기 약정(1~2년) 전환 유도 및 결합 쿠폰 제공
7703-ZEKEF,Month-to-month,Fiber optic,0.013495,81.0,0.732885,장기 약정(1~2년) 전환 유도 및 결합 쿠폰 제공
5047-LHVLY,Month-to-month,DSL,0.009836,50.15,0.732858,장기 약정(1~2년) 전환 유도
8063-GBATB,Month-to-month,Fiber optic,0.012179,85.25,0.732816,장기 약정(1~2년) 전환 유도 및 결합 쿠폰 제공
5940-AHUHD,Month-to-month,Fiber optic,0.011141,70.6,0.73273,장기 약정(1~2년) 전환 유도 및 결합 쿠폰 제공
9824-BEMCV,Month-to-month,Fiber optic,0.010949,69.0,0.732566,장기 약정(1~2년) 전환 유도 및 결합 쿠폰 제공
6376-GAHQE,Month-to-month,Fiber optic,0.009752,77.85,0.732314,장기 약정(1~2년) 전환 유도 및 결합 쿠폰 제공
6543-XRMYR,Month-to-month,Fiber optic,0.011009,99.7,0.732018,장기 약정(1~2년) 전환 유도 및 결합 쿠폰 제공
4612-SSVHJ,Month-to-month,Fiber optic,0.01632,81.45,0.732014,장기 약정(1~2년) 전환 유도 및 결합 쿠폰 제공
9565-DJPIB,Month-to-month,Fiber optic,0.016468,89.6,0.731902,장기 약정(1~2년) 전환 유도 및 결합 쿠폰 제공
7402-EYFXX,Month-to-month,Fiber optic,0.017859,93.6,0.731833,장기 약정(1~2년) 전환 유도 및 결합 쿠폰 제공
2107-FBPTK,Month-to-month,Fiber optic,0.009971,104.1,0.731594,장기 약정(1~2년) 전환 유도 및 결합 쿠폰 제공
1475-VWVDO,Month-to-month,Fiber optic,0.019773,74.9,0.731362,장기 약정(1~2년) 전환 유도 및 결합 쿠폰 제공
8861-HGGKB,Month-to-month,Fiber optic,0.013099,86.45,0.731285,장기 약정(1~2년) 전환 유도 및 결합 쿠폰 제공
7218-HKQFK,Month-to-month,Fiber optic,0.018404,94.2,0.731281,장기 약정(1~2년) 전환 유도 및 결합 쿠폰 제공
1740-CSDJP,Month-to-month,DSL,0.00521,35.25,0.731236,장기 약정(1~2년) 전환 유도
3217-FZDMN,Month-to-month,Fiber optic,0.018652,94.45,0.731101,장기 약정(1~2년) 전환 유도 및 결합 쿠폰 제공
5980-NOPLP,Month-to-month,Fiber optic,0.007355,96.1,0.731093,장기 약정(1~2년) 전환 유도 및 결합 쿠폰 제공
8111-SLLHI,Month-to-month,Fiber optic,0.009667,105.65,0.730962,장기 약정(1~2년) 전환 유도 및 결합 쿠폰 제공
7480-QNVZJ,Month-to-month,Fiber optic,0.023238,95.7,0.730757,장기 약정(1~2년) 전환 유도 및 결합 쿠폰 제공
4873-ILOLJ,Month-to-month,Fiber optic,0.005291,90.35,0.730688,장기 약정(1~2년) 전환 유도 및 결합 쿠폰 제공
0404-SWRVG,Month-to-month,Fiber optic,0.008564,74.4,0.730571,장기 약정(1~2년) 전환 유도 및 결합 쿠폰 제공
9885-AIBVB,Month-to-month,Fiber optic,0.008134,85.8,0.730199,장기 약정(1~2년) 전환 유도 및 결합 쿠폰 제공
7890-VYYWG,Month-to-month,DSL,0.004546,36.45,0.730039,장기 약정(1~2년) 전환 유도
3384-CTMSF,Month-to-month,Fiber optic,0.011121,104.1,0.730036,장기 약정(1~2년) 전환 유도 및 결합 쿠폰 제공
6185-TASNN,Month-to-month,DSL,0.004296,46.3,0.729924,장기 약정(1~2년) 전환 유도
0491-KAPQG,Month-to-month,Fiber optic,0.006181,73.7,0.729891,장기 약정(1~2년) 전환 유도 및 결합 쿠폰 제공
5889-JTMUL,Month-to-month,Fiber optic,0.008661,95.05,0.729193,장기 약정(1~2년) 전환 유도 및 결합 쿠폰 제공
3398-ZOUAA,Month-to-month,Fiber optic,0.007102,69.1,0.72916,장기 약정(1~2년) 전환 유도 및 결합 쿠폰 제공
1092-GANHU,Month-to-month,Fiber optic,0.01501,76.65,0.728951,장기 약정(1~2년) 전환 유도 및 결합 쿠폰 제공
7517-LDMPS,Month-to-month,Fiber optic,0.010478,84.6,0.728851,장기 약정(1~2년) 전환 유도 및 결합 쿠폰 제공
5899-MQZZL,Month-to-month,Fiber optic,0.012895,75.0,0.728778,장기 약정(1~2년) 전환 유도 및 결합 쿠폰 제공
0023-XUOPT,Month-to-month,Fiber optic,0.006209,94.1,0.728679,장기 약정(1~2년) 전환 유도 및 결합 쿠폰 제공
2309-OSFEU,Month-to-month,DSL,0.00396,33.9,0.728599,장기 약정(1~2년) 전환 유도
5692-ICXLW,Month-to-month,Fiber optic,0.011661,90.7,0.728501,장기 약정(1~2년) 전환 유도 및 결합 쿠폰 제공
1450-GALXR,Month-to-month,Fiber optic,0.006801,98.5,0.728236,장기 약정(1~2년) 전환 유도 및 결합 쿠폰 제공
5857-TYBCJ,Month-to-month,Fiber optic,0.010387,89.2,0.727667,장기 약정(1~2년) 전환 유도 및 결합 쿠폰 제공
3318-OSATS,Month-to-month,Fiber optic,0.011987,95.45,0.727624,장기 약정(1~2년) 전환 유도 및 결합 쿠폰 제공
7786-WBJYI,Month-to-month,Fiber optic,0.007102,77.95,0.727348,장기 약정(1~2년) 전환 유도 및 결합 쿠폰 제공
7359-PTSXY,Month-to-month,DSL,0.005435,45.75,0.726816,장기 약정(1~2년) 전환 유도
4983-CCWMC,Month-to-month,Fiber optic,0.005684,69.6,0.726735,장기 약정(1~2년) 전환 유도 및 결합 쿠폰 제공
1251-KRREG,Month-to-month,DSL,0.0082,54.4,0.726607,장기 약정(1~2년) 전환 유도
6432-TWQLB,Month-to-month,Fiber optic,0.013664,85.4,0.726424,장기 약정(1~2년) 전환 유도 및 결합 쿠폰 제공
4813-HQMGZ,Month-to-month,Fiber optic,0.011836,90.25,0.726303,장기 약정(1~2년) 전환 유도 및 결합 쿠폰 제공
9821-POOTN,Month-to-month,Fiber optic,0.008662,75.2,0.726256,장기 약정(1~2년) 전환 유도 및 결합 쿠폰 제공
5989-PGKJB,Month-to-month,Fiber optic,0.007614,86.25,0.725866,장기 약정(1~2년) 전환 유도 및 결합 쿠폰 제공
3096-GKWEB,Month-to-month,Fiber optic,0.016288,94.75,0.72581,장기 약정(1~2년) 전환 유도 및 결합 쿠폰 제공
5543-QDCRY,Month-to-month,DSL,0.005813,56.4,0.725483,장기 약정(1~2년) 전환 유도
4749-VFKVB,Month-to-month,DSL,0.00768,50.1,0.725431,장기 약정(1~2년) 전환 유도
2079-FBMZK,Month-to-month,Fiber optic,0.008456,69.25,0.725224,장기 약정(1~2년) 전환 유도 및 결합 쿠폰 제공
8714-EUHJO,Month-to-month,Fiber optic,0.022553,91.15,0.725184,장기 약정(1~2년) 전환 유도 및 결합 쿠폰 제공
0322-CHQRU,Month-to-month,DSL,0.008585,45.35,0.725111,장기 약정(1~2년) 전환 유도
9269-CQOOL,Month-to-month,DSL,0.008778,54.7,0.72478,장기 약정(1~2년) 전환 유도
0887-HJGAR,Month-to-month,DSL,0.00733,45.7,0.724711,장기 약정(1~2년) 전환 유도
0506-LVNGN,Month-to-month,Fiber optic,0.005817,75.55,0.724652,장기 약정(1~2년) 전환 유도 및 결합 쿠폰 제공
0875-CABNR,Month-to-month,Fiber optic,0.010485,84.6,0.724635,장기 약정(1~2년) 전환 유도 및 결합 쿠폰 제공
8066-POXGX,Month-to-month,DSL,0.00401,35.1,0.724586,장기 약정(1~2년) 전환 유도
8276-MQBYC,Month-to-month,Fiber optic,0.01913,97.8,0.72445,장기 약정(1~2년) 전환 유도 및 결합 쿠폰 제공
4633-MKHYU,Month-to-month,Fiber optic,0.008686,88.4,0.724438,장기 약정(1~2년) 전환 유도 및 결합 쿠폰 제공
4636-QRJKY,Month-to-month,Fiber optic,0.013098,80.5,0.724183,장기 약정(1~2년) 전환 유도 및 결합 쿠폰 제공
9227-LUNBG,Month-to-month,DSL,0.002307,24.6,0.724134,장기 약정(1~2년) 전환 유도
7511-YMXVQ,Month-to-month,DSL,0.007245,45.4,0.724038,장기 약정(1~2년) 전환 유도
8280-MQRQN,Month-to-month,DSL,0.005674,50.45,0.723915,장기 약정(1~2년) 전환 유도
2482-CZGBB,Month-to-month,Fiber optic,0.011032,70.0,0.723609,장기 약정(1~2년) 전환 유도 및 결합 쿠폰 제공
3744-ZRRDZ,Month-to-month,Fiber optic,0.010635,82.35,0.723127,장기 약정(1~2년) 전환 유도 및 결합 쿠폰 제공
4572-DVCGN,Month-to-month,Fiber optic,0.014045,80.25,0.723003,장기 약정(1~2년) 전환 유도 및 결합 쿠폰 제공
3165-HDOEW,Month-to-month,DSL,0.005796,45.85,0.722905,장기 약정(1~2년) 전환 유도
5442-XSDCW,Month-to-month,Fiber optic,0.008452,79.5,0.722722,장기 약정(1~2년) 전환 유도 및 결합 쿠폰 제공
2359-KMGLI,Month-to-month,Fiber optic,0.011817,80.25,0.722689,장기 약정(1~2년) 전환 유도 및 결합 쿠폰 제공
5133-POWUA,Month-to-month,DSL,0.006305,45.8,0.722621,장기 약정(1~2년) 전환 유도
4958-XCBDQ,Month-to-month,Fiber optic,0.015507,101.4,0.722475,장기 약정(1~2년) 전환 유도 및 결합 쿠폰 제공
1866-RZZQS,Month-to-month,Fiber optic,0.01166,98.4,0.722475,장기 약정(1~2년) 전환 유도 및 결합 쿠폰 제공
1343-EHPYB,Month-to-month,Fiber optic,0.034829,103.4,0.722032,장기 약정(1~2년) 전환 유도 및 결합 쿠폰 제공
8263-JQAIK,Month-to-month,DSL,0.004629,24.45,0.721952,장기 약정(1~2년) 전환 유도
5655-JSMZM,Month-to-month,Fiber optic,0.01543,96.2,0.721378,장기 약정(1~2년) 전환 유도 및 결합 쿠폰 제공
2528-HFYZX,Month-to-month,Fiber optic,0.008919,76.45,0.721378,장기 약정(1~2년) 전환 유도 및 결합 쿠폰 제공
7422-WNBTY,Month-to-month,Fiber optic,0.011516,93.35,0.721293,장기 약정(1~2년) 전환 유도 및 결합 쿠폰 제공
2831-EBWRN,Month-to-month,DSL,0.004083,45.9,0.720675,장기 약정(1~2년) 전환 유도
9874-QLCLH,Month-to-month,Fiber optic,0.012553,104.2,0.720532,장기 약정(1~2년) 전환 유도 및 결합 쿠폰 제공
2984-MIIZL,Month-to-month,Fiber optic,0.013351,74.8,0.719761,장기 약정(1~2년) 전환 유도 및 결합 쿠폰 제공
8617-ENBDS,Month-to-month,Fiber optic,0.007676,73.6,0.719706,장기 약정(1~2년) 전환 유도 및 결합 쿠폰 제공
9801-GDWGV,Month-to-month,Fiber optic,0.050498,103.45,0.719374,장기 약정(1~2년) 전환 유도 및 결합 쿠폰 제공
3858-VOBET,Month-to-month,Fiber optic,0.010341,74.95,0.71928,장기 약정(1~2년) 전환 유도 및 결합 쿠폰 제공
0637-YLETY,Month-to-month,Fiber optic,0.026222,95.6,0.719068,장기 약정(1~2년) 전환 유도 및 결합 쿠폰 제공
8709-KRDVL,Month-to-month,Fiber optic,0.011409,100.0,0.71829,장기 약정(1~2년) 전환 유도 및 결합 쿠폰 제공
0661-XEYAN,Month-to-month,DSL,0.003578,25.8,0.718145,장기 약정(1~2년) 전환 유도
2362-IBOOY,Month-to-month,Fiber optic,0.023437,84.75,0.718122,장기 약정(1~2년) 전환 유도 및 결합 쿠폰 제공
9090-SGQXL,Month-to-month,Fiber optic,0.012106,105.3,0.717864,장기 약정(1~2년) 전환 유도 및 결합 쿠폰 제공
7586-ZATGZ,Month-to-month,Fiber optic,0.024512,84.9,0.717714,장기 약정(1~2년) 전환 유도 및 결합 쿠폰 제공
2397-BRLOM,Month-to-month,Fiber optic,0.008371,80.45,0.717584,장기 약정(1~2년) 전환 유도 및 결합 쿠폰 제공
9121-PHQSR,Month-to-month,Fiber optic,0.016271,85.05,0.717324,장기 약정(1~2년) 전환 유도 및 결합 쿠폰 제공
9430-FRQOC,Month-to-month,Fiber optic,0.007314,87.1,0.717134,장기 약정(1~2년) 전환 유도 및 결합 쿠폰 제공
4690-PKDQG,Month-to-month,Fiber optic,0.014843,95.55,0.717073,장기 약정(1~2년) 전환 유도 및 결합 쿠폰 제공
5692-FPTAH,Month-to-month,DSL,0.007904,45.4,0.716845,장기 약정(1~2년) 전환 유도
3334-CTHOL,Month-to-month,DSL,0.00736,49.95,0.716562,장기 약정(1~2년) 전환 유도
7780-OTDSO,Month-to-month,Fiber optic,0.025741,99.4,0.716508,장기 약정(1~2년) 전환 유도 및 결합 쿠폰 제공
5119-NZPTV,Month-to-month,Fiber optic,0.012575,70.1,0.71636,장기 약정(1~2년) 전환 유도 및 결합 쿠폰 제공
1902-XBTFB,Month-to-month,Fiber optic,0.016383,89.4,0.716062,장기 약정(1~2년) 전환 유도 및 결합 쿠폰 제공
9696-RMYBA,Month-to-month,Fiber optic,0.017155,80.1,0.71545,장기 약정(1~2년) 전환 유도 및 결합 쿠폰 제공
9250-WYPLL,Month-to-month,Fiber optic,0.021064,75.55,0.715162,장기 약정(1~2년) 전환 유도 및 결합 쿠폰 제공
1583-IHQZE,Month-to-month,Fiber optic,0.012191,112.95,0.715046,장기 약정(1~2년) 전환 유도 및 결합 쿠폰 제공
1728-BQDMA,Month-to-month,DSL,0.003421,44.45,0.714694,장기 약정(1~2년) 전환 유도
0378-NHQXU,Month-to-month,Fiber optic,0.007745,88.25,0.71435,장기 약정(1~2년) 전환 유도 및 결합 쿠폰 제공
8696-JKZNU,Month-to-month,Fiber optic,0.014913,76.25,0.71402,장기 약정(1~2년) 전환 유도 및 결합 쿠폰 제공
6907-NZZIJ,Month-to-month,Fiber optic,0.007478,99.15,0.713436,장기 약정(1~2년) 전환 유도 및 결합 쿠폰 제공
3427-GGZZI,Month-to-month,Fiber optic,0.015617,89.1,0.713212,장기 약정(1~2년) 전환 유도 및 결합 쿠폰 제공
5696-QURRL,Month-to-month,DSL,0.007386,45.05,0.712775,장기 약정(1~2년) 전환 유도
5019-GQVCR,Month-to-month,Fiber optic,0.007027,84.85,0.712746,장기 약정(1~2년) 전환 유도 및 결합 쿠폰 제공
1746-TGTWV,Month-to-month,Fiber optic,0.008605,75.35,0.712736,장기 약정(1~2년) 전환 유도 및 결합 쿠폰 제공
3292-PBZEJ,Month-to-month,Fiber optic,0.011389,111.4,0.71263,장기 약정(1~2년) 전환 유도 및 결합 쿠폰 제공
0362-ZBZWJ,Month-to-month,Fiber optic,0.019551,84.9,0.712395,장기 약정(1~2년) 전환 유도 및 결합 쿠폰 제공
7318-EIVKO,Month-to-month,DSL,0.007688,59.25,0.71221,장기 약정(1~2년) 전환 유도
4919-IKATY,Month-to-month,Fiber optic,0.015226,84.5,0.712003,장기 약정(1~2년) 전환 유도 및 결합 쿠폰 제공
1264-BYWMS,Month-to-month,Fiber optic,0.014611,96.8,0.711952,장기 약정(1~2년) 전환 유도 및 결합 쿠폰 제공
4290-BSXUX,Month-to-month,Fiber optic,0.012147,79.65,0.711921,장기 약정(1~2년) 전환 유도 및 결합 쿠폰 제공
9490-DFPMD,Month-to-month,Fiber optic,0.010654,84.65,0.711695,장기 약정(1~2년) 전환 유도 및 결합 쿠폰 제공
6338-AVWCY,Month-to-month,DSL,0.004142,40.15,0.711583,장기 약정(1~2년) 전환 유도
6712-OAWRH,Month-to-month,Fiber optic,0.016024,91.25,0.711197,장기 약정(1~2년) 전환 유도 및 결합 쿠폰 제공
3365-SAIGS,Month-to-month,Fiber optic,0.00536,83.55,0.711194,장기 약정(1~2년) 전환 유도 및 결합 쿠폰 제공
1335-NTIUC,Month-to-month,DSL,0.003555,24.95,0.711097,장기 약정(1~2년) 전환 유도
4550-VBOFE,Month-to-month,Fiber optic,0.012684,102.95,0.711083,장기 약정(1~2년) 전환 유도 및 결합 쿠폰 제공
4822-YCXMX,Month-to-month,Fiber optic,0.017852,84.8,0.71108,장기 약정(1~2년) 전환 유도 및 결합 쿠폰 제공
0420-HLGXF,Month-to-month,Fiber optic,0.01449,99.75,0.710787,장기 약정(1~2년) 전환 유도 및 결합 쿠폰 제공
1731-TVIUK,Month-to-month,Fiber optic,0.021777,93.5,0.710648,장기 약정(1~2년) 전환 유도 및 결합 쿠폰 제공
1845-ZLLIG,Month-to-month,DSL,0.006412,50.15,0.709526,장기 약정(1~2년) 전환 유도
4432-ADRLB,Month-to-month,DSL,0.008761,44.65,0.709478,장기 약정(1~2년) 전환 유도
1907-UBQFC,Month-to-month,Fiber optic,0.013369,72.85,0.709375,장기 약정(1~2년) 전환 유도 및 결합 쿠폰 제공
9600-NAXZN,Month-to-month,Fiber optic,0.011993,101.4,0.709123,장기 약정(1~2년) 전환 유도 및 결합 쿠폰 제공
1942-OQFRW,Month-to-month,DSL,0.00397,44.0,0.708889,장기 약정(1~2년) 전환 유도
1268-ASBGA,Month-to-month,Fiber optic,0.015814,85.35,0.708611,장기 약정(1~2년) 전환 유도 및 결합 쿠폰 제공
5937-EORGB,Month-to-month,Fiber optic,0.032696,96.5,0.708605,장기 약정(1~2년) 전환 유도 및 결합 쿠폰 제공
7442-YGZFK,Month-to-month,DSL,0.009562,49.8,0.70845,장기 약정(1~2년) 전환 유도
0324-BRPCJ,Month-to-month,Fiber optic,0.018969,100.2,0.708339,장기 약정(1~2년) 전환 유도 및 결합 쿠폰 제공
2608-BHKFN,Month-to-month,Fiber optic,0.00765,70.05,0.708292,장기 약정(1~2년) 전환 유도 및 결합 쿠폰 제공
6595-COKXZ,Month-to-month,DSL,0.005953,44.45,0.70828,장기 약정(1~2년) 전환 유도
7537-RBWEA,Month-to-month,DSL,0.005835,25.15,0.707907,장기 약정(1~2년) 전환 유도
5204-QZXPU,Month-to-month,DSL,0.007369,39.65,0.707839,장기 약정(1~2년) 전환 유도
5931-FLJJF,Month-to-month,Fiber optic,0.012686,70.1,0.707065,장기 약정(1~2년) 전환 유도 및 결합 쿠폰 제공
8393-DLHGA,Month-to-month,Fiber optic,0.0274,95.9,0.70677,장기 약정(1~2년) 전환 유도 및 결합 쿠폰 제공
3518-PZXZQ,Month-to-month,DSL,0.008265,55.3,0.706276,장기 약정(1~2년) 전환 유도
7207-RMRDB,Month-to-month,Fiber optic,0.009798,105.5,0.706262,장기 약정(1~2년) 전환 유도 및 결합 쿠폰 제공
0390-DCFDQ,Month-to-month,Fiber optic,0.006223,70.45,0.70626,장기 약정(1~2년) 전환 유도 및 결합 쿠폰 제공
7278-CKDNC,Month-to-month,Fiber optic,0.02948,80.5,0.706117,장기 약정(1~2년) 전환 유도 및 결합 쿠폰 제공
4854-CIDCF,Month-to-month,Fiber optic,0.00935,73.85,0.705876,장기 약정(1~2년) 전환 유도 및 결합 쿠폰 제공
3249-ZPQRG,Month-to-month,Fiber optic,0.014172,78.45,0.705746,장기 약정(1~2년) 전환 유도 및 결합 쿠폰 제공
0082-LDZUE,Month-to-month,DSL,0.005628,44.3,0.705128,장기 약정(1~2년) 전환 유도
8623-TMRBY,Month-to-month,Fiber optic,0.007243,84.2,0.704861,장기 약정(1~2년) 전환 유도 및 결합 쿠폰 제공
6240-EURKS,Month-to-month,DSL,0.004687,35.0,0.704837,장기 약정(1~2년) 전환 유도
3338-CVVEH,Month-to-month,Fiber optic,0.008772,94.55,0.704769,장기 약정(1~2년) 전환 유도 및 결합 쿠폰 제공
3440-JPSCL,Month-to-month,Fiber optic,0.011382,99.95,0.704491,장기 약정(1~2년) 전환 유도 및 결합 쿠폰 제공
0094-OIFMO,Month-to-month,Fiber optic,0.01741,95.0,0.704393,장기 약정(1~2년) 전환 유도 및 결합 쿠폰 제공
3496-LFSZU,Month-to-month,Fiber optic,0.010105,70.5,0.704069,장기 약정(1~2년) 전환 유도 및 결합 쿠폰 제공
4929-BSTRX,Month-to-month,DSL,0.006913,53.55,0.703831,장기 약정(1~2년) 전환 유도
4062-HBMOS,Month-to-month,Fiber optic,0.01707,103.05,0.703434,장기 약정(1~2년) 전환 유도 및 결합 쿠폰 제공
9851-QXEEQ,Month-to-month,Fiber optic,0.012295,104.7,0.703434,장기 약정(1~2년) 전환 유도 및 결합 쿠폰 제공
0330-IVZHA,Month-to-month,Fiber optic,0.013681,69.95,0.703265,장기 약정(1~2년) 전환 유도 및 결합 쿠폰 제공
7978-DKUQH,Month-to-month,Fiber optic,0.007319,74.6,0.703232,장기 약정(1~2년) 전환 유도 및 결합 쿠폰 제공
7801-KICAO,Month-to-month,Fiber optic,0.0095,74.15,0.703178,장기 약정(1~2년) 전환 유도 및 결합 쿠폰 제공
3346-BRMIS,Month-to-month,DSL,0.005125,48.35,0.703129,장기 약정(1~2년) 전환 유도
9947-OTFQU,Month-to-month,Fiber optic,0.008748,74.4,0.702961,장기 약정(1~2년) 전환 유도 및 결합 쿠폰 제공
4236-UJPWO,Month-to-month,DSL,0.002411,24.5,0.702719,장기 약정(1~2년) 전환 유도
3992-YWPKO,Month-to-month,Fiber optic,0.019295,109.9,0.702493,장기 약정(1~2년) 전환 유도 및 결합 쿠폰 제공
3926-CUQZX,Month-to-month,DSL,0.008659,45.1,0.702247,장기 약정(1~2년) 전환 유도
6212-ATMLK,Month-to-month,Fiber optic,0.010052,95.7,0.701915,장기 약정(1~2년) 전환 유도 및 결합 쿠폰 제공
4512-ZUIYL,Month-to-month,Fiber optic,0.005306,70.0,0.70186,장기 약정(1~2년) 전환 유도 및 결합 쿠폰 제공
3223-WZWJM,Month-to-month,Fiber optic,0.019478,83.95,0.701774,장기 약정(1~2년) 전환 유도 및 결합 쿠폰 제공
9432-VOFYX,Month-to-month,Fiber optic,0.012833,70.8,0.701759,장기 약정(1~2년) 전환 유도 및 결합 쿠폰 제공
5630-IXDXV,Month-to-month,Fiber optic,0.019462,106.35,0.701616,장기 약정(1~2년) 전환 유도 및 결합 쿠폰 제공
9741-YLNTD,Month-to-month,Fiber optic,0.012793,87.95,0.701455,장기 약정(1~2년) 전환 유도 및 결합 쿠폰 제공
2386-LAHRK,Month-to-month,DSL,0.003367,53.5,0.701091,장기 약정(1~2년) 전환 유도
5502-RLUYV,Month-to-month,Fiber optic,0.006982,103.95,0.700921,장기 약정(1~2년) 전환 유도 및 결합 쿠폰 제공
0939-YAPAF,Month-to-month,Fiber optic,0.017046,100.25,0.700455,장기 약정(1~2년) 전환 유도 및 결합 쿠폰 제공
3320-VEOYC,Month-to-month,Fiber optic,0.006109,95.6,0.699982,장기 약정(1~2년) 전환 유도 및 결합 쿠폰 제공
3799-ISUZQ,Month-to-month,Fiber optic,0.016104,69.95,0.69988,장기 약정(1~2년) 전환 유도 및 결합 쿠폰 제공
9722-UJOJR,Month-to-month,Fiber optic,0.01028,70.75,0.69983,장기 약정(1~2년) 전환 유도 및 결합 쿠폰 제공
6215-NQCPY,Month-to-month,Fiber optic,0.022548,99.7,0.699777,장기 약정(1~2년) 전환 유도 및 결합 쿠폰 제공
1875-QIVME,Month-to-month,Fiber optic,0.014635,104.4,0.699608,장기 약정(1~2년) 전환 유도 및 결합 쿠폰 제공
3629-ZNKXA,Month-to-month,Fiber optic,0.013765,101.8,0.699569,장기 약정(1~2년) 전환 유도 및 결합 쿠폰 제공
8818-DOPVL,Month-to-month,Fiber optic,0.009752,104.45,0.699449,장기 약정(1~2년) 전환 유도 및 결합 쿠폰 제공
3966-HRMZA,Month-to-month,Fiber optic,0.01108,75.05,0.699432,장기 약정(1~2년) 전환 유도 및 결합 쿠폰 제공
7233-DRTRF,Month-to-month,Fiber optic,0.0375,102.4,0.699268,장기 약정(1~2년) 전환 유도 및 결합 쿠폰 제공
2959-FENLU,Month-to-month,Fiber optic,0.005412,85.3,0.699121,장기 약정(1~2년) 전환 유도 및 결합 쿠폰 제공
8710-YGLWG,Month-to-month,DSL,0.006617,44.9,0.698388,장기 약정(1~2년) 전환 유도
9208-OLGAQ,Month-to-month,Fiber optic,0.011447,84.95,0.698233,장기 약정(1~2년) 전환 유도 및 결합 쿠폰 제공
6198-ZFIOJ,Month-to-month,Fiber optic,0.011398,75.6,0.698064,장기 약정(1~2년) 전환 유도 및 결합 쿠폰 제공
9136-ALYBR,Month-to-month,DSL,0.002725,24.45,0.698049,장기 약정(1~2년) 전환 유도
1792-UXAFY,Month-to-month,Fiber optic,0.008136,89.15,0.698034,장기 약정(1~2년) 전환 유도 및 결합 쿠폰 제공
6400-BWQKW,Month-to-month,Fiber optic,0.005498,79.05,0.697929,장기 약정(1~2년) 전환 유도 및 결합 쿠폰 제공
5712-PTIWW,Month-to-month,Fiber optic,0.015595,79.85,0.697844,장기 약정(1~2년) 전환 유도 및 결합 쿠폰 제공
1660-HSOOQ,Month-to-month,DSL,0.004308,49.65,0.69774,장기 약정(1~2년) 전환 유도
1723-HKXJQ,Month-to-month,Fiber optic,0.010119,101.75,0.697662,장기 약정(1~2년) 전환 유도 및 결합 쿠폰 제공
4009-ALQFH,Month-to-month,Fiber optic,0.016135,99.5,0.696836,장기 약정(1~2년) 전환 유도 및 결합 쿠폰 제공
9283-LZQOH,Month-to-month,Fiber optic,0.009085,74.4,0.696469,장기 약정(1~2년) 전환 유도 및 결합 쿠폰 제공
3884-HCSWG,Month-to-month,Fiber optic,0.022996,70.0,0.696267,장기 약정(1~2년) 전환 유도 및 결합 쿠폰 제공
2018-QKYGT,Month-to-month,Fiber optic,0.0082,81.05,0.695752,장기 약정(1~2년) 전환 유도 및 결합 쿠폰 제공
4351-QLCSU,Month-to-month,DSL,0.007926,55.0,0.695379,장기 약정(1~2년) 전환 유도
5480-HPRRX,Month-to-month,DSL,0.003064,25.3,0.695195,장기 약정(1~2년) 전환 유도
4553-DVPZG,Month-to-month,Fiber optic,0.009572,101.35,0.695105,장기 약정(1~2년) 전환 유도 및 결합 쿠폰 제공
5605-IYGFG,Month-to-month,Fiber optic,0.010886,69.85,0.694785,장기 약정(1~2년) 전환 유도 및 결합 쿠폰 제공
0337-CNPZE,Month-to-month,Fiber optic,0.021384,106.3,0.694692,장기 약정(1~2년) 전환 유도 및 결합 쿠폰 제공
5868-CZJDR,Month-to-month,DSL,0.003593,31.35,0.694654,장기 약정(1~2년) 전환 유도
3753-TSEMP,Month-to-month,Fiber optic,0.011059,88.15,0.694113,장기 약정(1~2년) 전환 유도 및 결합 쿠폰 제공
6956-SMUCM,Month-to-month,Fiber optic,0.028661,99.0,0.694029,장기 약정(1~2년) 전환 유도 및 결합 쿠폰 제공
6923-JHPMP,Month-to-month,Fiber optic,0.007469,80.45,0.693448,장기 약정(1~2년) 전환 유도 및 결합 쿠폰 제공
4704-ERYFC,Month-to-month,Fiber optic,0.013479,69.25,0.693437,장기 약정(1~2년) 전환 유도 및 결합 쿠폰 제공
1769-GRUIK,Month-to-month,Fiber optic,0.014151,71.1,0.693224,장기 약정(1~2년) 전환 유도 및 결합 쿠폰 제공
1666-JXLKU,Month-to-month,Fiber optic,0.009806,100.05,0.693078,장기 약정(1~2년) 전환 유도 및 결합 쿠폰 제공
0407-BDJKB,Month-to-month,Fiber optic,0.005629,95.75,0.693007,장기 약정(1~2년) 전환 유도 및 결합 쿠폰 제공
8486-AYEQH,Month-to-month,Fiber optic,0.014315,76.05,0.692574,장기 약정(1~2년) 전환 유도 및 결합 쿠폰 제공
2774-LVQUS,Month-to-month,Fiber optic,0.022677,83.05,0.691934,장기 약정(1~2년) 전환 유도 및 결합 쿠폰 제공
1469-LBJQJ,Month-to-month,Fiber optic,0.014398,105.2,0.691797,장기 약정(1~2년) 전환 유도 및 결합 쿠폰 제공
5652-MSDEY,Month-to-month,Fiber optic,0.010837,75.75,0.69162,장기 약정(1~2년) 전환 유도 및 결합 쿠폰 제공
1602-IJQQE,Month-to-month,Fiber optic,0.013199,75.35,0.691376,장기 약정(1~2년) 전환 유도 및 결합 쿠폰 제공
8938-UMKPI,Month-to-month,Fiber optic,0.012223,106.4,0.691287,장기 약정(1~2년) 전환 유도 및 결합 쿠폰 제공
1571-SAVHK,Month-to-month,Fiber optic,0.009547,99.95,0.691114,장기 약정(1~2년) 전환 유도 및 결합 쿠폰 제공
0876-WDUUZ,Month-to-month,Fiber optic,0.01173,85.4,0.689932,장기 약정(1~2년) 전환 유도 및 결합 쿠폰 제공
2080-CAZNM,Month-to-month,Fiber optic,0.023875,104.4,0.689928,장기 약정(1~2년) 전환 유도 및 결합 쿠폰 제공
0310-MVLET,Month-to-month,Fiber optic,0.015707,99.15,0.689838,장기 약정(1~2년) 전환 유도 및 결합 쿠폰 제공
1478-VPOAD,Month-to-month,DSL,0.002553,43.8,0.689767,장기 약정(1~2년) 전환 유도
3566-HJGPK,Month-to-month,DSL,0.005031,45.55,0.689571,장기 약정(1~2년) 전환 유도
2523-EWWZL,Month-to-month,Fiber optic,0.016388,76.1,0.689535,장기 약정(1~2년) 전환 유도 및 결합 쿠폰 제공
2371-JQHZZ,Month-to-month,Fiber optic,0.019771,93.0,0.68948,장기 약정(1~2년) 전환 유도 및 결합 쿠폰 제공
7938-OUHIO,Month-to-month,Fiber optic,0.005643,98.7,0.689442,장기 약정(1~2년) 전환 유도 및 결합 쿠폰 제공
9053-EJUNL,Month-to-month,Fiber optic,0.022174,89.2,0.689375,장기 약정(1~2년) 전환 유도 및 결합 쿠폰 제공
6629-CZTTH,Month-to-month,DSL,0.005245,55.7,0.68937,장기 약정(1~2년) 전환 유도
2468-SJFLM,Month-to-month,Fiber optic,0.009845,74.3,0.689248,장기 약정(1~2년) 전환 유도 및 결합 쿠폰 제공
2884-GBPFB,Month-to-month,Fiber optic,0.008822,70.3,0.689206,장기 약정(1~2년) 전환 유도 및 결합 쿠폰 제공
5429-LWCMV,Month-to-month,Fiber optic,0.011733,89.15,0.68917,장기 약정(1~2년) 전환 유도 및 결합 쿠폰 제공
4853-OITSN,Month-to-month,Fiber optic,0.014762,89.15,0.689144,장기 약정(1~2년) 전환 유도 및 결합 쿠폰 제공
9840-EFJQB,Month-to-month,Fiber optic,0.009093,74.35,0.688969,장기 약정(1~2년) 전환 유도 및 결합 쿠폰 제공
4847-QNOKA,Month-to-month,DSL,0.006204,44.9,0.688817,장기 약정(1~2년) 전환 유도
5647-FXOTP,Month-to-month,Fiber optic,0.018962,105.9,0.688495,장기 약정(1~2년) 전환 유도 및 결합 쿠폰 제공
0818-OCPZO,Month-to-month,Fiber optic,0.017406,81.45,0.688438,장기 약정(1~2년) 전환 유도 및 결합 쿠폰 제공
3186-BAXNB,Month-to-month,Fiber optic,0.012317,91.7,0.688047,장기 약정(1~2년) 전환 유도 및 결합 쿠폰 제공
8676-TRMJS,Month-to-month,Fiber optic,0.008368,75.0,0.68713,장기 약정(1~2년) 전환 유도 및 결합 쿠폰 제공
4195-NZGTA,Month-to-month,DSL,0.00194,25.25,0.687021,장기 약정(1~2년) 전환 유도
5650-YLIBA,Month-to-month,Fiber optic,0.013635,81.15,0.687001,장기 약정(1~2년) 전환 유도 및 결합 쿠폰 제공
2249-YPRNG,Month-to-month,Fiber optic,0.009196,105.85,0.686038,장기 약정(1~2년) 전환 유도 및 결합 쿠폰 제공
5022-KVDQT,Month-to-month,Fiber optic,0.007343,81.3,0.685969,장기 약정(1~2년) 전환 유도 및 결합 쿠폰 제공
6435-SRWBJ,Month-to-month,Fiber optic,0.009771,82.75,0.685961,장기 약정(1~2년) 전환 유도 및 결합 쿠폰 제공
2187-PKZAY,Month-to-month,Fiber optic,0.016674,79.95,0.685687,장기 약정(1~2년) 전환 유도 및 결합 쿠폰 제공
6543-CPZMK,Month-to-month,DSL,0.00408,29.95,0.685252,장기 약정(1~2년) 전환 유도
9365-SRSZE,Month-to-month,Fiber optic,0.007711,70.55,0.684352,장기 약정(1~2년) 전환 유도 및 결합 쿠폰 제공
4816-LXZYW,Month-to-month,Fiber optic,0.01126,79.15,0.683506,장기 약정(1~2년) 전환 유도 및 결합 쿠폰 제공
4558-FANTW,Month-to-month,Fiber optic,0.009518,91.85,0.683371,장기 약정(1~2년) 전환 유도 및 결합 쿠폰 제공
6198-RTPMF,Month-to-month,Fiber optic,0.014264,92.6,0.683266,장기 약정(1~2년) 전환 유도 및 결합 쿠폰 제공
6705-LXORM,Month-to-month,Fiber optic,0.010588,70.05,0.682941,장기 약정(1~2년) 전환 유도 및 결합 쿠폰 제공
3002-WQZWT,Month-to-month,Fiber optic,0.007101,74.2,0.682778,장기 약정(1~2년) 전환 유도 및 결합 쿠폰 제공
6817-WTYHE,Month-to-month,DSL,0.012886,44.9,0.682656,장기 약정(1~2년) 전환 유도
5028-GZLDO,Month-to-month,Fiber optic,0.003933,70.7,0.682592,장기 약정(1~2년) 전환 유도 및 결합 쿠폰 제공
3420-ZDBMA,Month-to-month,Fiber optic,0.006935,71.45,0.682556,장기 약정(1~2년) 전환 유도 및 결합 쿠폰 제공
0923-PNFUB,Month-to-month,Fiber optic,0.006936,83.75,0.68202,장기 약정(1~2년) 전환 유도 및 결합 쿠폰 제공
8819-IMISP,Month-to-month,Fiber optic,0.009533,80.45,0.681822,장기 약정(1~2년) 전환 유도 및 결합 쿠폰 제공
6734-GMPVK,Month-to-month,Fiber optic,0.0155,105.3,0.681579,장기 약정(1~2년) 전환 유도 및 결합 쿠폰 제공
6326-MTTXK,Month-to-month,Fiber optic,0.012907,100.85,0.680935,장기 약정(1~2년) 전환 유도 및 결합 쿠폰 제공
6906-ANDWJ,Month-to-month,Fiber optic,0.022,74.9,0.680814,장기 약정(1~2년) 전환 유도 및 결합 쿠폰 제공
4652-NNHNY,Month-to-month,Fiber optic,0.018855,73.85,0.680814,장기 약정(1~2년) 전환 유도 및 결합 쿠폰 제공
2378-VTKDH,Month-to-month,Fiber optic,0.015754,104.35,0.67992,장기 약정(1~2년) 전환 유도 및 결합 쿠폰 제공
2984-AFWNC,Month-to-month,Fiber optic,0.011091,95.4,0.679891,장기 약정(1~2년) 전환 유도 및 결합 쿠폰 제공
4074-SJFFA,Month-to-month,DSL,0.004492,54.75,0.67979,장기 약정(1~2년) 전환 유도
0374-IOEGQ,Month-to-month,DSL,0.006889,44.6,0.67974,장기 약정(1~2년) 전환 유도
6127-IYJOZ,Month-to-month,DSL,0.003878,45.85,0.679606,장기 약정(1~2년) 전환 유도
7295-JOMMD,Month-to-month,Fiber optic,0.006171,98.1,0.679384,장기 약정(1~2년) 전환 유도 및 결합 쿠폰 제공
0196-JTUQI,Month-to-month,Fiber optic,0.008672,75.2,0.679305,장기 약정(1~2년) 전환 유도 및 결합 쿠폰 제공
8168-UQWWF,Month-to-month,Fiber optic,0.012323,97.85,0.679025,장기 약정(1~2년) 전환 유도 및 결합 쿠폰 제공
4299-SIMNS,Month-to-month,Fiber optic,0.009394,81.15,0.678848,장기 약정(1~2년) 전환 유도 및 결합 쿠폰 제공
7924-GJZFI,Month-to-month,Fiber optic,0.010211,69.3,0.678381,장기 약정(1~2년) 전환 유도 및 결합 쿠폰 제공
6172-FECYY,Month-to-month,Fiber optic,0.011764,84.5,0.678346,장기 약정(1~2년) 전환 유도 및 결합 쿠폰 제공
9743-DQKQW,Month-to-month,DSL,0.003648,25.1,0.678242,장기 약정(1~2년) 전환 유도
6032-IGALN,Month-to-month,DSL,0.001643,25.1,0.67813,장기 약정(1~2년) 전환 유도
4367-NHWMM,Month-to-month,DSL,0.001284,24.9,0.67813,장기 약정(1~2년) 전환 유도
8433-WXGNA,Month-to-month,Fiber optic,0.009312,75.7,0.677911,장기 약정(1~2년) 전환 유도 및 결합 쿠폰 제공
8364-TRMMK,Month-to-month,DSL,0.003403,50.65,0.677801,장기 약정(1~2년) 전환 유도
9355-NPPFS,Month-to-month,Fiber optic,0.00642,78.8,0.677331,장기 약정(1~2년) 전환 유도 및 결합 쿠폰 제공
9117-SHLZX,Month-to-month,DSL,0.003723,45.7,0.677303,장기 약정(1~2년) 전환 유도
5380-WJKOV,Month-to-month,Fiber optic,0.011143,106.35,0.677036,장기 약정(1~2년) 전환 유도 및 결합 쿠폰 제공
9050-IKDZA,Month-to-month,Fiber optic,0.008812,81.5,0.67674,장기 약정(1~2년) 전환 유도 및 결합 쿠폰 제공
2582-FFFZR,Month-to-month,DSL,0.005256,50.6,0.676579,장기 약정(1~2년) 전환 유도
5087-SUURX,Month-to-month,DSL,0.002858,39.05,0.676484,장기 약정(1~2년) 전환 유도
7410-YTJIK,Month-to-month,Fiber optic,0.016724,75.45,0.67612,장기 약정(1~2년) 전환 유도 및 결합 쿠폰 제공
8180-AKMJV,Month-to-month,DSL,0.005112,44.55,0.676101,장기 약정(1~2년) 전환 유도
9058-CBREO,Month-to-month,DSL,0.010551,50.55,0.675771,장기 약정(1~2년) 전환 유도
8182-BJDSI,Month-to-month,Fiber optic,0.008346,89.95,0.674848,장기 약정(1~2년) 전환 유도 및 결합 쿠폰 제공
0531-ZZJWQ,Month-to-month,Fiber optic,0.0204,74.0,0.674329,장기 약정(1~2년) 전환 유도 및 결합 쿠폰 제공
0224-HJAPT,Month-to-month,DSL,0.006018,47.15,0.674157,장기 약정(1~2년) 전환 유도
2311-QYMUQ,Month-to-month,Fiber optic,0.019494,89.45,0.673646,장기 약정(1~2년) 전환 유도 및 결합 쿠폰 제공
4013-TLDHQ,Month-to-month,Fiber optic,0.018732,78.25,0.673597,장기 약정(1~2년) 전환 유도 및 결합 쿠폰 제공
8950-MTZNV,Month-to-month,DSL,0.004758,44.95,0.673176,장기 약정(1~2년) 전환 유도
5760-IFJOZ,Month-to-month,Fiber optic,0.029542,107.95,0.673156,장기 약정(1~2년) 전환 유도 및 결합 쿠폰 제공
8785-CJSHH,Month-to-month,Fiber optic,0.011433,99.8,0.673061,장기 약정(1~2년) 전환 유도 및 결합 쿠폰 제공
2722-JMONI,Month-to-month,DSL,0.004767,49.55,0.672829,장기 약정(1~2년) 전환 유도
4919-MOAVT,Month-to-month,Fiber optic,0.008924,69.65,0.672518,장기 약정(1~2년) 전환 유도 및 결합 쿠폰 제공
4505-EXZHB,Month-to-month,Fiber optic,0.009757,74.4,0.67247,장기 약정(1~2년) 전환 유도 및 결합 쿠폰 제공
6502-HCJTI,Month-to-month,Fiber optic,0.009282,94.7,0.672041,장기 약정(1~2년) 전환 유도 및 결합 쿠폰 제공
4480-QQRHC,Month-to-month,Fiber optic,0.009177,74.05,0.671713,장기 약정(1~2년) 전환 유도 및 결합 쿠폰 제공
8012-SOUDQ,Month-to-month,Fiber optic,0.019287,90.25,0.671712,장기 약정(1~2년) 전환 유도 및 결합 쿠폰 제공
6821-BUXUX,Month-to-month,Fiber optic,0.026391,96.65,0.671318,장기 약정(1~2년) 전환 유도 및 결합 쿠폰 제공
1730-ZMAME,Month-to-month,Fiber optic,0.011377,79.5,0.670981,장기 약정(1~2년) 전환 유도 및 결합 쿠폰 제공
4671-LXRDQ,Month-to-month,DSL,0.008586,45.0,0.670915,장기 약정(1~2년) 전환 유도
6377-WHAOX,Month-to-month,Fiber optic,0.010014,106.15,0.669591,장기 약정(1~2년) 전환 유도 및 결합 쿠폰 제공
6715-OFDBP,Month-to-month,DSL,0.005453,70.05,0.66935,장기 약정(1~2년) 전환 유도
4929-XIHVW,Month-to-month,Fiber optic,0.010842,95.5,0.669176,장기 약정(1~2년) 전환 유도 및 결합 쿠폰 제공
6103-BOCOU,Month-to-month,Fiber optic,0.005797,80.7,0.668802,장기 약정(1~2년) 전환 유도 및 결합 쿠폰 제공
3278-FSIXX,Month-to-month,DSL,0.009463,45.25,0.668393,장기 약정(1~2년) 전환 유도
6311-UEUME,Month-to-month,Fiber optic,0.009113,78.9,0.667908,장기 약정(1~2년) 전환 유도 및 결합 쿠폰 제공
9237-HQITU,Month-to-month,Fiber optic,0.017167,70.7,0.667857,장기 약정(1~2년) 전환 유도 및 결합 쿠폰 제공
0585-EGDDA,Month-to-month,Fiber optic,0.014928,80.0,0.66709,장기 약정(1~2년) 전환 유도 및 결합 쿠폰 제공
2637-FKFSY,Month-to-month,DSL,0.010765,46.1,0.666387,장기 약정(1~2년) 전환 유도
4029-HPFVY,Month-to-month,Fiber optic,0.005144,70.3,0.666379,장기 약정(1~2년) 전환 유도 및 결합 쿠폰 제공
6032-KRXXO,Month-to-month,Fiber optic,0.012203,90.25,0.666371,장기 약정(1~2년) 전환 유도 및 결합 쿠폰 제공
1013-QCWAM,Month-to-month,Fiber optic,0.014323,100.8,0.66632,장기 약정(1~2년) 전환 유도 및 결합 쿠폰 제공
3904-UKFRE,Month-to-month,Fiber optic,0.015934,80.1,0.666077,장기 약정(1~2년) 전환 유도 및 결합 쿠폰 제공
0329-GTIAJ,Month-to-month,Fiber optic,0.01474,97.9,0.665821,장기 약정(1~2년) 전환 유도 및 결합 쿠폰 제공
4959-JOSRX,Month-to-month,DSL,0.005721,44.6,0.665788,장기 약정(1~2년) 전환 유도
2592-SEIFQ,Month-to-month,DSL,0.001604,24.75,0.665743,장기 약정(1~2년) 전환 유도
6650-VJONK,Month-to-month,DSL,0.004642,43.85,0.665731,장기 약정(1~2년) 전환 유도
2081-VEYEH,Month-to-month,Fiber optic,0.017761,107.95,0.6656,장기 약정(1~2년) 전환 유도 및 결합 쿠폰 제공
4763-PGDPO,Month-to-month,Fiber optic,0.008385,70.4,0.6652,장기 약정(1~2년) 전환 유도 및 결합 쿠폰 제공
2025-JKFWI,Month-to-month,Fiber optic,0.012922,99.0,0.66494,장기 약정(1~2년) 전환 유도 및 결합 쿠폰 제공
8485-GJCDN,Month-to-month,Fiber optic,0.004343,69.05,0.664911,장기 약정(1~2년) 전환 유도 및 결합 쿠폰 제공
0650-BWOZN,Month-to-month,Fiber optic,0.011095,73.55,0.664868,장기 약정(1~2년) 전환 유도 및 결합 쿠폰 제공
9661-MHUMO,Month-to-month,DSL,0.004105,49.25,0.664248,장기 약정(1~2년) 전환 유도
0620-DLSLK,Month-to-month,Fiber optic,0.010493,81.9,0.664159,장기 약정(1~2년) 전환 유도 및 결합 쿠폰 제공
2275-RBYQS,Month-to-month,DSL,0.005224,45.4,0.664074,장기 약정(1~2년) 전환 유도
5935-FCCNB,Month-to-month,Fiber optic,0.01269,94.2,0.663987,장기 약정(1~2년) 전환 유도 및 결합 쿠폰 제공
8818-XYFCQ,Month-to-month,Fiber optic,0.006415,99.55,0.663813,장기 약정(1~2년) 전환 유도 및 결합 쿠폰 제공
5590-BYNII,Month-to-month,Fiber optic,0.013817,100.75,0.663682,장기 약정(1~2년) 전환 유도 및 결합 쿠폰 제공
3956-MGXOG,Month-to-month,Fiber optic,0.01279,80.6,0.663301,장기 약정(1~2년) 전환 유도 및 결합 쿠폰 제공
2232-DMLXU,Month-to-month,DSL,0.008877,55.2,0.663176,장기 약정(1~2년) 전환 유도
0772-GYEQQ,Month-to-month,Fiber optic,0.012908,88.35,0.663002,장기 약정(1~2년) 전환 유도 및 결합 쿠폰 제공
2373-NTKOD,Month-to-month,DSL,0.008884,66.25,0.662714,장기 약정(1~2년) 전환 유도
4385-GZQXV,Month-to-month,Fiber optic,0.013862,94.45,0.662644,장기 약정(1~2년) 전환 유도 및 결합 쿠폰 제공
0722-SVSFK,Month-to-month,Fiber optic,0.007835,100.4,0.661795,장기 약정(1~2년) 전환 유도 및 결합 쿠폰 제공
5701-YVSVF,Month-to-month,Fiber optic,0.008939,82.9,0.661196,장기 약정(1~2년) 전환 유도 및 결합 쿠폰 제공
7841-TZDMQ,Month-to-month,DSL,0.007055,46.0,0.661069,장기 약정(1~2년) 전환 유도
7663-RGWBC,Month-to-month,DSL,0.003105,44.15,0.660986,장기 약정(1~2년) 전환 유도
5650-VDUDS,Month-to-month,DSL,0.005826,24.25,0.660956,장기 약정(1~2년) 전환 유도
0533-BNWKF,Month-to-month,Fiber optic,0.011589,85.45,0.660376,장기 약정(1~2년) 전환 유도 및 결합 쿠폰 제공
3317-HRTNN,Month-to-month,DSL,0.007436,45.7,0.659935,장기 약정(1~2년) 전환 유도
0886-QGENL,Month-to-month,Fiber optic,0.012924,101.25,0.659427,장기 약정(1~2년) 전환 유도 및 결합 쿠폰 제공
0621-TWIEM,Month-to-month,DSL,0.006001,45.55,0.659373,장기 약정(1~2년) 전환 유도
9514-JDSKI,Month-to-month,DSL,0.006423,40.2,0.659235,장기 약정(1~2년) 전환 유도
4566-QVRRW,Month-to-month,DSL,0.007092,44.05,0.658219,장기 약정(1~2년) 전환 유도
8064-RAVOH,Month-to-month,DSL,0.006435,49.85,0.65816,장기 약정(1~2년) 전환 유도
5044-LRQAQ,Month-to-month,Fiber optic,0.004371,69.2,0.657778,장기 약정(1~2년) 전환 유도 및 결합 쿠폰 제공
6260-ONULR,Month-to-month,DSL,0.00958,62.8,0.657732,장기 약정(1~2년) 전환 유도
2103-ZRXFN,Month-to-month,DSL,0.006134,50.75,0.657065,장기 약정(1~2년) 전환 유도
6178-KFNHS,Month-to-month,Fiber optic,0.010738,78.3,0.656945,장기 약정(1~2년) 전환 유도 및 결합 쿠폰 제공
3961-SXAXY,Month-to-month,DSL,0.003781,44.05,0.656719,장기 약정(1~2년) 전환 유도
1934-SJVJK,Month-to-month,No,0.002354,20.15,0.656656,장기 약정(1~2년) 전환 유도
6615-ZGEDR,Month-to-month,No,0.002301,19.7,0.656656,장기 약정(1~2년) 전환 유도
6961-VCPMC,Month-to-month,Fiber optic,0.018288,80.4,0.656474,장기 약정(1~2년) 전환 유도 및 결합 쿠폰 제공
0793-TWELN,Month-to-month,Fiber optic,0.011013,80.15,0.656377,장기 약정(1~2년) 전환 유도 및 결합 쿠폰 제공
2189-WWOEW,Month-to-month,Fiber optic,0.006273,85.9,0.656317,장기 약정(1~2년) 전환 유도 및 결합 쿠폰 제공
5167-GBFRE,Month-to-month,DSL,0.002473,25.2,0.655492,장기 약정(1~2년) 전환 유도
3751-KTZEL,Month-to-month,DSL,0.007171,35.05,0.655193,장기 약정(1~2년) 전환 유도
0958-YHXGP,Month-to-month,Fiber optic,0.016116,69.9,0.655124,장기 약정(1~2년) 전환 유도 및 결합 쿠폰 제공
1918-ZBFQJ,Month-to-month,Fiber optic,0.010663,79.25,0.655119,장기 약정(1~2년) 전환 유도 및 결합 쿠폰 제공
8665-UTDHZ,Month-to-month,DSL,0.005996,30.2,0.654969,장기 약정(1~2년) 전환 유도
7752-XUSCI,Month-to-month,Fiber optic,0.018009,105.9,0.654192,장기 약정(1~2년) 전환 유도 및 결합 쿠폰 제공
5405-ZMYXQ,Month-to-month,Fiber optic,0.012108,74.6,0.654028,장기 약정(1~2년) 전환 유도 및 결합 쿠폰 제공
2603-HVKCG,Month-to-month,Fiber optic,0.015534,101.4,0.653939,장기 약정(1~2년) 전환 유도 및 결합 쿠폰 제공
3714-NTNFO,Month-to-month,Fiber optic,0.009798,84.5,0.653647,장기 약정(1~2년) 전환 유도 및 결합 쿠폰 제공
5590-YRFJT,Month-to-month,DSL,0.003486,24.45,0.652372,장기 약정(1~2년) 전환 유도
3565-UNOCC,Month-to-month,Fiber optic,0.010937,99.05,0.65219,장기 약정(1~2년) 전환 유도 및 결합 쿠폰 제공
0432-CAJZV,Month-to-month,Fiber optic,0.044274,90.7,0.652025,장기 약정(1~2년) 전환 유도 및 결합 쿠폰 제공
3916-NRPAP,Month-to-month,Fiber optic,0.012455,85.7,0.651912,장기 약정(1~2년) 전환 유도 및 결합 쿠폰 제공
4325-NFSKC,Month-to-month,Fiber optic,0.005731,90.6,0.651816,장기 약정(1~2년) 전환 유도 및 결합 쿠폰 제공
3050-GBUSH,Month-to-month,DSL,0.002121,34.8,0.651748,장기 약정(1~2년) 전환 유도
2038-OEQZH,Month-to-month,Fiber optic,0.009076,86.05,0.651383,장기 약정(1~2년) 전환 유도 및 결합 쿠폰 제공
9448-REEVD,Month-to-month,DSL,0.006503,44.7,0.651243,장기 약정(1~2년) 전환 유도
5669-SRAIP,Month-to-month,DSL,0.002324,39.5,0.651099,장기 약정(1~2년) 전환 유도
2195-ZRVAX,Month-to-month,Fiber optic,0.011189,85.3,0.651053,장기 약정(1~2년) 전환 유도 및 결합 쿠폰 제공
6347-DCUIK,Month-to-month,Fiber optic,0.013733,74.15,0.650775,장기 약정(1~2년) 전환 유도 및 결합 쿠폰 제공
2369-UAPKZ,Month-to-month,Fiber optic,0.009944,104.1,0.650714,장기 약정(1~2년) 전환 유도 및 결합 쿠폰 제공
5536-SLHPM,Month-to-month,Fiber optic,0.006946,77.75,0.649153,장기 약정(1~2년) 전환 유도 및 결합 쿠폰 제공
7855-DIWPO,Month-to-month,Fiber optic,0.005865,68.65,0.64902,장기 약정(1~2년) 전환 유도 및 결합 쿠폰 제공
9026-RNUJS,Month-to-month,DSL,0.007595,50.35,0.648935,장기 약정(1~2년) 전환 유도
9408-SSNVZ,Month-to-month,Fiber optic,0.005311,70.15,0.648176,장기 약정(1~2년) 전환 유도 및 결합 쿠폰 제공
0096-BXERS,Month-to-month,DSL,0.007718,50.35,0.647706,장기 약정(1~2년) 전환 유도
9637-EIHEQ,Month-to-month,DSL,0.015771,50.8,0.647619,장기 약정(1~2년) 전환 유도
4536-PLEQY,Month-to-month,Fiber optic,0.027175,85.05,0.64749,장기 약정(1~2년) 전환 유도 및 결합 쿠폰 제공
1670-SVOWZ,Month-to-month,Fiber optic,0.00934,89.65,0.647439,장기 약정(1~2년) 전환 유도 및 결합 쿠폰 제공
1384-RCUXW,Month-to-month,Fiber optic,0.021783,80.55,0.647347,장기 약정(1~2년) 전환 유도 및 결합 쿠폰 제공
2842-JTCCU,Month-to-month,DSL,0.006108,46.05,0.647195,장기 약정(1~2년) 전환 유도
6905-NIQIN,Month-to-month,DSL,0.006405,50.65,0.647019,장기 약정(1~2년) 전환 유도
0258-NOKBL,Month-to-month,Fiber optic,0.017031,90.4,0.646986,장기 약정(1~2년) 전환 유도 및 결합 쿠폰 제공
8035-PWSEV,Month-to-month,Fiber optic,0.008008,89.25,0.646809,장기 약정(1~2년) 전환 유도 및 결합 쿠폰 제공
9638-JIQYA,Month-to-month,DSL,0.00207,24.9,0.645376,장기 약정(1~2년) 전환 유도
3096-IZETN,Month-to-month,Fiber optic,0.009945,78.1,0.645292,장기 약정(1~2년) 전환 유도 및 결합 쿠폰 제공
9494-MRNYX,Month-to-month,Fiber optic,0.014686,75.05,0.645061,장기 약정(1~2년) 전환 유도 및 결합 쿠폰 제공
5899-OUVKV,Month-to-month,Fiber optic,0.017456,94.5,0.64445,장기 약정(1~2년) 전환 유도 및 결합 쿠폰 제공
5404-GGUKR,Month-to-month,DSL,0.005399,51.35,0.644262,장기 약정(1~2년) 전환 유도
6599-SFQVE,Month-to-month,DSL,0.003356,55.0,0.644043,장기 약정(1~2년) 전환 유도
4193-ORFCL,Month-to-month,DSL,0.008175,45.1,0.644016,장기 약정(1~2년) 전환 유도
8224-DWCKX,Month-to-month,Fiber optic,0.004468,73.3,0.644002,장기 약정(1~2년) 전환 유도 및 결합 쿠폰 제공
8824-RWFXJ,Month-to-month,DSL,0.00601,56.15,0.643995,장기 약정(1~2년) 전환 유도
4273-MBHYA,Month-to-month,Fiber optic,0.022867,89.35,0.643678,장기 약정(1~2년) 전환 유도 및 결합 쿠폰 제공
3946-MHCZW,Month-to-month,DSL,0.006073,50.9,0.643591,장기 약정(1~2년) 전환 유도
0430-IHCDJ,Month-to-month,DSL,0.006904,49.0,0.642979,장기 약정(1~2년) 전환 유도
6304-IJFSQ,Month-to-month,DSL,0.011135,49.9,0.642669,장기 약정(1~2년) 전환 유도
7562-UXTPG,Month-to-month,Fiber optic,0.011303,70.15,0.642519,장기 약정(1~2년) 전환 유도 및 결합 쿠폰 제공
1932-UEDCX,Month-to-month,Fiber optic,0.017572,100.6,0.642322,장기 약정(1~2년) 전환 유도 및 결합 쿠폰 제공
6778-YSNIH,Month-to-month,DSL,0.008646,59.0,0.642271,장기 약정(1~2년) 전환 유도
1010-DIAUQ,Month-to-month,Fiber optic,0.011798,96.5,0.642191,장기 약정(1~2년) 전환 유도 및 결합 쿠폰 제공
3413-BMNZE,Month-to-month,DSL,0.009423,45.25,0.641755,장기 약정(1~2년) 전환 유도
9620-ENEJV,Month-to-month,Fiber optic,0.020722,70.55,0.641736,장기 약정(1~2년) 전환 유도 및 결합 쿠폰 제공
7470-MCQTK,Month-to-month,DSL,0.01243,48.75,0.641361,장기 약정(1~2년) 전환 유도
8266-VBFQL,Month-to-month,Fiber optic,0.007159,90.4,0.641317,장기 약정(1~2년) 전환 유도 및 결합 쿠폰 제공
9108-EJFJP,Month-to-month,DSL,0.012733,53.55,0.641101,장기 약정(1~2년) 전환 유도
3536-IQCTX,Month-to-month,Fiber optic,0.008049,85.3,0.640779,장기 약정(1~2년) 전환 유도 및 결합 쿠폰 제공
5968-VXZLG,Month-to-month,DSL,0.003012,46.6,0.640318,장기 약정(1~2년) 전환 유도
8988-ECPJR,Month-to-month,Fiber optic,0.012801,79.6,0.640292,장기 약정(1~2년) 전환 유도 및 결합 쿠폰 제공
3703-KBKZP,Month-to-month,Fiber optic,0.009816,74.45,0.639948,장기 약정(1~2년) 전환 유도 및 결합 쿠폰 제공
4423-YLHDV,Month-to-month,Fiber optic,0.022311,104.4,0.6399,장기 약정(1~2년) 전환 유도 및 결합 쿠폰 제공
4583-PARNH,Month-to-month,Fiber optic,0.018881,91.55,0.639828,장기 약정(1~2년) 전환 유도 및 결합 쿠폰 제공
5091-HFAZW,Month-to-month,Fiber optic,0.012308,91.15,0.639626,장기 약정(1~2년) 전환 유도 및 결합 쿠폰 제공
9692-TUSXH,Month-to-month,Fiber optic,0.010064,96.05,0.639279,장기 약정(1~2년) 전환 유도 및 결합 쿠폰 제공
2860-RANUS,Month-to-month,Fiber optic,0.012746,85.8,0.639172,장기 약정(1~2년) 전환 유도 및 결합 쿠폰 제공
7562-GSUHK,Month-to-month,Fiber optic,0.016437,93.2,0.639075,장기 약정(1~2년) 전환 유도 및 결합 쿠폰 제공
9369-XFEHK,Month-to-month,Fiber optic,0.00506,80.6,0.638899,장기 약정(1~2년) 전환 유도 및 결합 쿠폰 제공
9279-CJEOJ,Month-to-month,Fiber optic,0.013673,95.4,0.638893,장기 약정(1~2년) 전환 유도 및 결합 쿠폰 제공
0529-ONKER,Month-to-month,Fiber optic,0.007799,75.65,0.638777,장기 약정(1~2년) 전환 유도 및 결합 쿠폰 제공
1522-VVDMG,Month-to-month,Fiber optic,0.005965,89.75,0.63821,장기 약정(1~2년) 전환 유도 및 결합 쿠폰 제공
5439-WIKXB,Month-to-month,Fiber optic,0.012456,94.55,0.637963,장기 약정(1~2년) 전환 유도 및 결합 쿠폰 제공
7952-OBOYL,Month-to-month,Fiber optic,0.011662,89.85,0.637873,장기 약정(1~2년) 전환 유도 및 결합 쿠폰 제공
0115-TFERT,Month-to-month,Fiber optic,0.027215,111.2,0.637808,장기 약정(1~2년) 전환 유도 및 결합 쿠폰 제공
4547-LYTDD,Month-to-month,Fiber optic,0.010951,72.65,0.636762,장기 약정(1~2년) 전환 유도 및 결합 쿠폰 제공
8630-FJLIB,Month-to-month,Fiber optic,0.00525,69.8,0.636536,장기 약정(1~2년) 전환 유도 및 결합 쿠폰 제공
7529-ZDFXI,Month-to-month,Fiber optic,0.010348,89.85,0.636162,장기 약정(1~2년) 전환 유도 및 결합 쿠폰 제공
3923-CSIHK,Month-to-month,Fiber optic,0.009318,71.05,0.635536,장기 약정(1~2년) 전환 유도 및 결합 쿠폰 제공
4662-EKDPQ,Month-to-month,DSL,0.010128,62.05,0.635208,장기 약정(1~2년) 전환 유도
5365-LLFYV,Month-to-month,DSL,0.003529,45.85,0.634943,장기 약정(1~2년) 전환 유도
3677-TNKIO,Month-to-month,Fiber optic,0.006591,71.0,0.634836,장기 약정(1~2년) 전환 유도 및 결합 쿠폰 제공
1307-ATKGB,Month-to-month,Fiber optic,0.005169,89.55,0.634738,장기 약정(1~2년) 전환 유도 및 결합 쿠폰 제공
8160-HOWOX,Month-to-month,DSL,0.008531,66.85,0.634372,장기 약정(1~2년) 전환 유도
7089-IVVAZ,Month-to-month,Fiber optic,0.029107,103.35,0.634051,장기 약정(1~2년) 전환 유도 및 결합 쿠폰 제공
1226-UDFZR,Month-to-month,DSL,0.002538,49.6,0.634024,장기 약정(1~2년) 전환 유도
8063-RJYNF,Month-to-month,Fiber optic,0.012424,94.25,0.633916,장기 약정(1~2년) 전환 유도 및 결합 쿠폰 제공
4183-MYFRB,Month-to-month,Fiber optic,0.033536,90.05,0.633761,장기 약정(1~2년) 전환 유도 및 결합 쿠폰 제공
9445-SZLCH,Month-to-month,Fiber optic,0.008437,97.35,0.633634,장기 약정(1~2년) 전환 유도 및 결합 쿠폰 제공
7579-OOPEC,Month-to-month,DSL,0.00603,50.15,0.633085,장기 약정(1~2년) 전환 유도
3070-DVEYC,Month-to-month,Fiber optic,0.009304,73.75,0.632441,장기 약정(1~2년) 전환 유도 및 결합 쿠폰 제공
2325-NBPZG,Month-to-month,Fiber optic,0.007408,74.55,0.63171,장기 약정(1~2년) 전환 유도 및 결합 쿠폰 제공
4154-AQUGT,Month-to-month,Fiber optic,0.026156,89.05,0.631673,장기 약정(1~2년) 전환 유도 및 결합 쿠폰 제공
8104-OSKWT,Month-to-month,Fiber optic,0.012577,79.8,0.631446,장기 약정(1~2년) 전환 유도 및 결합 쿠폰 제공
0637-UBJRP,Month-to-month,Fiber optic,0.006251,84.05,0.631333,장기 약정(1~2년) 전환 유도 및 결합 쿠폰 제공
6704-UTUKK,Month-to-month,DSL,0.006335,45.9,0.631111,장기 약정(1~2년) 전환 유도
0315-LVCRK,Month-to-month,Fiber optic,0.00615,84.8,0.630973,장기 약정(1~2년) 전환 유도 및 결합 쿠폰 제공
7593-XFKDI,Month-to-month,DSL,0.008806,46.3,0.629917,장기 약정(1~2년) 전환 유도
9274-UARKJ,Month-to-month,Fiber optic,0.017133,83.2,0.629911,장기 약정(1~2년) 전환 유도 및 결합 쿠폰 제공
0067-DKWBL,Month-to-month,DSL,0.011471,49.25,0.629833,장기 약정(1~2년) 전환 유도
3627-FCRDW,Month-to-month,Fiber optic,0.009737,71.0,0.629596,장기 약정(1~2년) 전환 유도 및 결합 쿠폰 제공
1101-SSWAG,Month-to-month,DSL,0.006146,51.1,0.629571,장기 약정(1~2년) 전환 유도
0601-WZHJF,Month-to-month,DSL,0.007776,46.35,0.628911,장기 약정(1~2년) 전환 유도
3755-JBMNH,Month-to-month,Fiber optic,0.006619,71.8,0.628581,장기 약정(1~2년) 전환 유도 및 결합 쿠폰 제공
5908-QMGOE,Month-to-month,Fiber optic,0.012281,74.2,0.627043,장기 약정(1~2년) 전환 유도 및 결합 쿠폰 제공
4570-QHXHL,Month-to-month,DSL,0.005262,43.75,0.626742,장기 약정(1~2년) 전환 유도
8999-BOHSE,Month-to-month,Fiber optic,0.00785,89.7,0.626389,장기 약정(1~2년) 전환 유도 및 결합 쿠폰 제공
0093-EXYQL,Month-to-month,Fiber optic,0.013575,91.55,0.626282,장기 약정(1~2년) 전환 유도 및 결합 쿠폰 제공
2955-BJZHG,Month-to-month,Fiber optic,0.014575,80.85,0.62525,장기 약정(1~2년) 전환 유도 및 결합 쿠폰 제공
5027-XWQHA,Month-to-month,DSL,0.007696,44.75,0.624916,장기 약정(1~2년) 전환 유도
4208-UFFGW,Month-to-month,DSL,0.00705,44.95,0.624724,장기 약정(1~2년) 전환 유도
1636-NTNCO,Month-to-month,DSL,0.006958,50.95,0.624668,장기 약정(1~2년) 전환 유도
1513-XNPPH,Month-to-month,Fiber optic,0.018618,89.4,0.624554,장기 약정(1~2년) 전환 유도 및 결합 쿠폰 제공
4686-UXDML,Month-to-month,Fiber optic,0.02005,99.85,0.624471,장기 약정(1~2년) 전환 유도 및 결합 쿠폰 제공
5307-DZCVC,Month-to-month,Fiber optic,0.00901,85.95,0.624397,장기 약정(1~2년) 전환 유도 및 결합 쿠폰 제공
3669-LVWZB,Month-to-month,DSL,0.006419,51.0,0.624393,장기 약정(1~2년) 전환 유도
8155-IBNHG,Month-to-month,Fiber optic,0.008816,75.4,0.624206,장기 약정(1~2년) 전환 유도 및 결합 쿠폰 제공
4818-QIUFN,Month-to-month,Fiber optic,0.020257,79.15,0.623825,장기 약정(1~2년) 전환 유도 및 결합 쿠폰 제공
7754-IXRMC,Month-to-month,DSL,0.005929,45.35,0.623745,장기 약정(1~2년) 전환 유도
6582-OIVSP,Month-to-month,DSL,0.0066,45.3,0.623591,장기 약정(1~2년) 전환 유도
3132-TVFDZ,Month-to-month,DSL,0.00558,44.85,0.62308,장기 약정(1~2년) 전환 유도
2209-XADXF,Month-to-month,DSL,0.006412,25.25,0.623024,장기 약정(1~2년) 전환 유도
2672-OJQZP,Month-to-month,DSL,0.008469,44.75,0.622701,장기 약정(1~2년) 전환 유도
5879-SESNB,Month-to-month,Fiber optic,0.004186,75.25,0.622677,장기 약정(1~2년) 전환 유도 및 결합 쿠폰 제공
5916-QEWPT,Month-to-month,DSL,0.009423,69.0,0.622642,장기 약정(1~2년) 전환 유도
2956-GGUCQ,Month-to-month,Fiber optic,0.011223,78.85,0.622327,장기 약정(1~2년) 전환 유도 및 결합 쿠폰 제공
0570-BFQHT,Month-to-month,Fiber optic,0.015754,80.55,0.62182,장기 약정(1~2년) 전환 유도 및 결합 쿠폰 제공
2506-CLAKW,Month-to-month,Fiber optic,0.011351,98.15,0.6217,장기 약정(1~2년) 전환 유도 및 결합 쿠폰 제공
6242-MBHPK,Month-to-month,Fiber optic,0.022389,95.1,0.621642,장기 약정(1~2년) 전환 유도 및 결합 쿠폰 제공
8601-QACRS,Month-to-month,DSL,0.007875,50.6,0.621457,장기 약정(1~2년) 전환 유도
5747-PMBSQ,Month-to-month,Fiber optic,0.008746,92.5,0.620925,장기 약정(1~2년) 전환 유도 및 결합 쿠폰 제공
3717-OEAUQ,Month-to-month,Fiber optic,0.008746,70.7,0.620779,장기 약정(1~2년) 전환 유도 및 결합 쿠폰 제공
5606-AMZBO,Month-to-month,Fiber optic,0.012111,78.15,0.620709,장기 약정(1~2년) 전환 유도 및 결합 쿠폰 제공
4077-CROMM,Month-to-month,Fiber optic,0.016535,104.2,0.6204,장기 약정(1~2년) 전환 유도 및 결합 쿠폰 제공
6719-OXYBR,Month-to-month,Fiber optic,0.017109,85.3,0.620282,장기 약정(1~2년) 전환 유도 및 결합 쿠폰 제공
8481-YYXWG,Month-to-month,Fiber optic,0.040808,89.35,0.620235,장기 약정(1~2년) 전환 유도 및 결합 쿠폰 제공
7901-HXJVA,Month-to-month,Fiber optic,0.014125,76.45,0.620079,장기 약정(1~2년) 전환 유도 및 결합 쿠폰 제공
9367-WXLCH,Month-to-month,Fiber optic,0.013676,84.5,0.619081,장기 약정(1~2년) 전환 유도 및 결합 쿠폰 제공
6877-LGWXO,Month-to-month,Fiber optic,0.004933,78.55,0.618967,장기 약정(1~2년) 전환 유도 및 결합 쿠폰 제공
6175-IRFIT,Month-to-month,Fiber optic,0.009248,78.75,0.618483,장기 약정(1~2년) 전환 유도 및 결합 쿠폰 제공
5138-WVKYJ,Month-to-month,Fiber optic,0.020844,98.55,0.61833,장기 약정(1~2년) 전환 유도 및 결합 쿠폰 제공
3995-WFCSM,Month-to-month,DSL,0.006919,60.85,0.617387,장기 약정(1~2년) 전환 유도
4667-OHGKG,Month-to-month,No,0.003256,19.3,0.617209,장기 약정(1~2년) 전환 유도
4546-FOKWR,Month-to-month,Fiber optic,0.004403,74.75,0.61712,장기 약정(1~2년) 전환 유도 및 결합 쿠폰 제공
3235-ETOOB,Month-to-month,Fiber optic,0.008283,74.5,0.616892,장기 약정(1~2년) 전환 유도 및 결합 쿠폰 제공
7426-RHZGU,Month-to-month,Fiber optic,0.014999,95.9,0.616761,장기 약정(1~2년) 전환 유도 및 결합 쿠폰 제공
1536-HBSWP,Month-to-month,DSL,0.008919,49.9,0.616668,장기 약정(1~2년) 전환 유도
6158-HDPXZ,Month-to-month,DSL,0.002321,25.35,0.616663,장기 약정(1~2년) 전환 유도
8404-GFGCZ,Month-to-month,DSL,0.00607,65.6,0.616404,장기 약정(1~2년) 전환 유도
2974-GGUXS,Month-to-month,Fiber optic,0.006019,91.95,0.616306,장기 약정(1~2년) 전환 유도 및 결합 쿠폰 제공
3671-SHRSP,Month-to-month,Fiber optic,0.009689,80.6,0.61606,장기 약정(1~2년) 전환 유도 및 결합 쿠폰 제공
3737-GCSPV,Month-to-month,Fiber optic,0.007062,96.2,0.615448,장기 약정(1~2년) 전환 유도 및 결합 쿠폰 제공
6987-XQSJT,Month-to-month,Fiber optic,0.016626,79.5,0.615384,장기 약정(1~2년) 전환 유도 및 결합 쿠폰 제공
1028-FFNJK,Month-to-month,Fiber optic,0.01173,101.5,0.615254,장기 약정(1~2년) 전환 유도 및 결합 쿠폰 제공
0749-IRGQE,Month-to-month,DSL,0.005569,45.3,0.615109,장기 약정(1~2년) 전환 유도
7460-ITWWP,Month-to-month,Fiber optic,0.019851,86.1,0.614885,장기 약정(1~2년) 전환 유도 및 결합 쿠폰 제공
0378-TOVMS,Month-to-month,Fiber optic,0.019278,85.8,0.614844,장기 약정(1~2년) 전환 유도 및 결합 쿠폰 제공
0596-BQCEQ,Month-to-month,Fiber optic,0.012412,100.15,0.614583,장기 약정(1~2년) 전환 유도 및 결합 쿠폰 제공
5981-ITEMU,Month-to-month,Fiber optic,0.02478,97.1,0.614511,장기 약정(1~2년) 전환 유도 및 결합 쿠폰 제공
0225-ZORZP,Month-to-month,Fiber optic,0.01367,84.3,0.61448,장기 약정(1~2년) 전환 유도 및 결합 쿠폰 제공
5226-NOZFC,Month-to-month,Fiber optic,0.013377,85.75,0.613751,장기 약정(1~2년) 전환 유도 및 결합 쿠폰 제공
1501-SGHBW,Month-to-month,DSL,0.008631,45.85,0.613328,장기 약정(1~2년) 전환 유도
8718-PTMEZ,Month-to-month,DSL,0.00429,31.05,0.613246,장기 약정(1~2년) 전환 유도
6022-UGGSO,Month-to-month,Fiber optic,0.010714,74.4,0.612982,장기 약정(1~2년) 전환 유도 및 결합 쿠폰 제공
4223-WOZCM,Month-to-month,DSL,0.004207,49.95,0.612687,장기 약정(1~2년) 전환 유도
6876-ADESB,Month-to-month,DSL,0.009134,48.95,0.61255,장기 약정(1~2년) 전환 유도
1658-TJVOA,Month-to-month,Fiber optic,0.011269,74.1,0.612394,장기 약정(1~2년) 전환 유도 및 결합 쿠폰 제공
2203-GHNWN,Month-to-month,Fiber optic,0.01296,79.65,0.612203,장기 약정(1~2년) 전환 유도 및 결합 쿠폰 제공
4647-MUZON,Month-to-month,Fiber optic,0.01271,95.95,0.612047,장기 약정(1~2년) 전환 유도 및 결합 쿠폰 제공
9940-HPQPG,Month-to-month,Fiber optic,0.01383,91.75,0.611952,장기 약정(1~2년) 전환 유도 및 결합 쿠폰 제공
8919-FYFQZ,Month-to-month,DSL,0.00202,30.35,0.611788,장기 약정(1~2년) 전환 유도
7783-YKGDV,Month-to-month,Fiber optic,0.015102,99.7,0.611118,장기 약정(1~2년) 전환 유도 및 결합 쿠폰 제공
2504-DSHIH,Month-to-month,Fiber optic,0.008731,86.8,0.610067,장기 약정(1~2년) 전환 유도 및 결합 쿠폰 제공
0388-EOPEX,Month-to-month,Fiber optic,0.009274,74.4,0.609917,장기 약정(1~2년) 전환 유도 및 결합 쿠폰 제공
7176-WIONM,Month-to-month,DSL,0.00736,49.85,0.609904,장기 약정(1~2년) 전환 유도
7284-BUYEC,Month-to-month,DSL,0.012308,50.95,0.609833,장기 약정(1~2년) 전환 유도
9415-DPEWS,Month-to-month,Fiber optic,0.012248,88.35,0.609396,장기 약정(1~2년) 전환 유도 및 결합 쿠폰 제공
6030-REHUX,Month-to-month,Fiber optic,0.011543,110.85,0.609375,장기 약정(1~2년) 전환 유도 및 결합 쿠폰 제공
6542-LWGXJ,Month-to-month,DSL,0.005341,25.0,0.609338,장기 약정(1~2년) 전환 유도
7377-DMMRI,Month-to-month,DSL,0.006598,47.8,0.609245,장기 약정(1~2년) 전환 유도
4030-VPZBD,Month-to-month,DSL,0.006347,30.9,0.60912,장기 약정(1~2년) 전환 유도
8614-VGMMV,Month-to-month,DSL,0.00612,49.1,0.608772,장기 약정(1~2년) 전환 유도
6413-XKKPU,Month-to-month,Fiber optic,0.011227,89.4,0.608407,장기 약정(1~2년) 전환 유도 및 결합 쿠폰 제공
6982-SSHFK,Month-to-month,DSL,0.010932,44.4,0.608026,장기 약정(1~2년) 전환 유도
9574-RKJIF,Month-to-month,Fiber optic,0.005362,94.4,0.608015,장기 약정(1~2년) 전환 유도 및 결합 쿠폰 제공
9133-AYJZG,Month-to-month,Fiber optic,0.005643,98.7,0.607679,장기 약정(1~2년) 전환 유도 및 결합 쿠폰 제공
3312-UUMZW,Month-to-month,Fiber optic,0.010195,98.85,0.607597,장기 약정(1~2년) 전환 유도 및 결합 쿠폰 제공
2187-LZGPL,Month-to-month,DSL,0.003548,40.1,0.607531,장기 약정(1~2년) 전환 유도
4146-SVFUD,Month-to-month,DSL,0.009184,44.6,0.607411,장기 약정(1~2년) 전환 유도
3768-NLUBH,Month-to-month,Fiber optic,0.009588,100.6,0.607374,장기 약정(1~2년) 전환 유도 및 결합 쿠폰 제공
7851-FLGGQ,Month-to-month,DSL,0.005588,44.65,0.606988,장기 약정(1~2년) 전환 유도
3798-EPWRR,Month-to-month,DSL,0.004469,43.95,0.60682,장기 약정(1~2년) 전환 유도
9601-BRXPO,Month-to-month,Fiber optic,0.008056,104.95,0.606576,장기 약정(1~2년) 전환 유도 및 결합 쿠폰 제공
5175-AOBHI,Month-to-month,DSL,0.007853,46.0,0.606019,장기 약정(1~2년) 전환 유도
8685-WHQPW,Month-to-month,Fiber optic,0.008058,74.4,0.605803,장기 약정(1~2년) 전환 유도 및 결합 쿠폰 제공
5119-KEPFY,Month-to-month,Fiber optic,0.006696,95.0,0.605785,장기 약정(1~2년) 전환 유도 및 결합 쿠폰 제공
4124-MMETB,Month-to-month,Fiber optic,0.008455,94.65,0.605717,장기 약정(1~2년) 전환 유도 및 결합 쿠폰 제공
5536-RTPWK,Month-to-month,Fiber optic,0.008089,99.05,0.605592,장기 약정(1~2년) 전환 유도 및 결합 쿠폰 제공
2141-RRYGO,Month-to-month,DSL,0.010326,68.65,0.605393,장기 약정(1~2년) 전환 유도
2739-CACDQ,Month-to-month,Fiber optic,0.006736,82.65,0.605157,장기 약정(1~2년) 전환 유도 및 결합 쿠폰 제공
4678-DVQEO,Month-to-month,DSL,0.004662,52.2,0.604721,장기 약정(1~2년) 전환 유도
0093-XWZFY,Month-to-month,Fiber optic,0.026745,104.5,0.604541,장기 약정(1~2년) 전환 유도 및 결합 쿠폰 제공
4658-HCOHW,Month-to-month,Fiber optic,0.016178,102.8,0.604055,장기 약정(1~2년) 전환 유도 및 결합 쿠폰 제공
6128-AQBMT,Month-to-month,DSL,0.004185,53.95,0.603797,장기 약정(1~2년) 전환 유도
8020-BWHYL,Month-to-month,Fiber optic,0.012528,75.3,0.603517,장기 약정(1~2년) 전환 유도 및 결합 쿠폰 제공
2080-GKCWQ,Month-to-month,Fiber optic,0.010454,74.95,0.603506,장기 약정(1~2년) 전환 유도 및 결합 쿠폰 제공
9898-KZQDZ,Month-to-month,Fiber optic,0.009351,94.55,0.60312,장기 약정(1~2년) 전환 유도 및 결합 쿠폰 제공
9540-JYROE,Month-to-month,Fiber optic,0.006866,70.1,0.602852,장기 약정(1~2년) 전환 유도 및 결합 쿠폰 제공
0439-IFYUN,Month-to-month,Fiber optic,0.013408,74.7,0.602548,장기 약정(1~2년) 전환 유도 및 결합 쿠폰 제공
9796-BPKIW,Month-to-month,Fiber optic,0.007189,69.95,0.602535,장기 약정(1~2년) 전환 유도 및 결합 쿠폰 제공
6366-ZGQGL,Month-to-month,DSL,0.00363,24.8,0.602415,장기 약정(1~2년) 전환 유도
5271-DBYSJ,Month-to-month,Fiber optic,0.004043,79.15,0.602219,장기 약정(1~2년) 전환 유도 및 결합 쿠폰 제공
0611-DFXKO,Month-to-month,Fiber optic,0.018281,89.0,0.602126,장기 약정(1~2년) 전환 유도 및 결합 쿠폰 제공
4587-NUKOX,Month-to-month,Fiber optic,0.00755,79.1,0.601677,장기 약정(1~2년) 전환 유도 및 결합 쿠폰 제공
1260-TTRXI,Month-to-month,DSL,0.016396,54.3,0.601553,장기 약정(1~2년) 전환 유도
2101-RANCD,Month-to-month,Fiber optic,0.005301,73.1,0.601503,장기 약정(1~2년) 전환 유도 및 결합 쿠폰 제공
1777-JYQPJ,Month-to-month,DSL,0.00332,24.3,0.601398,장기 약정(1~2년) 전환 유도
9281-PKKZE,Month-to-month,DSL,0.00569,43.95,0.601277,장기 약정(1~2년) 전환 유도
2979-SXESE,Month-to-month,Fiber optic,0.010309,94.4,0.601255,장기 약정(1~2년) 전환 유도 및 결합 쿠폰 제공
6243-OZGFH,Month-to-month,DSL,0.005472,44.95,0.600513,장기 약정(1~2년) 전환 유도
6204-IEUXJ,Month-to-month,Fiber optic,0.006266,80.1,0.600366,장기 약정(1~2년) 전환 유도 및 결합 쿠폰 제공
3001-CBHLQ,Month-to-month,Fiber optic,0.017747,104.9,0.599494,장기 약정(1~2년) 전환 유도 및 결합 쿠폰 제공
6339-DKLMK,Month-to-month,DSL,0.004118,31.65,0.599422,장기 약정(1~2년) 전환 유도
4361-JEIVL,Month-to-month,DSL,0.006458,44.4,0.599079,장기 약정(1~2년) 전환 유도
5373-SFODM,Month-to-month,Fiber optic,0.016932,85.25,0.598058,장기 약정(1~2년) 전환 유도 및 결합 쿠폰 제공
9058-MJLZC,Month-to-month,Fiber optic,0.016082,94.6,0.597754,장기 약정(1~2년) 전환 유도 및 결합 쿠폰 제공
9600-UDOPK,Month-to-month,Fiber optic,0.006755,94.05,0.597337,장기 약정(1~2년) 전환 유도 및 결합 쿠폰 제공
6034-YMTOB,Month-to-month,Fiber optic,0.009014,75.65,0.597064,장기 약정(1~2년) 전환 유도 및 결합 쿠폰 제공
4727-MCYZG,Month-to-month,DSL,0.004985,55.55,0.596567,장기 약정(1~2년) 전환 유도
4971-PUYQO,Month-to-month,Fiber optic,0.018154,94.55,0.596339,장기 약정(1~2년) 전환 유도 및 결합 쿠폰 제공
3597-MVHJT,Month-to-month,Fiber optic,0.019325,95.6,0.596339,장기 약정(1~2년) 전환 유도 및 결합 쿠폰 제공
1104-TNLZA,Month-to-month,Fiber optic,0.031035,105.8,0.596233,장기 약정(1~2년) 전환 유도 및 결합 쿠폰 제공
5392-AKEMH,Month-to-month,DSL,0.006216,45.05,0.596172,장기 약정(1~2년) 전환 유도
7714-YXSMB,Month-to-month,Fiber optic,0.011353,100.5,0.596167,장기 약정(1~2년) 전환 유도 및 결합 쿠폰 제공
7054-LGEQW,Month-to-month,DSL,0.00478,45.95,0.595487,장기 약정(1~2년) 전환 유도
8993-IZEUX,Month-to-month,Fiber optic,0.018002,69.15,0.59523,장기 약정(1~2년) 전환 유도 및 결합 쿠폰 제공
2344-JMOGN,Month-to-month,Fiber optic,0.021214,94.85,0.595203,장기 약정(1~2년) 전환 유도 및 결합 쿠폰 제공
6900-PXRMS,Month-to-month,Fiber optic,0.011213,105.75,0.595059,장기 약정(1~2년) 전환 유도 및 결합 쿠폰 제공
0581-BXBUB,Month-to-month,Fiber optic,0.010295,72.75,0.594971,장기 약정(1~2년) 전환 유도 및 결합 쿠폰 제공
4911-BANWH,Month-to-month,Fiber optic,0.01057,86.55,0.594828,장기 약정(1~2년) 전환 유도 및 결합 쿠폰 제공
4412-YLTKF,Month-to-month,Fiber optic,0.010619,78.05,0.594588,장기 약정(1~2년) 전환 유도 및 결합 쿠폰 제공
0374-AACSZ,Month-to-month,DSL,0.009727,50.15,0.594352,장기 약정(1~2년) 전환 유도
9050-QLROH,Month-to-month,Fiber optic,0.048136,90.7,0.594316,장기 약정(1~2년) 전환 유도 및 결합 쿠폰 제공
9667-EQRXU,Month-to-month,DSL,0.007928,40.3,0.593939,장기 약정(1~2년) 전환 유도
9214-EKVXR,Month-to-month,DSL,0.003334,44.0,0.593765,장기 약정(1~2년) 전환 유도
8260-NGFNY,Month-to-month,DSL,0.003829,25.2,0.593707,장기 약정(1~2년) 전환 유도
8286-AFUYI,Month-to-month,DSL,0.006986,47.95,0.593702,장기 약정(1~2년) 전환 유도
1794-HBQTJ,Month-to-month,DSL,0.010013,48.6,0.593386,장기 약정(1~2년) 전환 유도
7963-GQRMY,Month-to-month,DSL,0.0082,44.3,0.593354,장기 약정(1~2년) 전환 유도
0148-DCDOS,Month-to-month,Fiber optic,0.028595,94.7,0.593007,장기 약정(1~2년) 전환 유도 및 결합 쿠폰 제공
0447-RXSGD,Month-to-month,Fiber optic,0.011276,99.65,0.592899,장기 약정(1~2년) 전환 유도 및 결합 쿠폰 제공
0654-HMSHN,Month-to-month,Fiber optic,0.022081,104.4,0.592494,장기 약정(1~2년) 전환 유도 및 결합 쿠폰 제공
5419-KLXBN,Month-to-month,Fiber optic,0.006999,89.15,0.592253,장기 약정(1~2년) 전환 유도 및 결합 쿠폰 제공
4282-ACRXS,Month-to-month,DSL,0.003167,24.85,0.592139,장기 약정(1~2년) 전환 유도
3716-UVSPD,Month-to-month,DSL,0.00457,49.3,0.592029,장기 약정(1~2년) 전환 유도
9244-ZVAPM,Month-to-month,DSL,0.004009,45.6,0.591951,장기 약정(1~2년) 전환 유도
3804-RVTGV,Month-to-month,Fiber optic,0.00613,103.85,0.591927,장기 약정(1~2년) 전환 유도 및 결합 쿠폰 제공
6652-YFFJO,Month-to-month,DSL,0.010492,64.9,0.591639,장기 약정(1~2년) 전환 유도
5760-FXFVO,Month-to-month,Fiber optic,0.01044,78.95,0.591579,장기 약정(1~2년) 전환 유도 및 결합 쿠폰 제공
5858-EAFCZ,Month-to-month,DSL,0.004589,44.45,0.591551,장기 약정(1~2년) 전환 유도
9866-QEVEE,Month-to-month,Fiber optic,0.010652,86.0,0.591354,장기 약정(1~2년) 전환 유도 및 결합 쿠폰 제공
9693-XMUOB,Month-to-month,DSL,0.003912,50.25,0.590879,장기 약정(1~2년) 전환 유도
4958-GZWIY,Month-to-month,DSL,0.011077,48.7,0.589922,장기 약정(1~2년) 전환 유도
3085-QUOZK,Month-to-month,DSL,0.00462,43.95,0.589797,장기 약정(1~2년) 전환 유도
8212-CRQXP,Month-to-month,Fiber optic,0.007872,80.0,0.58964,장기 약정(1~2년) 전환 유도 및 결합 쿠폰 제공
9895-VFOXH,Month-to-month,DSL,0.005129,24.4,0.589542,장기 약정(1~2년) 전환 유도
5035-BVCXS,Month-to-month,Fiber optic,0.016815,75.9,0.58948,장기 약정(1~2년) 전환 유도 및 결합 쿠폰 제공
6410-LEFEN,Month-to-month,DSL,0.005215,45.15,0.588617,장기 약정(1~2년) 전환 유도
2277-VWCNI,Month-to-month,DSL,0.006404,48.75,0.588407,장기 약정(1~2년) 전환 유도
2694-CIUMO,Month-to-month,Fiber optic,0.016003,79.55,0.588398,장기 약정(1~2년) 전환 유도 및 결합 쿠폰 제공
7739-LAXOG,Month-to-month,Fiber optic,0.016913,91.05,0.588274,장기 약정(1~2년) 전환 유도 및 결합 쿠폰 제공
3627-FHKBK,Month-to-month,Fiber optic,0.00929,75.3,0.587928,장기 약정(1~2년) 전환 유도 및 결합 쿠폰 제공
3797-FKOGQ,Month-to-month,Fiber optic,0.013889,86.2,0.587896,장기 약정(1~2년) 전환 유도 및 결합 쿠폰 제공
7718-RXDGG,Month-to-month,Fiber optic,0.006503,68.6,0.587648,장기 약정(1~2년) 전환 유도 및 결합 쿠폰 제공
9286-DOJGF,Month-to-month,Fiber optic,0.008687,74.95,0.587584,장기 약정(1~2년) 전환 유도 및 결합 쿠폰 제공
9167-APMXZ,Month-to-month,Fiber optic,0.011972,84.15,0.58749,장기 약정(1~2년) 전환 유도 및 결합 쿠폰 제공
9492-TOKRI,Month-to-month,Fiber optic,0.017426,90.0,0.587469,장기 약정(1~2년) 전환 유도 및 결합 쿠폰 제공
3376-BMGFE,Month-to-month,Fiber optic,0.008813,70.9,0.587434,장기 약정(1~2년) 전환 유도 및 결합 쿠폰 제공
1833-TCXKK,Month-to-month,Fiber optic,0.018922,107.75,0.587026,장기 약정(1~2년) 전환 유도 및 결합 쿠폰 제공
3023-GFLBR,Month-to-month,Fiber optic,0.015129,86.15,0.587011,장기 약정(1~2년) 전환 유도 및 결합 쿠폰 제공
9631-XEYKE,Month-to-month,DSL,0.005204,50.4,0.586994,장기 약정(1~2년) 전환 유도
3148-BLQJT,Month-to-month,No,0.003944,20.1,0.58693,장기 약정(1~2년) 전환 유도
9398-MMQTO,Month-to-month,Fiber optic,0.01207,74.45,0.586407,장기 약정(1~2년) 전환 유도 및 결합 쿠폰 제공
9658-WYUFB,Month-to-month,Fiber optic,0.009032,94.4,0.58627,장기 약정(1~2년) 전환 유도 및 결합 쿠폰 제공
5960-MVTUK,Month-to-month,DSL,0.006007,29.75,0.585965,장기 약정(1~2년) 전환 유도
3748-FVMZZ,Month-to-month,DSL,0.003573,40.05,0.585612,장기 약정(1~2년) 전환 유도
3703-VAVCL,Month-to-month,Fiber optic,0.011866,90.0,0.585396,장기 약정(1~2년) 전환 유도 및 결합 쿠폰 제공
3196-NVXLZ,Month-to-month,Fiber optic,0.019966,84.6,0.585017,장기 약정(1~2년) 전환 유도 및 결합 쿠폰 제공
8949-JTMAY,Month-to-month,Fiber optic,0.014647,98.6,0.585,장기 약정(1~2년) 전환 유도 및 결합 쿠폰 제공
2951-QOQTK,Month-to-month,Fiber optic,0.016134,80.8,0.58456,장기 약정(1~2년) 전환 유도 및 결합 쿠폰 제공
4109-CYRBD,Month-to-month,DSL,0.005443,51.6,0.584431,장기 약정(1~2년) 전환 유도
5299-RULOA,Month-to-month,Fiber optic,0.011979,100.25,0.584415,장기 약정(1~2년) 전환 유도 및 결합 쿠폰 제공
8450-UYIBU,Month-to-month,DSL,0.009812,39.85,0.584294,장기 약정(1~2년) 전환 유도
0921-OHLVP,Month-to-month,Fiber optic,0.014429,83.05,0.583845,장기 약정(1~2년) 전환 유도 및 결합 쿠폰 제공
1754-GKYPY,Month-to-month,Fiber optic,0.0095,89.75,0.583707,장기 약정(1~2년) 전환 유도 및 결합 쿠폰 제공
0032-PGELS,Month-to-month,DSL,0.002394,30.5,0.583463,장기 약정(1~2년) 전환 유도
2207-NHRJK,Month-to-month,DSL,0.004279,50.8,0.583193,장기 약정(1~2년) 전환 유도
9572-WUKSB,Month-to-month,DSL,0.002821,29.9,0.583151,장기 약정(1~2년) 전환 유도
5712-AHQNN,Month-to-month,Fiber optic,0.01057,91.65,0.582528,장기 약정(1~2년) 전환 유도 및 결합 쿠폰 제공
7351-KYHQH,Month-to-month,DSL,0.012744,64.95,0.58244,장기 약정(1~2년) 전환 유도
0786-VSSUD,Month-to-month,DSL,0.003531,39.0,0.582386,장기 약정(1~2년) 전환 유도
5498-TXHLF,Month-to-month,Fiber optic,0.016284,87.45,0.582022,장기 약정(1~2년) 전환 유도 및 결합 쿠폰 제공
4065-JJAVA,Month-to-month,DSL,0.0056,49.5,0.581837,장기 약정(1~2년) 전환 유도
8637-XJIVR,Month-to-month,Fiber optic,0.006482,78.95,0.581742,장기 약정(1~2년) 전환 유도 및 결합 쿠폰 제공
2625-TRCZQ,Month-to-month,DSL,0.006113,49.65,0.581103,장기 약정(1~2년) 전환 유도
6689-KXGBO,Month-to-month,DSL,0.006265,50.55,0.580914,장기 약정(1~2년) 전환 유도
5480-TBGPH,Month-to-month,Fiber optic,0.017453,99.3,0.580684,장기 약정(1~2년) 전환 유도 및 결합 쿠폰 제공
8903-XEBGX,Month-to-month,DSL,0.010726,55.3,0.580629,장기 약정(1~2년) 전환 유도
7339-POGZN,Month-to-month,DSL,0.004811,50.7,0.580399,장기 약정(1~2년) 전환 유도
3325-FUYCG,One year,Fiber optic,0.035949,106.1,0.580285,결합 쿠폰 제공
4128-ETESU,Month-to-month,Fiber optic,0.013624,99.7,0.580275,장기 약정(1~2년) 전환 유도 및 결합 쿠폰 제공
7240-FQLHE,Month-to-month,Fiber optic,0.01224,99.75,0.580215,장기 약정(1~2년) 전환 유도 및 결합 쿠폰 제공
1965-DDBWU,Month-to-month,Fiber optic,0.017547,89.05,0.580032,장기 약정(1~2년) 전환 유도 및 결합 쿠폰 제공
1323-OOEPC,Month-to-month,Fiber optic,0.010975,98.4,0.579969,장기 약정(1~2년) 전환 유도 및 결합 쿠폰 제공
6641-XRPSU,Month-to-month,Fiber optic,0.007586,70.0,0.579691,장기 약정(1~2년) 전환 유도 및 결합 쿠폰 제공
1236-WFCDV,Month-to-month,Fiber optic,0.006418,90.45,0.579453,장기 약정(1~2년) 전환 유도 및 결합 쿠폰 제공
3588-WSTTJ,Month-to-month,Fiber optic,0.005761,99.05,0.578855,장기 약정(1~2년) 전환 유도 및 결합 쿠폰 제공
5183-SNMJQ,Month-to-month,Fiber optic,0.016987,95.1,0.578759,장기 약정(1~2년) 전환 유도 및 결합 쿠폰 제공
0599-XNYDO,Month-to-month,Fiber optic,0.007964,69.8,0.578706,장기 약정(1~2년) 전환 유도 및 결합 쿠폰 제공
8903-WMRNW,Month-to-month,Fiber optic,0.014715,101.75,0.57835,장기 약정(1~2년) 전환 유도 및 결합 쿠폰 제공
7517-SAWMO,Month-to-month,Fiber optic,0.00736,73.2,0.578323,장기 약정(1~2년) 전환 유도 및 결합 쿠폰 제공
6145-NNPNO,Month-to-month,DSL,0.005025,44.15,0.578004,장기 약정(1~2년) 전환 유도
1862-SKORY,Month-to-month,DSL,0.007803,39.3,0.57798,장기 약정(1~2년) 전환 유도
1471-GIQKQ,Month-to-month,DSL,0.026509,49.95,0.577973,장기 약정(1~2년) 전환 유도
3874-EQOEP,Month-to-month,Fiber optic,0.015919,95.0,0.577622,장기 약정(1~2년) 전환 유도 및 결합 쿠폰 제공
6402-EJMWF,Month-to-month,DSL,0.009709,55.3,0.577415,장기 약정(1~2년) 전환 유도
1766-GKNMI,Month-to-month,Fiber optic,0.018049,84.9,0.577205,장기 약정(1~2년) 전환 유도 및 결합 쿠폰 제공
4521-YEEHE,Month-to-month,Fiber optic,0.011684,88.85,0.576634,장기 약정(1~2년) 전환 유도 및 결합 쿠폰 제공
3866-MDTUB,Month-to-month,DSL,0.016105,70.75,0.576213,장기 약정(1~2년) 전환 유도
9348-YVOMK,Month-to-month,DSL,0.006368,44.8,0.575899,장기 약정(1~2년) 전환 유도
8128-YVJRG,Month-to-month,Fiber optic,0.010733,79.65,0.575892,장기 약정(1~2년) 전환 유도 및 결합 쿠폰 제공
3669-OYSJI,Month-to-month,DSL,0.003739,46.2,0.575788,장기 약정(1~2년) 전환 유도
9093-FPDLG,Month-to-month,Fiber optic,0.014812,94.2,0.575778,장기 약정(1~2년) 전환 유도 및 결합 쿠폰 제공
1689-MRZQR,Month-to-month,Fiber optic,0.009861,78.3,0.575424,장기 약정(1~2년) 전환 유도 및 결합 쿠폰 제공
4315-MURBD,Month-to-month,Fiber optic,0.008401,98.9,0.575286,장기 약정(1~2년) 전환 유도 및 결합 쿠폰 제공
6833-JMZYP,Month-to-month,Fiber optic,0.016234,94.0,0.575283,장기 약정(1~2년) 전환 유도 및 결합 쿠폰 제공
2862-PFNIK,Month-to-month,DSL,0.00315,24.7,0.575283,장기 약정(1~2년) 전환 유도
6599-RCLCJ,Month-to-month,Fiber optic,0.019488,109.55,0.575233,장기 약정(1~2년) 전환 유도 및 결합 쿠폰 제공
4398-HSCJH,Month-to-month,DSL,0.020656,63.6,0.57502,장기 약정(1~2년) 전환 유도
7853-OETYL,Month-to-month,DSL,0.003387,29.05,0.574111,장기 약정(1~2년) 전환 유도
6557-BZXLQ,Month-to-month,Fiber optic,0.017161,69.65,0.573891,장기 약정(1~2년) 전환 유도 및 결합 쿠폰 제공
2916-BQZLN,Month-to-month,Fiber optic,0.01269,84.75,0.573404,장기 약정(1~2년) 전환 유도 및 결합 쿠폰 제공
1399-UBQIU,Month-to-month,DSL,0.006365,69.35,0.573193,장기 약정(1~2년) 전환 유도
7315-WYOAW,Month-to-month,Fiber optic,0.009972,100.75,0.572408,장기 약정(1~2년) 전환 유도 및 결합 쿠폰 제공
3647-GMGDH,Month-to-month,Fiber optic,0.013954,94.7,0.572028,장기 약정(1~2년) 전환 유도 및 결합 쿠폰 제공
0141-YEAYS,Month-to-month,Fiber optic,0.023832,86.45,0.571938,장기 약정(1~2년) 전환 유도 및 결합 쿠폰 제공
0147-ESWWR,Month-to-month,Fiber optic,0.013238,101.25,0.571163,장기 약정(1~2년) 전환 유도 및 결합 쿠폰 제공
6907-FLBER,Month-to-month,DSL,0.005926,54.3,0.5711,장기 약정(1~2년) 전환 유도
6078-VESFR,Month-to-month,Fiber optic,0.008576,70.45,0.570689,장기 약정(1~2년) 전환 유도 및 결합 쿠폰 제공
2519-FAKOD,Month-to-month,Fiber optic,0.013634,99.25,0.570151,장기 약정(1~2년) 전환 유도 및 결합 쿠폰 제공
6101-IMRMM,Month-to-month,Fiber optic,0.007523,94.5,0.570111,장기 약정(1~2년) 전환 유도 및 결합 쿠폰 제공
2478-EEWWM,Month-to-month,DSL,0.010687,44.3,0.570066,장기 약정(1~2년) 전환 유도
6518-LGAOV,Month-to-month,Fiber optic,0.013619,105.0,0.570033,장기 약정(1~2년) 전환 유도 및 결합 쿠폰 제공
8565-CLBZW,Month-to-month,Fiber optic,0.013958,89.85,0.569949,장기 약정(1~2년) 전환 유도 및 결합 쿠폰 제공
8837-VVWLQ,Month-to-month,Fiber optic,0.007247,84.95,0.569566,장기 약정(1~2년) 전환 유도 및 결합 쿠폰 제공
4581-LNWUM,Month-to-month,DSL,0.006855,49.15,0.569042,장기 약정(1~2년) 전환 유도
5759-RCVCB,Month-to-month,DSL,0.003056,35.2,0.568472,장기 약정(1~2년) 전환 유도
3445-HXXGF,Month-to-month,DSL,0.003787,45.3,0.568071,장기 약정(1~2년) 전환 유도
1310-QRITU,Month-to-month,DSL,0.01026,50.3,0.567227,장기 약정(1~2년) 전환 유도
1580-BMCMR,Month-to-month,Fiber optic,0.011992,87.3,0.566589,장기 약정(1~2년) 전환 유도 및 결합 쿠폰 제공
2606-RMDHZ,Month-to-month,DSL,0.002743,30.5,0.565952,장기 약정(1~2년) 전환 유도
7020-OZKXZ,Month-to-month,Fiber optic,0.009191,75.5,0.565724,장기 약정(1~2년) 전환 유도 및 결합 쿠폰 제공
5057-LCOUI,Month-to-month,DSL,0.005493,50.75,0.565636,장기 약정(1~2년) 전환 유도
1894-IGFSG,Month-to-month,Fiber optic,0.015222,89.25,0.565569,장기 약정(1~2년) 전환 유도 및 결합 쿠폰 제공
5572-ZDXHY,Month-to-month,Fiber optic,0.009378,84.3,0.565264,장기 약정(1~2년) 전환 유도 및 결합 쿠폰 제공
9474-PHLYD,Month-to-month,DSL,0.006517,59.45,0.564961,장기 약정(1~2년) 전환 유도
7627-JKIAZ,Month-to-month,Fiber optic,0.01104,78.95,0.564726,장기 약정(1~2년) 전환 유도 및 결합 쿠폰 제공
3348-CFRNX,Month-to-month,Fiber optic,0.010542,92.35,0.564697,장기 약정(1~2년) 전환 유도 및 결합 쿠폰 제공
8990-ZXLSU,Month-to-month,Fiber optic,0.014358,69.05,0.564651,장기 약정(1~2년) 전환 유도 및 결합 쿠폰 제공
4369-HTUIF,Month-to-month,Fiber optic,0.008654,85.15,0.564639,장기 약정(1~2년) 전환 유도 및 결합 쿠폰 제공
9773-PEQBZ,Month-to-month,Fiber optic,0.011031,79.85,0.564046,장기 약정(1~2년) 전환 유도 및 결합 쿠폰 제공
4800-CZMPC,One year,Fiber optic,0.018715,103.25,0.563965,결합 쿠폰 제공
6771-XWBDM,Month-to-month,Fiber optic,0.01824,104.5,0.563466,장기 약정(1~2년) 전환 유도 및 결합 쿠폰 제공
0823-HSCDJ,Month-to-month,DSL,0.023992,49.15,0.563084,장기 약정(1~2년) 전환 유도
8849-AYPTR,Month-to-month,Fiber optic,0.008033,91.25,0.562916,장기 약정(1~2년) 전환 유도 및 결합 쿠폰 제공
9661-ACXBS,Month-to-month,Fiber optic,0.010946,105.2,0.562565,장기 약정(1~2년) 전환 유도 및 결합 쿠폰 제공
7126-RBHSD,Month-to-month,Fiber optic,0.007549,78.9,0.562534,장기 약정(1~2년) 전환 유도 및 결합 쿠폰 제공
9667-TKTVZ,Month-to-month,DSL,0.005979,54.35,0.5623,장기 약정(1~2년) 전환 유도
6646-QVXLR,One year,Fiber optic,0.010992,103.75,0.56212,결합 쿠폰 제공
7250-EQKIY,Month-to-month,DSL,0.008299,50.45,0.56159,장기 약정(1~2년) 전환 유도
4818-DRBQT,Month-to-month,Fiber optic,0.015855,80.15,0.560875,장기 약정(1~2년) 전환 유도 및 결합 쿠폰 제공
4248-QPAVC,Month-to-month,Fiber optic,0.018895,85.35,0.560554,장기 약정(1~2년) 전환 유도 및 결합 쿠폰 제공
8058-DMYRU,Month-to-month,Fiber optic,0.007894,90.05,0.560511,장기 약정(1~2년) 전환 유도 및 결합 쿠폰 제공
2696-NARTR,Month-to-month,Fiber optic,0.005067,73.85,0.560358,장기 약정(1~2년) 전환 유도 및 결합 쿠폰 제공
7503-QQRVF,Month-to-month,Fiber optic,0.006923,74.3,0.560321,장기 약정(1~2년) 전환 유도 및 결합 쿠폰 제공
5569-OUICF,Month-to-month,Fiber optic,0.010699,101.3,0.560268,장기 약정(1~2년) 전환 유도 및 결합 쿠폰 제공
3088-LHEFH,Month-to-month,Fiber optic,0.010403,79.0,0.560181,장기 약정(1~2년) 전환 유도 및 결합 쿠폰 제공
2858-EIMXH,One year,Fiber optic,0.009955,95.85,0.56011,결합 쿠폰 제공
1396-QWFBJ,Month-to-month,Fiber optic,0.005826,74.05,0.559823,장기 약정(1~2년) 전환 유도 및 결합 쿠폰 제공
3665-JATSN,Month-to-month,DSL,0.007329,39.7,0.559787,장기 약정(1~2년) 전환 유도
0322-YINQP,Month-to-month,DSL,0.006187,48.55,0.559329,장기 약정(1~2년) 전환 유도
0581-MDMPW,Month-to-month,Fiber optic,0.006382,88.95,0.559324,장기 약정(1~2년) 전환 유도 및 결합 쿠폰 제공
4989-LIXVT,Month-to-month,Fiber optic,0.012096,95.9,0.558944,장기 약정(1~2년) 전환 유도 및 결합 쿠폰 제공
3733-LSYCE,Month-to-month,Fiber optic,0.011482,75.35,0.558421,장기 약정(1~2년) 전환 유도 및 결합 쿠폰 제공
2955-PSXOE,Month-to-month,No,0.001624,20.2,0.558241,장기 약정(1~2년) 전환 유도
6313-GIDIT,Month-to-month,DSL,0.005635,54.45,0.558091,장기 약정(1~2년) 전환 유도
2800-QQUSO,Month-to-month,Fiber optic,0.014176,100.3,0.558078,장기 약정(1~2년) 전환 유도 및 결합 쿠폰 제공
6402-ZFPPI,Month-to-month,Fiber optic,0.010653,102.8,0.557318,장기 약정(1~2년) 전환 유도 및 결합 쿠폰 제공
6625-UTXEW,Month-to-month,DSL,0.010648,51.25,0.557295,장기 약정(1~2년) 전환 유도
5959-BELXA,Month-to-month,Fiber optic,0.012482,96.15,0.557216,장기 약정(1~2년) 전환 유도 및 결합 쿠폰 제공
3194-ORPIK,Month-to-month,Fiber optic,0.016383,84.4,0.557176,장기 약정(1~2년) 전환 유도 및 결합 쿠폰 제공
4061-UKJWL,Month-to-month,DSL,0.009025,45.45,0.557061,장기 약정(1~2년) 전환 유도
5144-TVGLP,Month-to-month,Fiber optic,0.019264,94.75,0.556767,장기 약정(1~2년) 전환 유도 및 결합 쿠폰 제공
5922-ABDVO,Month-to-month,Fiber optic,0.012605,89.65,0.555695,장기 약정(1~2년) 전환 유도 및 결합 쿠폰 제공
3096-JRDSO,Month-to-month,Fiber optic,0.028753,104.3,0.555463,장기 약정(1~2년) 전환 유도 및 결합 쿠폰 제공
9522-BNTHX,Month-to-month,DSL,0.010831,56.25,0.555098,장기 약정(1~2년) 전환 유도
0428-IKYCP,Month-to-month,Fiber optic,0.01258,87.0,0.554811,장기 약정(1~2년) 전환 유도 및 결합 쿠폰 제공
0376-OIWME,Month-to-month,Fiber optic,0.016094,93.6,0.554536,장기 약정(1~2년) 전환 유도 및 결합 쿠폰 제공
3771-PZOBW,Month-to-month,Fiber optic,0.009186,90.7,0.55433,장기 약정(1~2년) 전환 유도 및 결합 쿠폰 제공
1941-HOSAM,Month-to-month,Fiber optic,0.011808,90.1,0.553672,장기 약정(1~2년) 전환 유도 및 결합 쿠폰 제공
5813-UECBU,Month-to-month,Fiber optic,0.02542,83.85,0.553333,장기 약정(1~2년) 전환 유도 및 결합 쿠폰 제공
8687-BAFGU,Month-to-month,Fiber optic,0.013317,74.0,0.55316,장기 약정(1~2년) 전환 유도 및 결합 쿠폰 제공
7242-QZLXF,Month-to-month,DSL,0.002305,25.3,0.552921,장기 약정(1~2년) 전환 유도
3791-LGQCY,Month-to-month,Fiber optic,0.010243,100.65,0.552919,장기 약정(1~2년) 전환 유도 및 결합 쿠폰 제공
0354-WYROK,Month-to-month,Fiber optic,0.012724,98.9,0.552748,장기 약정(1~2년) 전환 유도 및 결합 쿠폰 제공
4800-VHZKI,Month-to-month,No,0.010561,19.9,0.552664,장기 약정(1~2년) 전환 유도
3005-TYFRD,Month-to-month,Fiber optic,0.016524,103.65,0.552191,장기 약정(1~2년) 전환 유도 및 결합 쿠폰 제공
0207-MDKNV,Month-to-month,Fiber optic,0.010256,105.1,0.551659,장기 약정(1~2년) 전환 유도 및 결합 쿠폰 제공
1481-ZUWZA,Month-to-month,Fiber optic,0.026169,94.5,0.551618,장기 약정(1~2년) 전환 유도 및 결합 쿠폰 제공
8073-IJDCM,Month-to-month,No,0.00166,20.3,0.551426,장기 약정(1~2년) 전환 유도
6522-YRBXD,Month-to-month,Fiber optic,0.01344,94.55,0.551338,장기 약정(1~2년) 전환 유도 및 결합 쿠폰 제공
1587-FKLZB,Month-to-month,Fiber optic,0.013245,99.5,0.550952,장기 약정(1~2년) 전환 유도 및 결합 쿠폰 제공
9835-ZIITK,One year,Fiber optic,0.009425,110.85,0.550518,결합 쿠폰 제공
2501-XWWTZ,Month-to-month,Fiber optic,0.004624,70.2,0.550298,장기 약정(1~2년) 전환 유도 및 결합 쿠폰 제공
0139-IVFJG,Month-to-month,Fiber optic,0.017321,90.35,0.550262,장기 약정(1~2년) 전환 유도 및 결합 쿠폰 제공
5108-ADXWO,Month-to-month,Fiber optic,0.009457,73.5,0.550214,장기 약정(1~2년) 전환 유도 및 결합 쿠폰 제공
6317-YPKDH,Month-to-month,DSL,0.003726,29.95,0.550184,장기 약정(1~2년) 전환 유도
4718-DHSMV,Month-to-month,DSL,0.004784,35.8,0.549958,장기 약정(1~2년) 전환 유도
7129-ACFOG,Month-to-month,DSL,0.00657,53.8,0.549849,장기 약정(1~2년) 전환 유도
5281-BUZGT,Month-to-month,Fiber optic,0.016583,90.85,0.549123,장기 약정(1~2년) 전환 유도 및 결합 쿠폰 제공
4255-DDUOU,Month-to-month,No,0.001455,20.5,0.548756,장기 약정(1~2년) 전환 유도
5449-FIBXJ,Month-to-month,Fiber optic,0.009625,103.3,0.548594,장기 약정(1~2년) 전환 유도 및 결합 쿠폰 제공
3914-FDRHP,Month-to-month,Fiber optic,0.018022,86.25,0.54853,장기 약정(1~2년) 전환 유도 및 결합 쿠폰 제공
0402-CQAJN,Month-to-month,Fiber optic,0.016281,101.9,0.548424,장기 약정(1~2년) 전환 유도 및 결합 쿠폰 제공
7508-SMHXL,Month-to-month,Fiber optic,0.010074,89.0,0.548338,장기 약정(1~2년) 전환 유도 및 결합 쿠폰 제공
5469-CTCWN,One year,Fiber optic,0.014713,106.0,0.548156,결합 쿠폰 제공
0869-PAPRP,Month-to-month,Fiber optic,0.018308,85.7,0.548004,장기 약정(1~2년) 전환 유도 및 결합 쿠폰 제공
1728-CXQBE,Month-to-month,Fiber optic,0.022736,94.25,0.547645,장기 약정(1~2년) 전환 유도 및 결합 쿠폰 제공
9524-EGPJC,Month-to-month,Fiber optic,0.010753,90.1,0.547598,장기 약정(1~2년) 전환 유도 및 결합 쿠폰 제공
0320-JDNQG,Month-to-month,Fiber optic,0.011239,99.85,0.547462,장기 약정(1~2년) 전환 유도 및 결합 쿠폰 제공
6982-UQZLY,Month-to-month,No,0.00316,20.85,0.547388,장기 약정(1~2년) 전환 유도
5609-IMCGG,Month-to-month,Fiber optic,0.010684,84.35,0.547154,장기 약정(1~2년) 전환 유도 및 결합 쿠폰 제공
0778-NELLA,Month-to-month,DSL,0.004563,34.7,0.546348,장기 약정(1~2년) 전환 유도
1319-YLZJG,Month-to-month,Fiber optic,0.010598,84.6,0.546328,장기 약정(1~2년) 전환 유도 및 결합 쿠폰 제공
2037-XJFUP,One year,Fiber optic,0.01326,95.8,0.546083,결합 쿠폰 제공
8229-TNIQA,Month-to-month,DSL,0.003467,45.3,0.545992,장기 약정(1~2년) 전환 유도
8885-QSQBX,Month-to-month,DSL,0.007705,49.55,0.545919,장기 약정(1~2년) 전환 유도
5153-RTHKF,Month-to-month,Fiber optic,0.013184,85.35,0.545864,장기 약정(1~2년) 전환 유도 및 결합 쿠폰 제공
3144-AUDBS,Month-to-month,DSL,0.011857,49.15,0.544867,장기 약정(1~2년) 전환 유도
2683-BPJSO,Month-to-month,Fiber optic,0.013245,84.45,0.544859,장기 약정(1~2년) 전환 유도 및 결합 쿠폰 제공
4238-HFHSN,Month-to-month,Fiber optic,0.010845,82.15,0.544321,장기 약정(1~2년) 전환 유도 및 결합 쿠폰 제공
8429-XIBUM,Month-to-month,Fiber optic,0.006027,101.35,0.544156,장기 약정(1~2년) 전환 유도 및 결합 쿠폰 제공
8802-UNOJF,Month-to-month,Fiber optic,0.00931,83.8,0.54409,장기 약정(1~2년) 전환 유도 및 결합 쿠폰 제공
3982-XWFZQ,Month-to-month,DSL,0.006168,50.25,0.544053,장기 약정(1~2년) 전환 유도
1302-UHBDD,Month-to-month,Fiber optic,0.005682,89.95,0.543937,장기 약정(1~2년) 전환 유도 및 결합 쿠폰 제공
8564-LDKFL,One year,Fiber optic,0.043926,106.0,0.543285,결합 쿠폰 제공
0623-IIHUG,Month-to-month,DSL,0.005348,41.9,0.543237,장기 약정(1~2년) 전환 유도
8490-BXHEO,Month-to-month,Fiber optic,0.017599,80.55,0.543208,장기 약정(1~2년) 전환 유도 및 결합 쿠폰 제공
1910-FMXJM,Month-to-month,Fiber optic,0.013574,80.4,0.543005,장기 약정(1~2년) 전환 유도 및 결합 쿠폰 제공
2181-UAESM,Month-to-month,DSL,0.004407,53.45,0.5428,장기 약정(1~2년) 전환 유도
3269-ATYWD,Month-to-month,Fiber optic,0.005251,95.65,0.542796,장기 약정(1~2년) 전환 유도 및 결합 쿠폰 제공
3351-NQLDI,One year,Fiber optic,0.013498,94.35,0.542744,결합 쿠폰 제공
3055-MJDSB,Month-to-month,DSL,0.007428,24.6,0.542459,장기 약정(1~2년) 전환 유도
1194-HVAIF,Month-to-month,Fiber optic,0.008104,95.0,0.542365,장기 약정(1~2년) 전환 유도 및 결합 쿠폰 제공
1346-UFHAX,Month-to-month,Fiber optic,0.010229,80.0,0.542235,장기 약정(1~2년) 전환 유도 및 결합 쿠폰 제공
4659-NZRUF,Month-to-month,Fiber optic,0.010588,95.15,0.54182,장기 약정(1~2년) 전환 유도 및 결합 쿠폰 제공
5331-RGMTT,Month-to-month,Fiber optic,0.010251,99.05,0.54164,장기 약정(1~2년) 전환 유도 및 결합 쿠폰 제공
7989-CHGTL,Month-to-month,No,0.004458,19.6,0.541128,장기 약정(1~2년) 전환 유도
7346-MEDWM,Month-to-month,Fiber optic,0.013579,83.25,0.541068,장기 약정(1~2년) 전환 유도 및 결합 쿠폰 제공
4625-EWPTF,Month-to-month,DSL,0.003449,30.45,0.541047,장기 약정(1~2년) 전환 유도
7599-FKVXZ,Month-to-month,Fiber optic,0.010016,106.15,0.540751,장기 약정(1~2년) 전환 유도 및 결합 쿠폰 제공
1842-EZJMK,Month-to-month,Fiber optic,0.01287,103.7,0.540525,장기 약정(1~2년) 전환 유도 및 결합 쿠폰 제공
4791-QRGMF,One year,Fiber optic,0.028806,99.5,0.539963,결합 쿠폰 제공
1624-WOIWJ,Month-to-month,Fiber optic,0.006571,84.7,0.53993,장기 약정(1~2년) 전환 유도 및 결합 쿠폰 제공
1541-ETJZO,Month-to-month,DSL,0.007766,62.05,0.539638,장기 약정(1~2년) 전환 유도
5453-AXEPF,Month-to-month,Fiber optic,0.004743,80.5,0.53928,장기 약정(1~2년) 전환 유도 및 결합 쿠폰 제공
2786-GCDPI,Month-to-month,Fiber optic,0.021419,104.95,0.538689,장기 약정(1~2년) 전환 유도 및 결합 쿠폰 제공
8543-MSDMF,Month-to-month,DSL,0.01358,77.4,0.538406,장기 약정(1~2년) 전환 유도
9048-JVYVF,Month-to-month,DSL,0.014506,69.35,0.538392,장기 약정(1~2년) 전환 유도
7733-UDMTP,Month-to-month,DSL,0.011834,55.0,0.537848,장기 약정(1~2년) 전환 유도
7734-DBOAI,Month-to-month,DSL,0.005953,40.1,0.537802,장기 약정(1~2년) 전환 유도
9617-INGJY,Month-to-month,Fiber optic,0.004147,70.6,0.537521,장기 약정(1~2년) 전환 유도 및 결합 쿠폰 제공
2929-QNSRW,One year,Fiber optic,0.016439,98.25,0.537464,결합 쿠폰 제공
7979-CORPM,Month-to-month,Fiber optic,0.011689,90.55,0.537452,장기 약정(1~2년) 전환 유도 및 결합 쿠폰 제공
4741-WWJQZ,Month-to-month,Fiber optic,0.008781,80.15,0.536966,장기 약정(1~2년) 전환 유도 및 결합 쿠폰 제공
8784-CGILN,Month-to-month,Fiber optic,0.011159,99.85,0.536909,장기 약정(1~2년) 전환 유도 및 결합 쿠폰 제공
8544-GOQSH,Month-to-month,Fiber optic,0.011405,80.05,0.536543,장기 약정(1~2년) 전환 유도 및 결합 쿠폰 제공
3692-JHONH,One year,Fiber optic,0.026497,106.5,0.536317,결합 쿠폰 제공
8305-VHZBZ,Month-to-month,No,0.002554,20.2,0.536239,장기 약정(1~2년) 전환 유도
4729-XKASR,Month-to-month,DSL,0.002059,24.75,0.536052,장기 약정(1~2년) 전환 유도
9261-WDCAF,Month-to-month,DSL,0.005352,54.65,0.535529,장기 약정(1~2년) 전환 유도
4143-HHPMK,Month-to-month,Fiber optic,0.010871,85.35,0.535351,장기 약정(1~2년) 전환 유도 및 결합 쿠폰 제공
2719-BDAQO,Month-to-month,Fiber optic,0.006361,93.85,0.535225,장기 약정(1~2년) 전환 유도 및 결합 쿠폰 제공
4628-CTTLA,Month-to-month,DSL,0.005977,39.3,0.535147,장기 약정(1~2년) 전환 유도
8914-RBTSB,Month-to-month,Fiber optic,0.012809,93.8,0.534793,장기 약정(1~2년) 전환 유도 및 결합 쿠폰 제공
6394-MFYNG,Month-to-month,Fiber optic,0.008631,107.4,0.534711,장기 약정(1~2년) 전환 유도 및 결합 쿠폰 제공
6581-NQCBA,Month-to-month,DSL,0.007913,49.95,0.534009,장기 약정(1~2년) 전환 유도
2424-WVHPL,Month-to-month,Fiber optic,0.005594,74.7,0.533921,장기 약정(1~2년) 전환 유도 및 결합 쿠폰 제공
0979-PHULV,Month-to-month,Fiber optic,0.016542,99.45,0.533531,장기 약정(1~2년) 전환 유도 및 결합 쿠폰 제공
2474-BRUCM,Month-to-month,Fiber optic,0.016692,101.85,0.533459,장기 약정(1~2년) 전환 유도 및 결합 쿠폰 제공
4523-WXCEF,Month-to-month,Fiber optic,0.006199,101.1,0.533422,장기 약정(1~2년) 전환 유도 및 결합 쿠폰 제공
2782-LFZVW,Month-to-month,DSL,0.00649,58.95,0.533125,장기 약정(1~2년) 전환 유도
2277-DJJDL,Month-to-month,Fiber optic,0.014943,99.0,0.532978,장기 약정(1~2년) 전환 유도 및 결합 쿠폰 제공
0212-ISBBF,Month-to-month,DSL,0.003597,50.35,0.532907,장기 약정(1~2년) 전환 유도
1597-LHYNC,Month-to-month,Fiber optic,0.011696,95.0,0.532657,장기 약정(1~2년) 전환 유도 및 결합 쿠폰 제공
3336-JORSO,Month-to-month,Fiber optic,0.009911,110.45,0.532404,장기 약정(1~2년) 전환 유도 및 결합 쿠폰 제공
6986-IJDHX,Month-to-month,Fiber optic,0.007956,86.3,0.53176,장기 약정(1~2년) 전환 유도 및 결합 쿠폰 제공
2480-JZOSN,Month-to-month,No,0.004981,20.65,0.531156,장기 약정(1~2년) 전환 유도
2038-LLMLM,Month-to-month,Fiber optic,0.022635,103.85,0.531028,장기 약정(1~2년) 전환 유도 및 결합 쿠폰 제공
0817-HSUSE,Month-to-month,DSL,0.006716,75.5,0.530537,장기 약정(1~2년) 전환 유도
1436-ZMJAN,Month-to-month,DSL,0.01635,67.8,0.530502,장기 약정(1~2년) 전환 유도
1608-GMEWB,Month-to-month,Fiber optic,0.015674,93.9,0.530241,장기 약정(1~2년) 전환 유도 및 결합 쿠폰 제공
0952-KMEEH,Month-to-month,Fiber optic,0.005793,98.15,0.530168,장기 약정(1~2년) 전환 유도 및 결합 쿠폰 제공
5515-AKOAJ,Month-to-month,Fiber optic,0.01572,100.1,0.529979,장기 약정(1~2년) 전환 유도 및 결합 쿠폰 제공
2792-LSHWX,Month-to-month,Fiber optic,0.00455,83.4,0.529833,장기 약정(1~2년) 전환 유도 및 결합 쿠폰 제공
5016-IBERQ,Month-to-month,Fiber optic,0.008082,84.25,0.529466,장기 약정(1~2년) 전환 유도 및 결합 쿠폰 제공
8937-RDTHP,Month-to-month,Fiber optic,0.009777,84.6,0.529346,장기 약정(1~2년) 전환 유도 및 결합 쿠폰 제공
6807-SIWJI,One year,Fiber optic,0.017003,104.85,0.528507,결합 쿠폰 제공
6121-VZNQB,Month-to-month,No,0.002259,19.1,0.528305,장기 약정(1~2년) 전환 유도
1622-HSHSF,Month-to-month,No,0.00259,19.55,0.528305,장기 약정(1~2년) 전환 유도
6923-EFPNL,Month-to-month,DSL,0.005342,51.75,0.528068,장기 약정(1~2년) 전환 유도
4184-TJFAN,Month-to-month,Fiber optic,0.00498,88.3,0.528062,장기 약정(1~2년) 전환 유도 및 결합 쿠폰 제공
1391-UBDAR,Month-to-month,Fiber optic,0.00946,72.9,0.528061,장기 약정(1~2년) 전환 유도 및 결합 쿠폰 제공
4998-IKFSE,Month-to-month,Fiber optic,0.015261,100.45,0.528055,장기 약정(1~2년) 전환 유도 및 결합 쿠폰 제공
3191-CSNMG,Month-to-month,Fiber optic,0.006274,80.7,0.527932,장기 약정(1~2년) 전환 유도 및 결합 쿠폰 제공
2081-KJSQF,Month-to-month,No,0.003245,20.25,0.527702,장기 약정(1~2년) 전환 유도
2070-XYMFH,Month-to-month,Fiber optic,0.007954,79.35,0.52758,장기 약정(1~2년) 전환 유도 및 결합 쿠폰 제공
7881-INRLC,Month-to-month,Fiber optic,0.006919,100.85,0.526739,장기 약정(1~2년) 전환 유도 및 결합 쿠폰 제공
0742-MOABM,Month-to-month,DSL,0.010469,50.05,0.526717,장기 약정(1~2년) 전환 유도
8584-KMVXD,Month-to-month,Fiber optic,0.009604,75.6,0.525972,장기 약정(1~2년) 전환 유도 및 결합 쿠폰 제공
5996-DAOQL,Month-to-month,No,0.002308,20.45,0.525938,장기 약정(1~2년) 전환 유도
2657-ALMWY,Month-to-month,Fiber optic,0.008458,84.95,0.525909,장기 약정(1~2년) 전환 유도 및 결합 쿠폰 제공
9564-KCLHR,Month-to-month,DSL,0.004304,51.25,0.525848,장기 약정(1~2년) 전환 유도
0311-UNPFF,Month-to-month,Fiber optic,0.010268,88.8,0.52555,장기 약정(1~2년) 전환 유도 및 결합 쿠폰 제공
6173-ITPWD,Month-to-month,Fiber optic,0.013886,83.35,0.525517,장기 약정(1~2년) 전환 유도 및 결합 쿠폰 제공
8807-ARQET,Month-to-month,DSL,0.006826,40.35,0.525446,장기 약정(1~2년) 전환 유도
1635-FJFCC,Month-to-month,DSL,0.004368,44.05,0.525037,장기 약정(1~2년) 전환 유도
9576-SYUHJ,Month-to-month,Fiber optic,0.009137,91.15,0.524446,장기 약정(1~2년) 전환 유도 및 결합 쿠폰 제공
2889-FPWRM,One year,Fiber optic,0.01929,117.8,0.524275,결합 쿠폰 제공
5389-FFVKB,Month-to-month,Fiber optic,0.008077,80.3,0.524046,장기 약정(1~2년) 전환 유도 및 결합 쿠폰 제공
3009-JWMPU,One year,Fiber optic,0.032781,96.75,0.523881,결합 쿠폰 제공
2049-BAFNW,Month-to-month,DSL,0.003729,35.9,0.523829,장기 약정(1~2년) 전환 유도
8189-XRIKE,Month-to-month,Fiber optic,0.006456,90.95,0.523556,장기 약정(1~2년) 전환 유도 및 결합 쿠폰 제공
6656-JWRQX,Month-to-month,DSL,0.00305,30.55,0.523357,장기 약정(1~2년) 전환 유도
8805-JNRAZ,Month-to-month,DSL,0.004518,49.2,0.523268,장기 약정(1~2년) 전환 유도
7421-ZLUPA,Month-to-month,DSL,0.004617,29.25,0.523111,장기 약정(1~2년) 전환 유도
3658-KIBGF,Month-to-month,DSL,0.006482,54.9,0.522975,장기 약정(1~2년) 전환 유도
9763-PDTKK,Month-to-month,Fiber optic,0.012713,94.4,0.5229,장기 약정(1~2년) 전환 유도 및 결합 쿠폰 제공
9518-XXBXE,Month-to-month,Fiber optic,0.009444,75.3,0.522345,장기 약정(1~2년) 전환 유도 및 결합 쿠폰 제공
4360-PNRQB,Month-to-month,Fiber optic,0.015541,75.6,0.522194,장기 약정(1~2년) 전환 유도 및 결합 쿠폰 제공
0129-KPTWJ,Month-to-month,Fiber optic,0.016645,94.65,0.521942,장기 약정(1~2년) 전환 유도 및 결합 쿠폰 제공
4116-TZAQJ,Month-to-month,Fiber optic,0.008319,74.25,0.521712,장기 약정(1~2년) 전환 유도 및 결합 쿠폰 제공
5515-IDEJJ,Month-to-month,No,0.001641,19.9,0.521536,장기 약정(1~2년) 전환 유도
5143-EGQFK,Month-to-month,DSL,0.003922,29.65,0.52143,장기 약정(1~2년) 전환 유도
1493-AMTIE,Month-to-month,No,0.004654,20.2,0.52137,장기 약정(1~2년) 전환 유도
2656-FMOKZ,Month-to-month,Fiber optic,0.009924,74.45,0.520997,장기 약정(1~2년) 전환 유도 및 결합 쿠폰 제공
6710-HSJRD,Month-to-month,Fiber optic,0.007399,114.1,0.520425,장기 약정(1~2년) 전환 유도 및 결합 쿠폰 제공
0578-SKVMF,Month-to-month,Fiber optic,0.016109,83.3,0.520335,장기 약정(1~2년) 전환 유도 및 결합 쿠폰 제공
4430-UZIPO,Month-to-month,DSL,0.007227,36.85,0.520193,장기 약정(1~2년) 전환 유도
6888-SBYAI,Month-to-month,DSL,0.00329,50.7,0.520064,장기 약정(1~2년) 전환 유도
6908-VVYHM,Month-to-month,Fiber optic,0.010266,90.65,0.520057,장기 약정(1~2년) 전환 유도 및 결합 쿠폰 제공
3058-HJCUY,One year,Fiber optic,0.0079,102.6,0.52,결합 쿠폰 제공
3190-XFANI,One year,Fiber optic,0.028871,100.6,0.51998,결합 쿠폰 제공
2476-YGEFM,Month-to-month,Fiber optic,0.008218,76.0,0.519973,장기 약정(1~2년) 전환 유도 및 결합 쿠폰 제공
5175-WLYXL,Month-to-month,Fiber optic,0.021737,78.85,0.519658,장기 약정(1~2년) 전환 유도 및 결합 쿠폰 제공
3577-AMVUX,Month-to-month,DSL,0.008819,55.05,0.519581,장기 약정(1~2년) 전환 유도
7774-OJSXI,One year,Fiber optic,0.013418,103.45,0.519272,결합 쿠폰 제공
1142-WACZW,Month-to-month,DSL,0.005785,29.85,0.518986,장기 약정(1~2년) 전환 유도
3211-ILJTT,Month-to-month,Fiber optic,0.014621,70.4,0.518981,장기 약정(1~2년) 전환 유도 및 결합 쿠폰 제공
0727-BMPLR,One year,Fiber optic,0.029318,100.0,0.518919,결합 쿠폰 제공
5099-BAILX,Month-to-month,Fiber optic,0.014742,110.75,0.518634,장기 약정(1~2년) 전환 유도 및 결합 쿠폰 제공
2347-WKKAE,Month-to-month,Fiber optic,0.007265,94.4,0.518563,장기 약정(1~2년) 전환 유도 및 결합 쿠폰 제공
9961-JBNMK,Month-to-month,Fiber optic,0.015827,96.8,0.518176,장기 약정(1~2년) 전환 유도 및 결합 쿠폰 제공
3503-TYDAY,Month-to-month,Fiber optic,0.005875,80.45,0.517524,장기 약정(1~2년) 전환 유도 및 결합 쿠폰 제공
7623-TRNQN,Month-to-month,DSL,0.007353,49.9,0.517447,장기 약정(1~2년) 전환 유도
2886-KEFUM,One year,Fiber optic,0.051174,107.5,0.517228,결합 쿠폰 제공
1899-VXWXM,One year,Fiber optic,0.030633,106.1,0.516979,결합 쿠폰 제공
7048-GXDAY,Month-to-month,Fiber optic,0.022399,106.4,0.516796,장기 약정(1~2년) 전환 유도 및 결합 쿠폰 제공
3814-MLAXC,Month-to-month,Fiber optic,0.008379,79.85,0.516527,장기 약정(1~2년) 전환 유도 및 결합 쿠폰 제공
9101-BWFSS,One year,Fiber optic,0.017305,108.55,0.516189,결합 쿠폰 제공
1213-NGCUN,Month-to-month,DSL,0.005979,49.65,0.516092,장기 약정(1~2년) 전환 유도
3688-FTHLT,Month-to-month,DSL,0.00883,63.05,0.515868,장기 약정(1~2년) 전환 유도
3208-YPIOE,Month-to-month,Fiber optic,0.009721,75.25,0.515629,장기 약정(1~2년) 전환 유도 및 결합 쿠폰 제공
0376-YMCJC,Month-to-month,Fiber optic,0.009003,90.6,0.515619,장기 약정(1~2년) 전환 유도 및 결합 쿠폰 제공
1271-SJBGZ,Month-to-month,DSL,0.003938,43.65,0.515548,장기 약정(1~2년) 전환 유도
5906-BFOZT,Month-to-month,No,0.003627,19.5,0.515311,장기 약정(1~2년) 전환 유도
8645-KWHJO,Month-to-month,DSL,0.008034,55.0,0.514962,장기 약정(1~2년) 전환 유도
4918-QLLIW,Month-to-month,DSL,0.005285,53.4,0.514851,장기 약정(1~2년) 전환 유도
3540-RZJYU,Month-to-month,Fiber optic,0.036037,86.2,0.514828,장기 약정(1~2년) 전환 유도 및 결합 쿠폰 제공
4280-DLSHD,Month-to-month,DSL,0.012094,54.75,0.514706,장기 약정(1~2년) 전환 유도
4088-YLDSU,One year,Fiber optic,0.005358,104.15,0.514619,결합 쿠폰 제공
0682-USIXD,Month-to-month,Fiber optic,0.009782,86.05,0.514603,장기 약정(1~2년) 전환 유도 및 결합 쿠폰 제공
0221-WMXNQ,Month-to-month,Fiber optic,0.008771,75.35,0.514488,장기 약정(1~2년) 전환 유도 및 결합 쿠폰 제공
0623-GDISB,Month-to-month,DSL,0.003191,48.45,0.514034,장기 약정(1~2년) 전환 유도
2573-GYRUU,Month-to-month,Fiber optic,0.011128,91.05,0.513965,장기 약정(1~2년) 전환 유도 및 결합 쿠폰 제공
9578-VRMNM,Month-to-month,DSL,0.010999,65.2,0.51271,장기 약정(1~2년) 전환 유도
6559-PDZLR,Month-to-month,Fiber optic,0.01613,98.65,0.512515,장기 약정(1~2년) 전환 유도 및 결합 쿠폰 제공
6692-YQHXC,Month-to-month,Fiber optic,0.012294,69.95,0.512465,장기 약정(1~2년) 전환 유도 및 결합 쿠폰 제공
7279-BUYWN,Month-to-month,Fiber optic,0.010773,113.2,0.512453,장기 약정(1~2년) 전환 유도 및 결합 쿠폰 제공
3859-CVCET,Month-to-month,DSL,0.009075,45.65,0.512166,장기 약정(1~2년) 전환 유도
4445-ZJNMU,Month-to-month,Fiber optic,0.005832,99.3,0.511631,장기 약정(1~2년) 전환 유도 및 결합 쿠폰 제공
2876-VBBBL,Month-to-month,No,0.001714,20.25,0.51146,장기 약정(1~2년) 전환 유도
5385-SUIRI,Month-to-month,Fiber optic,0.017524,104.2,0.511417,장기 약정(1~2년) 전환 유도 및 결합 쿠폰 제공
7982-VCELR,Month-to-month,Fiber optic,0.00908,94.8,0.510934,장기 약정(1~2년) 전환 유도 및 결합 쿠폰 제공
2607-FBDFF,Month-to-month,DSL,0.007921,49.0,0.510629,장기 약정(1~2년) 전환 유도
9819-FBNSV,Month-to-month,Fiber optic,0.008502,72.25,0.510523,장기 약정(1~2년) 전환 유도 및 결합 쿠폰 제공
2495-KZNFB,Month-to-month,Fiber optic,0.01171,90.65,0.510248,장기 약정(1~2년) 전환 유도 및 결합 쿠폰 제공
1240-KNSEZ,Month-to-month,No,0.001234,20.1,0.510229,장기 약정(1~2년) 전환 유도
5948-UJZLF,Month-to-month,DSL,0.003464,49.25,0.510069,장기 약정(1~2년) 전환 유도
6331-LWDTQ,Month-to-month,DSL,0.007449,72.15,0.509576,장기 약정(1~2년) 전환 유도
7881-EVUAD,Month-to-month,DSL,0.007794,42.6,0.508972,장기 약정(1~2년) 전환 유도
8344-WFMFH,Month-to-month,DSL,0.009721,50.1,0.508795,장기 약정(1~2년) 전환 유도
9190-MFJLN,Month-to-month,Fiber optic,0.009006,95.9,0.508696,장기 약정(1~2년) 전환 유도 및 결합 쿠폰 제공
3137-LUPIX,Month-to-month,DSL,0.013239,64.4,0.508268,장기 약정(1~2년) 전환 유도
4220-TINQT,Month-to-month,Fiber optic,0.028781,106.35,0.508232,장기 약정(1~2년) 전환 유도 및 결합 쿠폰 제공
7892-POOKP,Month-to-month,Fiber optic,0.012396,104.8,0.507515,장기 약정(1~2년) 전환 유도 및 결합 쿠폰 제공
3763-GCZHZ,One year,Fiber optic,0.024496,104.05,0.507267,결합 쿠폰 제공
1212-GLHMD,Month-to-month,Fiber optic,0.018753,86.05,0.507032,장기 약정(1~2년) 전환 유도 및 결합 쿠폰 제공
7729-JTEEC,Month-to-month,DSL,0.00332,44.5,0.506742,장기 약정(1~2년) 전환 유도
1550-LOAHA,Month-to-month,Fiber optic,0.010444,84.15,0.506555,장기 약정(1~2년) 전환 유도 및 결합 쿠폰 제공
7975-TZMLR,One year,Fiber optic,0.018867,103.1,0.506337,결합 쿠폰 제공
9529-OFXHY,Month-to-month,Fiber optic,0.025956,87.75,0.506273,장기 약정(1~2년) 전환 유도 및 결합 쿠폰 제공
2108-XWMPY,Month-to-month,DSL,0.008734,35.45,0.505831,장기 약정(1~2년) 전환 유도
8456-QDAVC,Month-to-month,Fiber optic,0.021764,78.7,0.505703,장기 약정(1~2년) 전환 유도 및 결합 쿠폰 제공
2632-UCGVD,Month-to-month,Fiber optic,0.013739,100.05,0.505682,장기 약정(1~2년) 전환 유도 및 결합 쿠폰 제공
2894-QOJRX,Month-to-month,DSL,0.003394,34.0,0.505655,장기 약정(1~2년) 전환 유도
9944-AEXBM,Month-to-month,Fiber optic,0.006079,85.65,0.505614,장기 약정(1~2년) 전환 유도 및 결합 쿠폰 제공
6464-KEXXH,Month-to-month,DSL,0.003266,25.25,0.505346,장기 약정(1~2년) 전환 유도
1357-BIJKI,One year,Fiber optic,0.008359,98.25,0.505279,결합 쿠폰 제공
6362-QHAFM,One year,Fiber optic,0.020117,108.3,0.505149,결합 쿠폰 제공
7967-HYCDE,Month-to-month,Fiber optic,0.007497,70.7,0.504848,장기 약정(1~2년) 전환 유도 및 결합 쿠폰 제공
5073-WXOYN,Month-to-month,DSL,0.002989,50.8,0.50468,장기 약정(1~2년) 전환 유도
1373-ORVIZ,Month-to-month,DSL,0.013663,66.35,0.50437,장기 약정(1~2년) 전환 유도
0666-UXTJO,Month-to-month,Fiber optic,0.019681,85.2,0.504272,장기 약정(1~2년) 전환 유도 및 결합 쿠폰 제공
3571-RFHAR,Month-to-month,Fiber optic,0.016175,109.15,0.504137,장기 약정(1~2년) 전환 유도 및 결합 쿠폰 제공
1113-IUJYX,One year,Fiber optic,0.013649,105.95,0.503886,결합 쿠폰 제공
9530-EHPOH,Month-to-month,DSL,0.006325,53.75,0.503849,장기 약정(1~2년) 전환 유도
4640-UHDOS,Month-to-month,DSL,0.0085,55.95,0.503801,장기 약정(1~2년) 전환 유도
9462-MJUAW,Month-to-month,DSL,0.002574,50.4,0.503614,장기 약정(1~2년) 전환 유도
7145-FEJWU,Month-to-month,Fiber optic,0.010568,105.3,0.503438,장기 약정(1~2년) 전환 유도 및 결합 쿠폰 제공
6142-VSJQO,Month-to-month,DSL,0.008665,44.35,0.503197,장기 약정(1~2년) 전환 유도
7636-OWBPG,Month-to-month,DSL,0.004859,29.35,0.503117,장기 약정(1~2년) 전환 유도
3987-KQDDU,Month-to-month,Fiber optic,0.008609,75.6,0.503033,장기 약정(1~2년) 전환 유도 및 결합 쿠폰 제공
2675-OTVVJ,Month-to-month,Fiber optic,0.009958,89.45,0.502895,장기 약정(1~2년) 전환 유도 및 결합 쿠폰 제공
7486-KSRVI,One year,Fiber optic,0.008593,100.0,0.502716,결합 쿠폰 제공
5103-MHMHY,Month-to-month,DSL,0.005055,45.95,0.50245,장기 약정(1~2년) 전환 유도
9732-KPKBW,Month-to-month,DSL,0.009871,53.95,0.502364,장기 약정(1~2년) 전환 유도
5028-HTLJB,Month-to-month,No,0.003948,20.05,0.50219,장기 약정(1~2년) 전환 유도
6537-QLGEX,Month-to-month,DSL,0.004421,38.9,0.501954,장기 약정(1~2년) 전환 유도
1895-QTKDO,Month-to-month,DSL,0.007716,43.95,0.501072,장기 약정(1~2년) 전환 유도
0311-QYWSS,Month-to-month,DSL,0.012871,49.45,0.500967,장기 약정(1~2년) 전환 유도
0927-LCSMG,Month-to-month,Fiber optic,0.004577,74.65,0.500767,장기 약정(1~2년) 전환 유도 및 결합 쿠폰 제공
6845-RGTYS,Month-to-month,Fiber optic,0.010696,98.75,0.50028,장기 약정(1~2년) 전환 유도 및 결합 쿠폰 제공
2921-XWDJH,Month-to-month,Fiber optic,0.010382,83.45,0.500215,장기 약정(1~2년) 전환 유도 및 결합 쿠폰 제공
9278-VZKCD,Month-to-month,Fiber optic,0.010246,109.1,0.500065,장기 약정(1~2년) 전환 유도 및 결합 쿠폰 제공
1307-TVUFB,Month-to-month,Fiber optic,0.008342,79.35,0.500014,장기 약정(1~2년) 전환 유도 및 결합 쿠폰 제공
3737-XBQDD,Month-to-month,Fiber optic,0.018491,84.85,0.499667,장기 약정(1~2년) 전환 유도 및 결합 쿠폰 제공
1482-OXZSY,Month-to-month,Fiber optic,0.017856,100.4,0.499545,장기 약정(1~2년) 전환 유도 및 결합 쿠폰 제공
6168-YBYNP,Month-to-month,Fiber optic,0.014669,111.35,0.499214,장기 약정(1~2년) 전환 유도 및 결합 쿠폰 제공
7248-VZQLC,Month-to-month,Fiber optic,0.008121,85.2,0.499096,장기 약정(1~2년) 전환 유도 및 결합 쿠폰 제공
0280-XJGEX,Month-to-month,Fiber optic,0.017965,103.7,0.498794,장기 약정(1~2년) 전환 유도 및 결합 쿠폰 제공
9643-YBLUR,Month-to-month,DSL,0.008102,69.05,0.498749,장기 약정(1~2년) 전환 유도
1320-REHCS,Month-to-month,Fiber optic,0.020196,110.75,0.498718,장기 약정(1~2년) 전환 유도 및 결합 쿠폰 제공
8242-JSVBO,Month-to-month,DSL,0.005452,44.65,0.498704,장기 약정(1~2년) 전환 유도
2856-NNASM,Month-to-month,Fiber optic,0.012968,89.55,0.498324,장기 약정(1~2년) 전환 유도 및 결합 쿠폰 제공
6633-MPWBS,Month-to-month,DSL,0.005533,49.2,0.497913,장기 약정(1~2년) 전환 유도
3003-CMDUU,Month-to-month,Fiber optic,0.0141,95.15,0.497642,장기 약정(1~2년) 전환 유도 및 결합 쿠폰 제공
1591-NFNLQ,Month-to-month,Fiber optic,0.014231,80.0,0.497591,장기 약정(1~2년) 전환 유도 및 결합 쿠폰 제공
0193-ESZXP,One year,Fiber optic,0.01752,105.5,0.497526,결합 쿠폰 제공
5766-ZJYBB,Month-to-month,No,0.001491,19.4,0.497348,장기 약정(1~2년) 전환 유도
3312-ZWLGF,Month-to-month,Fiber optic,0.007863,79.3,0.497112,장기 약정(1~2년) 전환 유도 및 결합 쿠폰 제공
3211-AAPKX,Month-to-month,Fiber optic,0.011084,98.55,0.497024,장기 약정(1~2년) 전환 유도 및 결합 쿠폰 제공
8535-SFUTN,Month-to-month,Fiber optic,0.01052,106.45,0.496084,장기 약정(1~2년) 전환 유도 및 결합 쿠폰 제공
3452-ABWRL,Month-to-month,Fiber optic,0.005781,86.05,0.495713,장기 약정(1~2년) 전환 유도 및 결합 쿠폰 제공
5673-TIYIB,Month-to-month,DSL,0.005142,40.4,0.495684,장기 약정(1~2년) 전환 유도
1432-FPAXX,Month-to-month,DSL,0.006108,30.6,0.495602,장기 약정(1~2년) 전환 유도
2718-GAXQD,Month-to-month,DSL,0.007697,46.0,0.49549,장기 약정(1~2년) 전환 유도
1077-HUUJM,Month-to-month,Fiber optic,0.009244,71.05,0.495376,장기 약정(1~2년) 전환 유도 및 결합 쿠폰 제공
0836-SEYLU,Month-to-month,DSL,0.003721,40.65,0.494659,장기 약정(1~2년) 전환 유도
2640-PMGFL,Month-to-month,Fiber optic,0.013264,79.5,0.494656,장기 약정(1~2년) 전환 유도 및 결합 쿠폰 제공
6227-HWPWX,Month-to-month,Fiber optic,0.009443,69.0,0.494653,장기 약정(1~2년) 전환 유도 및 결합 쿠폰 제공
1685-BQULA,Month-to-month,Fiber optic,0.01129,93.4,0.494642,장기 약정(1~2년) 전환 유도 및 결합 쿠폰 제공
4745-LSPLO,Month-to-month,No,0.002469,20.5,0.494628,장기 약정(1~2년) 전환 유도
0406-BPDVR,One year,Fiber optic,0.015121,101.5,0.494613,결합 쿠폰 제공
6075-SLNIL,Month-to-month,Fiber optic,0.015549,95.1,0.494428,장기 약정(1~2년) 전환 유도 및 결합 쿠폰 제공
5129-JLPIS,Month-to-month,Fiber optic,0.017221,105.5,0.494357,장기 약정(1~2년) 전환 유도 및 결합 쿠폰 제공
5493-SDRDQ,Month-to-month,DSL,0.009322,55.1,0.494283,장기 약정(1~2년) 전환 유도
1304-BCCFO,Month-to-month,DSL,0.008176,70.05,0.492965,장기 약정(1~2년) 전환 유도
0691-IFBQW,One year,Fiber optic,0.030227,110.0,0.492544,결합 쿠폰 제공
2219-MVUSO,Month-to-month,DSL,0.006806,45.15,0.492537,장기 약정(1~2년) 전환 유도
5482-VXSXJ,Month-to-month,Fiber optic,0.015776,93.2,0.492204,장기 약정(1~2년) 전환 유도 및 결합 쿠폰 제공
2472-OVKUP,Month-to-month,Fiber optic,0.012132,91.0,0.491655,장기 약정(1~2년) 전환 유도 및 결합 쿠폰 제공
5671-UUNXD,One year,Fiber optic,0.007808,100.65,0.491638,결합 쿠폰 제공
7641-EUYET,Month-to-month,Fiber optic,0.020187,100.7,0.491486,장기 약정(1~2년) 전환 유도 및 결합 쿠폰 제공
3030-ZKIWL,Month-to-month,No,0.007695,20.05,0.491289,장기 약정(1~2년) 전환 유도
9962-BFPDU,Month-to-month,No,0.002022,20.05,0.490778,장기 약정(1~2년) 전환 유도
6259-WJQLC,Month-to-month,Fiber optic,0.006067,81.1,0.490698,장기 약정(1~2년) 전환 유도 및 결합 쿠폰 제공
2002-MZHWP,Month-to-month,No,0.003448,20.5,0.490676,장기 약정(1~2년) 전환 유도
2452-KDRRH,Month-to-month,Fiber optic,0.013218,101.4,0.490497,장기 약정(1~2년) 전환 유도 및 결합 쿠폰 제공
1984-FCOWB,One year,Fiber optic,0.010166,109.5,0.490163,결합 쿠폰 제공
1122-JWTJW,Month-to-month,Fiber optic,0.01949,70.65,0.490039,장기 약정(1~2년) 전환 유도 및 결합 쿠폰 제공
3207-OYBWH,Month-to-month,Fiber optic,0.005463,95.25,0.489577,장기 약정(1~2년) 전환 유도 및 결합 쿠폰 제공
8019-ENHXU,Month-to-month,Fiber optic,0.016493,99.45,0.489503,장기 약정(1~2년) 전환 유도 및 결합 쿠폰 제공
0201-OAMXR,One year,Fiber optic,0.018922,115.55,0.489436,결합 쿠폰 제공
6481-ESCNL,Month-to-month,Fiber optic,0.007143,100.55,0.489119,장기 약정(1~2년) 전환 유도 및 결합 쿠폰 제공
5816-QVHRX,Month-to-month,Fiber optic,0.012153,100.3,0.488529,장기 약정(1~2년) 전환 유도 및 결합 쿠폰 제공
3757-NJYBX,Month-to-month,Fiber optic,0.011511,106.35,0.488254,장기 약정(1~2년) 전환 유도 및 결합 쿠폰 제공
8896-BQTTI,Month-to-month,No,0.002248,25.0,0.488051,장기 약정(1~2년) 전환 유도
8660-BUETV,Month-to-month,DSL,0.006558,44.75,0.487787,장기 약정(1~2년) 전환 유도
6235-VDHOM,Month-to-month,DSL,0.00358,28.45,0.487593,장기 약정(1~2년) 전환 유도
9710-ZUSHQ,Month-to-month,Fiber optic,0.019387,106.75,0.487225,장기 약정(1~2년) 전환 유도 및 결합 쿠폰 제공
2692-BUCFV,Month-to-month,Fiber optic,0.009943,101.45,0.486691,장기 약정(1~2년) 전환 유도 및 결합 쿠폰 제공
7758-XKCBS,Month-to-month,DSL,0.004447,29.7,0.4866,장기 약정(1~2년) 전환 유도
4522-AKYLR,Month-to-month,DSL,0.005205,54.8,0.486229,장기 약정(1~2년) 전환 유도
4883-QICIH,Month-to-month,Fiber optic,0.005673,69.75,0.485948,장기 약정(1~2년) 전환 유도 및 결합 쿠폰 제공
6135-OZQVA,Month-to-month,DSL,0.004595,53.65,0.485913,장기 약정(1~2년) 전환 유도
5626-MGTUK,Month-to-month,Fiber optic,0.008956,89.1,0.485871,장기 약정(1~2년) 전환 유도 및 결합 쿠폰 제공
9003-CPATH,Month-to-month,Fiber optic,0.008879,79.9,0.48557,장기 약정(1~2년) 전환 유도 및 결합 쿠폰 제공
8757-TFHHJ,Month-to-month,DSL,0.004557,49.8,0.485454,장기 약정(1~2년) 전환 유도
8974-OVACP,Month-to-month,No,0.004038,20.15,0.485436,장기 약정(1~2년) 전환 유도
2565-JSLRY,Month-to-month,No,0.004134,24.05,0.485128,장기 약정(1~2년) 전환 유도
6599-CEBNN,Month-to-month,Fiber optic,0.016426,73.95,0.484774,장기 약정(1~2년) 전환 유도 및 결합 쿠폰 제공
2122-YWVYA,Month-to-month,Fiber optic,0.005693,75.4,0.48469,장기 약정(1~2년) 전환 유도 및 결합 쿠폰 제공
8739-QOTTN,Month-to-month,No,0.002323,20.35,0.484548,장기 약정(1~2년) 전환 유도
3976-BWUCK,Month-to-month,Fiber optic,0.00549,94.1,0.484379,장기 약정(1~2년) 전환 유도 및 결합 쿠폰 제공
3331-HQDTW,Month-to-month,Fiber optic,0.010485,109.8,0.484373,장기 약정(1~2년) 전환 유도 및 결합 쿠폰 제공
4566-GOLUK,Month-to-month,Fiber optic,0.017176,107.35,0.483758,장기 약정(1~2년) 전환 유도 및 결합 쿠폰 제공
0975-VOOVL,Month-to-month,DSL,0.002146,29.2,0.483657,장기 약정(1~2년) 전환 유도
3808-HFKDE,Month-to-month,DSL,0.005969,44.35,0.483553,장기 약정(1~2년) 전환 유도
7379-FNIUJ,Month-to-month,Fiber optic,0.007476,100.2,0.48335,장기 약정(1~2년) 전환 유도 및 결합 쿠폰 제공
9552-TGUZV,Month-to-month,Fiber optic,0.005831,75.0,0.483184,장기 약정(1~2년) 전환 유도 및 결합 쿠폰 제공
2239-JALAW,One year,Fiber optic,0.024873,103.25,0.482846,결합 쿠폰 제공
0422-UXFAP,One year,Fiber optic,0.011443,98.85,0.482846,결합 쿠폰 제공
2403-BCASL,One year,Fiber optic,0.010387,111.95,0.482753,결합 쿠폰 제공
2842-BCQGE,Month-to-month,Fiber optic,0.009453,75.35,0.482744,장기 약정(1~2년) 전환 유도 및 결합 쿠폰 제공
1450-SKCVI,Month-to-month,Fiber optic,0.004457,73.85,0.48245,장기 약정(1~2년) 전환 유도 및 결합 쿠폰 제공
0463-ZSDNT,Month-to-month,DSL,0.006513,56.75,0.482281,장기 약정(1~2년) 전환 유도
1100-DDVRV,Month-to-month,DSL,0.006871,49.8,0.482248,장기 약정(1~2년) 전환 유도
6988-CJEYV,Month-to-month,Fiber optic,0.013157,98.7,0.482185,장기 약정(1~2년) 전환 유도 및 결합 쿠폰 제공
2480-EJWYP,One year,Fiber optic,0.008582,97.8,0.482108,결합 쿠폰 제공
2869-ADAWR,Month-to-month,Fiber optic,0.012776,89.3,0.482069,장기 약정(1~2년) 전환 유도 및 결합 쿠폰 제공
8048-DSDFQ,Month-to-month,No,0.003656,20.2,0.482031,장기 약정(1~2년) 전환 유도
0177-PXBAT,Month-to-month,Fiber optic,0.017969,109.9,0.481871,장기 약정(1~2년) 전환 유도 및 결합 쿠폰 제공
5136-KCKGI,One year,Fiber optic,0.009627,103.7,0.481673,결합 쿠폰 제공
3900-AQPHZ,Month-to-month,No,0.003199,19.9,0.481609,장기 약정(1~2년) 전환 유도
8329-IBCTI,Month-to-month,No,0.002312,19.65,0.481609,장기 약정(1~2년) 전환 유도
5624-BQSSA,Month-to-month,No,0.001641,20.95,0.481545,장기 약정(1~2년) 전환 유도
5707-ORNDZ,Month-to-month,DSL,0.006981,54.55,0.480221,장기 약정(1~2년) 전환 유도
7693-LCKZL,Month-to-month,Fiber optic,0.013041,80.15,0.479901,장기 약정(1~2년) 전환 유도 및 결합 쿠폰 제공
0114-PEGZZ,Month-to-month,Fiber optic,0.021238,107.55,0.479597,장기 약정(1~2년) 전환 유도 및 결합 쿠폰 제공
9026-LHEVG,Month-to-month,DSL,0.006278,40.75,0.479467,장기 약정(1~2년) 전환 유도
3685-YLCMQ,One year,Fiber optic,0.023208,104.65,0.479369,결합 쿠폰 제공
7000-WCEVQ,Month-to-month,DSL,0.009569,61.6,0.479174,장기 약정(1~2년) 전환 유도
6425-YQLLO,One year,Fiber optic,0.009955,105.95,0.478716,결합 쿠폰 제공
3943-KDREE,Month-to-month,Fiber optic,0.008865,74.95,0.478615,장기 약정(1~2년) 전환 유도 및 결합 쿠폰 제공
7067-KSAZT,One year,Fiber optic,0.019631,106.25,0.478339,결합 쿠폰 제공
6286-SUUWT,Month-to-month,No,0.002244,19.95,0.478205,장기 약정(1~2년) 전환 유도
4786-UKSNZ,Month-to-month,No,0.001435,20.2,0.478141,장기 약정(1~2년) 전환 유도
2626-URJFX,Month-to-month,DSL,0.00892,50.9,0.478087,장기 약정(1~2년) 전환 유도
9112-WSNPU,Month-to-month,Fiber optic,0.007983,70.55,0.47786,장기 약정(1~2년) 전환 유도 및 결합 쿠폰 제공
0634-SZPQA,Month-to-month,Fiber optic,0.005836,90.05,0.477678,장기 약정(1~2년) 전환 유도 및 결합 쿠폰 제공
9122-UMROB,Month-to-month,No,0.002401,20.3,0.477523,장기 약정(1~2년) 전환 유도
9129-UXERG,Month-to-month,Fiber optic,0.019765,103.6,0.477232,장기 약정(1~2년) 전환 유도 및 결합 쿠폰 제공
8705-DWKTI,Month-to-month,Fiber optic,0.020031,83.8,0.477092,장기 약정(1~2년) 전환 유도 및 결합 쿠폰 제공
9512-UIBFX,Month-to-month,Fiber optic,0.011165,95.15,0.477073,장기 약정(1~2년) 전환 유도 및 결합 쿠폰 제공
2519-LBNQL,One year,Fiber optic,0.012398,104.35,0.47675,결합 쿠폰 제공
7055-HNEOJ,Month-to-month,DSL,0.004047,55.8,0.476568,장기 약정(1~2년) 전환 유도
3446-QDSZF,Month-to-month,DSL,0.0053,55.5,0.476514,장기 약정(1~2년) 전환 유도
5356-RHIPP,Month-to-month,No,0.003911,20.2,0.47645,장기 약정(1~2년) 전환 유도
2971-SGAFL,Month-to-month,DSL,0.005781,78.75,0.476157,장기 약정(1~2년) 전환 유도
7252-NTGSS,Month-to-month,DSL,0.00424,45.15,0.476084,장기 약정(1~2년) 전환 유도
3853-LYGAM,Month-to-month,Fiber optic,0.009137,95.65,0.475981,장기 약정(1~2년) 전환 유도 및 결합 쿠폰 제공
4716-HHKQH,Month-to-month,Fiber optic,0.01621,107.05,0.475967,장기 약정(1~2년) 전환 유도 및 결합 쿠폰 제공
4913-EHYUI,One year,Fiber optic,0.026658,104.55,0.47587,결합 쿠폰 제공
3932-CMDTD,One year,Fiber optic,0.0065,105.65,0.475642,결합 쿠폰 제공
5301-GAUUY,Month-to-month,Fiber optic,0.004608,80.35,0.475575,장기 약정(1~2년) 전환 유도 및 결합 쿠폰 제공
8695-WDYEA,Month-to-month,DSL,0.009469,51.25,0.475573,장기 약정(1~2년) 전환 유도
0015-UOCOJ,Month-to-month,DSL,0.004624,48.2,0.475564,장기 약정(1~2년) 전환 유도
5666-CYCYZ,Month-to-month,Fiber optic,0.013496,89.55,0.474744,장기 약정(1~2년) 전환 유도 및 결합 쿠폰 제공
9714-EDSUC,Month-to-month,Fiber optic,0.009338,94.9,0.474622,장기 약정(1~2년) 전환 유도 및 결합 쿠폰 제공
2208-UGTGR,Month-to-month,Fiber optic,0.027569,98.6,0.474529,장기 약정(1~2년) 전환 유도 및 결합 쿠폰 제공
6844-DZKRF,Month-to-month,DSL,0.0045,50.2,0.474119,장기 약정(1~2년) 전환 유도
9158-VCTQB,Month-to-month,Fiber optic,0.023083,113.6,0.473225,장기 약정(1~2년) 전환 유도 및 결합 쿠폰 제공
7395-IGJOS,Month-to-month,Fiber optic,0.011745,81.5,0.473059,장기 약정(1~2년) 전환 유도 및 결합 쿠폰 제공
7554-AKDQF,Month-to-month,DSL,0.003816,45.65,0.473045,장기 약정(1~2년) 전환 유도
0257-ZESQC,Month-to-month,Fiber optic,0.009776,75.2,0.472809,장기 약정(1~2년) 전환 유도 및 결합 쿠폰 제공
1000-AJSLD,Month-to-month,No,0.004087,20.1,0.472792,장기 약정(1~2년) 전환 유도
5035-PGZXH,One year,Fiber optic,0.020698,106.8,0.471942,결합 쿠폰 제공
9254-RBFON,One year,Fiber optic,0.028923,98.6,0.471868,결합 쿠폰 제공
2011-TRQYE,Month-to-month,DSL,0.002355,33.5,0.471666,장기 약정(1~2년) 전환 유도
6257-RJOHI,Month-to-month,DSL,0.005502,50.8,0.471636,장기 약정(1~2년) 전환 유도
6380-ARCEH,Month-to-month,No,0.00378,20.2,0.471477,장기 약정(1~2년) 전환 유도
6141-OOXUQ,Month-to-month,No,0.004341,19.65,0.471477,장기 약정(1~2년) 전환 유도
8313-KTIHG,Month-to-month,DSL,0.009553,61.3,0.470984,장기 약정(1~2년) 전환 유도
7794-JASDG,Month-to-month,DSL,0.004595,50.75,0.470907,장기 약정(1~2년) 전환 유도
9626-WEQRM,Month-to-month,DSL,0.006626,29.15,0.470701,장기 약정(1~2년) 전환 유도
3714-JTVOV,Month-to-month,Fiber optic,0.009885,74.15,0.470573,장기 약정(1~2년) 전환 유도 및 결합 쿠폰 제공
2931-FSOHN,Month-to-month,DSL,0.006833,59.9,0.470572,장기 약정(1~2년) 전환 유도
9526-BIHHD,Month-to-month,DSL,0.002767,29.7,0.470477,장기 약정(1~2년) 전환 유도
9889-TMAHG,Month-to-month,Fiber optic,0.004942,100.3,0.470175,장기 약정(1~2년) 전환 유도 및 결합 쿠폰 제공
9360-AHGNL,One year,Fiber optic,0.010739,109.55,0.469901,결합 쿠폰 제공
8782-LKFPK,Month-to-month,Fiber optic,0.010557,90.4,0.469881,장기 약정(1~2년) 전환 유도 및 결합 쿠폰 제공
9948-YPTDG,Month-to-month,Fiber optic,0.00671,79.45,0.46984,장기 약정(1~2년) 전환 유도 및 결합 쿠폰 제공
1095-JUDTC,Month-to-month,Fiber optic,0.012153,95.05,0.469825,장기 약정(1~2년) 전환 유도 및 결합 쿠폰 제공
4902-OHLSK,Month-to-month,Fiber optic,0.007698,98.65,0.469434,장기 약정(1~2년) 전환 유도 및 결합 쿠폰 제공
5118-MUEYH,Month-to-month,Fiber optic,0.015081,105.1,0.469332,장기 약정(1~2년) 전환 유도 및 결합 쿠폰 제공
0587-DMGBH,Month-to-month,DSL,0.009017,49.85,0.469248,장기 약정(1~2년) 전환 유도
3351-NGXYI,Month-to-month,DSL,0.004543,54.1,0.469155,장기 약정(1~2년) 전환 유도
4248-HCETZ,Month-to-month,Fiber optic,0.016399,79.65,0.469145,장기 약정(1~2년) 전환 유도 및 결합 쿠폰 제공
3521-SYVOR,Month-to-month,DSL,0.008782,64.75,0.46874,장기 약정(1~2년) 전환 유도
7853-GVUDZ,Month-to-month,No,0.00373,20.15,0.468698,장기 약정(1~2년) 전환 유도
3589-PPVKW,Month-to-month,DSL,0.006498,44.4,0.468123,장기 약정(1~2년) 전환 유도
8982-NHAVY,One year,Fiber optic,0.016637,100.5,0.467974,결합 쿠폰 제공
5018-GWURO,Month-to-month,Fiber optic,0.008506,85.6,0.467881,장기 약정(1~2년) 전환 유도 및 결합 쿠폰 제공
3014-WJKSM,Month-to-month,Fiber optic,0.009332,75.3,0.467739,장기 약정(1~2년) 전환 유도 및 결합 쿠폰 제공
9420-LOJKX,Month-to-month,Fiber optic,0.01948,99.1,0.467667,장기 약정(1~2년) 전환 유도 및 결합 쿠폰 제공
4892-VLANZ,Month-to-month,No,0.003548,19.8,0.467591,장기 약정(1~2년) 전환 유도
3761-FLYZI,Month-to-month,Fiber optic,0.022122,108.8,0.467516,장기 약정(1~2년) 전환 유도 및 결합 쿠폰 제공
1905-OEILC,Month-to-month,No,0.001639,19.5,0.467469,장기 약정(1~2년) 전환 유도
0133-BMFZO,Month-to-month,Fiber optic,0.012276,86.25,0.467451,장기 약정(1~2년) 전환 유도 및 결합 쿠폰 제공
7798-JVXYM,Month-to-month,DSL,0.009134,69.65,0.467335,장기 약정(1~2년) 전환 유도
7312-XSBAT,Month-to-month,DSL,0.013805,49.75,0.467262,장기 약정(1~2년) 전환 유도
7504-UWHNB,Month-to-month,Fiber optic,0.008006,69.75,0.467074,장기 약정(1~2년) 전환 유도 및 결합 쿠폰 제공
3668-QPYBK,Month-to-month,DSL,0.011533,53.85,0.466812,장기 약정(1~2년) 전환 유도
2100-BDNSN,Month-to-month,DSL,0.008959,67.95,0.466794,장기 약정(1~2년) 전환 유도
8069-YQQAJ,Month-to-month,DSL,0.00263,31.1,0.466705,장기 약정(1~2년) 전환 유도
1582-RAFML,Month-to-month,DSL,0.011102,60.1,0.466662,장기 약정(1~2년) 전환 유도
6968-GMKPR,Month-to-month,Fiber optic,0.022053,81.55,0.466548,장기 약정(1~2년) 전환 유도 및 결합 쿠폰 제공
5816-SCGFC,Month-to-month,DSL,0.00428,51.3,0.46651,장기 약정(1~2년) 전환 유도
8167-GJLRN,Month-to-month,DSL,0.002603,30.4,0.466348,장기 약정(1~2년) 전환 유도
9170-CCKOU,Month-to-month,Fiber optic,0.004444,90.2,0.46579,장기 약정(1~2년) 전환 유도 및 결합 쿠폰 제공
1194-SPVSP,Month-to-month,No,0.001995,19.65,0.465715,장기 약정(1~2년) 전환 유도
3584-WKTTW,One year,Fiber optic,0.019656,111.55,0.465653,결합 쿠폰 제공
4026-SKKHW,Month-to-month,DSL,0.002878,50.25,0.465523,장기 약정(1~2년) 전환 유도
4067-HLYQI,Month-to-month,Fiber optic,0.011886,70.4,0.465309,장기 약정(1~2년) 전환 유도 및 결합 쿠폰 제공
7481-ATQQS,Month-to-month,Fiber optic,0.010671,90.85,0.465208,장기 약정(1~2년) 전환 유도 및 결합 쿠폰 제공
5999-LCXAO,Month-to-month,DSL,0.004491,29.9,0.464567,장기 약정(1~2년) 전환 유도
3345-PBBFH,Month-to-month,DSL,0.008201,49.55,0.464481,장기 약정(1~2년) 전환 유도
3785-NRHYR,Month-to-month,No,0.001951,19.65,0.464076,장기 약정(1~2년) 전환 유도
8775-CEBBJ,Month-to-month,DSL,0.008548,44.2,0.464052,장기 약정(1~2년) 전환 유도
1427-VERSM,Month-to-month,Fiber optic,0.010731,98.7,0.463184,장기 약정(1~2년) 전환 유도 및 결합 쿠폰 제공
6692-UDPJC,Month-to-month,Fiber optic,0.016108,91.65,0.463168,장기 약정(1~2년) 전환 유도 및 결합 쿠폰 제공
3374-LXDEV,Month-to-month,Fiber optic,0.014372,89.4,0.462893,장기 약정(1~2년) 전환 유도 및 결합 쿠폰 제공
1173-NOEYG,Month-to-month,Fiber optic,0.013818,90.15,0.462727,장기 약정(1~2년) 전환 유도 및 결합 쿠폰 제공
4983-CLMLV,Month-to-month,Fiber optic,0.013204,102.7,0.462389,장기 약정(1~2년) 전환 유도 및 결합 쿠폰 제공
9753-OYLBX,Month-to-month,No,0.002339,20.5,0.461883,장기 약정(1~2년) 전환 유도
3162-KKZXO,One year,Fiber optic,0.014423,100.15,0.461837,결합 쿠폰 제공
0107-WESLM,Month-to-month,No,0.004637,19.85,0.461636,장기 약정(1~2년) 전환 유도
7251-LJBQN,One year,Fiber optic,0.026297,103.75,0.461576,결합 쿠폰 제공
2360-RDGRO,Month-to-month,Fiber optic,0.013001,104.25,0.461389,장기 약정(1~2년) 전환 유도 및 결합 쿠폰 제공
6233-HXJMX,Month-to-month,Fiber optic,0.009386,89.3,0.461281,장기 약정(1~2년) 전환 유도 및 결합 쿠폰 제공
1423-BMPBQ,Month-to-month,No,0.001439,19.0,0.461055,장기 약정(1~2년) 전환 유도
9281-OFDMF,Month-to-month,Fiber optic,0.017748,90.7,0.460814,장기 약정(1~2년) 전환 유도 및 결합 쿠폰 제공
4257-GAESD,Month-to-month,DSL,0.008713,45.0,0.460802,장기 약정(1~2년) 전환 유도
6815-ABQFQ,One year,Fiber optic,0.011071,107.25,0.460764,결합 쿠폰 제공
9029-FEGVJ,Month-to-month,Fiber optic,0.018478,79.3,0.460638,장기 약정(1~2년) 전환 유도 및 결합 쿠폰 제공
9643-AVVWI,Month-to-month,Fiber optic,0.017134,80.0,0.460092,장기 약정(1~2년) 전환 유도 및 결합 쿠폰 제공
0670-KDOMA,Month-to-month,No,0.003569,20.25,0.459153,장기 약정(1~2년) 전환 유도
0963-ZBDRN,Month-to-month,Fiber optic,0.009158,96.2,0.458936,장기 약정(1~2년) 전환 유도 및 결합 쿠폰 제공
5998-VVEJY,Month-to-month,Fiber optic,0.00758,80.5,0.45879,장기 약정(1~2년) 전환 유도 및 결합 쿠폰 제공
1784-EZDKJ,One year,Fiber optic,0.017414,106.8,0.458462,결합 쿠폰 제공
1644-IRKSF,One year,Fiber optic,0.009654,93.8,0.458105,결합 쿠폰 제공
2903-YYTBW,Month-to-month,DSL,0.008383,44.55,0.457835,장기 약정(1~2년) 전환 유도
7839-QRKXN,Month-to-month,No,0.002943,20.2,0.457794,장기 약정(1~2년) 전환 유도
6180-YBIQI,Month-to-month,DSL,0.003065,24.3,0.457336,장기 약정(1~2년) 전환 유도
4695-VADHF,Month-to-month,DSL,0.009513,57.45,0.45702,장기 약정(1~2년) 전환 유도
3197-ARFOY,Month-to-month,Fiber optic,0.012528,105.0,0.456656,장기 약정(1~2년) 전환 유도 및 결합 쿠폰 제공
9441-QHEVC,Month-to-month,No,0.002396,19.1,0.456586,장기 약정(1~2년) 전환 유도
0643-OKLRP,Month-to-month,Fiber optic,0.010403,80.35,0.456498,장기 약정(1~2년) 전환 유도 및 결합 쿠폰 제공
6591-QGOYB,Month-to-month,Fiber optic,0.007486,106.65,0.45623,장기 약정(1~2년) 전환 유도 및 결합 쿠폰 제공
0708-LGSMF,Month-to-month,DSL,0.004423,65.85,0.456155,장기 약정(1~2년) 전환 유도
3349-ANQNH,One year,Fiber optic,0.021622,99.5,0.456153,결합 쿠폰 제공
4619-EVPHY,One year,Fiber optic,0.032678,91.0,0.456091,결합 쿠폰 제공
3500-RMZLT,Month-to-month,Fiber optic,0.024468,96.3,0.455867,장기 약정(1~2년) 전환 유도 및 결합 쿠폰 제공
5356-CSVSQ,Month-to-month,DSL,0.00744,64.6,0.455141,장기 약정(1~2년) 전환 유도
0100-DUVFC,One year,Fiber optic,0.020668,104.8,0.45444,결합 쿠폰 제공
4720-VSTSI,Month-to-month,Fiber optic,0.011787,84.8,0.454286,장기 약정(1~2년) 전환 유도 및 결합 쿠폰 제공
4471-KXAUH,Month-to-month,Fiber optic,0.020334,84.3,0.453738,장기 약정(1~2년) 전환 유도 및 결합 쿠폰 제공
2873-ZLIWT,Month-to-month,Fiber optic,0.016266,84.85,0.453738,장기 약정(1~2년) 전환 유도 및 결합 쿠폰 제공
3005-NFMTA,Month-to-month,Fiber optic,0.007592,98.8,0.453539,장기 약정(1~2년) 전환 유도 및 결합 쿠폰 제공
5419-JKZNQ,Month-to-month,Fiber optic,0.008102,77.9,0.453534,장기 약정(1~2년) 전환 유도 및 결합 쿠폰 제공
2806-MLNTI,One year,Fiber optic,0.018345,105.1,0.453403,결합 쿠폰 제공
6217-TOWGS,Month-to-month,DSL,0.005965,75.4,0.453002,장기 약정(1~2년) 전환 유도
1349-WXNGG,Month-to-month,No,0.002037,20.05,0.452459,장기 약정(1~2년) 전환 유도
7853-WNZSY,Month-to-month,No,0.004147,19.75,0.452171,장기 약정(1~2년) 전환 유도
5461-QKNTN,Month-to-month,Fiber optic,0.013918,94.3,0.45177,장기 약정(1~2년) 전환 유도 및 결합 쿠폰 제공
2027-OAQQC,Month-to-month,DSL,0.003966,49.05,0.451602,장기 약정(1~2년) 전환 유도
7603-USHJS,Month-to-month,Fiber optic,0.007461,73.75,0.451477,장기 약정(1~2년) 전환 유도 및 결합 쿠폰 제공
0929-PECLO,Month-to-month,Fiber optic,0.024812,89.6,0.451083,장기 약정(1~2년) 전환 유도 및 결합 쿠폰 제공
5914-DVBWJ,Month-to-month,Fiber optic,0.006944,85.45,0.450549,장기 약정(1~2년) 전환 유도 및 결합 쿠폰 제공
9979-RGMZT,One year,Fiber optic,0.016605,94.05,0.450381,결합 쿠폰 제공
2322-VCZHZ,Month-to-month,Fiber optic,0.018915,90.0,0.450376,장기 약정(1~2년) 전환 유도 및 결합 쿠폰 제공
3587-PMCOY,One year,Fiber optic,0.013196,98.9,0.450321,결합 쿠폰 제공
1444-VVSGW,One year,Fiber optic,0.023208,115.65,0.45018,결합 쿠폰 제공
8563-OYMQY,Month-to-month,Fiber optic,0.010694,90.95,0.450141,장기 약정(1~2년) 전환 유도 및 결합 쿠폰 제공
9732-EQMWY,Month-to-month,Fiber optic,0.010641,99.4,0.450046,장기 약정(1~2년) 전환 유도 및 결합 쿠폰 제공
9776-OJUZI,Month-to-month,Fiber optic,0.024555,95.45,0.449648,장기 약정(1~2년) 전환 유도 및 결합 쿠폰 제공
7047-FWEYA,One year,Fiber optic,0.016203,103.15,0.449441,결합 쿠폰 제공
1329-VHWNP,Month-to-month,DSL,0.003477,25.05,0.449374,장기 약정(1~2년) 전환 유도
2587-EKXTS,Month-to-month,Fiber optic,0.013632,111.5,0.44935,장기 약정(1~2년) 전환 유도 및 결합 쿠폰 제공
0363-QJVFX,Month-to-month,Fiber optic,0.011448,108.15,0.449085,장기 약정(1~2년) 전환 유도 및 결합 쿠폰 제공
6365-MTGZX,Month-to-month,Fiber optic,0.012917,96.0,0.449018,장기 약정(1~2년) 전환 유도 및 결합 쿠폰 제공
2479-BRAMR,Month-to-month,Fiber optic,0.013166,83.75,0.449013,장기 약정(1~2년) 전환 유도 및 결합 쿠폰 제공
2067-QYTCF,Month-to-month,Fiber optic,0.029757,111.15,0.448934,장기 약정(1~2년) 전환 유도 및 결합 쿠폰 제공
2382-BCKQJ,One year,Fiber optic,0.015701,100.15,0.448342,결합 쿠폰 제공
9381-NDKME,Month-to-month,DSL,0.007841,40.65,0.448039,장기 약정(1~2년) 전환 유도
3452-SRFEG,Month-to-month,Fiber optic,0.008592,74.6,0.447691,장기 약정(1~2년) 전환 유도 및 결합 쿠폰 제공
4607-CHPCA,One year,Fiber optic,0.006842,90.4,0.447232,결합 쿠폰 제공
4526-ZJJTM,Month-to-month,Fiber optic,0.006065,88.4,0.447218,장기 약정(1~2년) 전환 유도 및 결합 쿠폰 제공
4080-OGPJL,Month-to-month,DSL,0.011176,71.15,0.447211,장기 약정(1~2년) 전환 유도
7495-OOKFY,Month-to-month,Fiber optic,0.013268,80.65,0.446689,장기 약정(1~2년) 전환 유도 및 결합 쿠폰 제공
0929-HYQEW,Month-to-month,DSL,0.008317,50.15,0.446431,장기 약정(1~2년) 전환 유도
0575-CUQOV,One year,Fiber optic,0.015402,97.95,0.446351,결합 쿠폰 제공
0829-XXPLX,Month-to-month,Fiber optic,0.017952,89.4,0.446298,장기 약정(1~2년) 전환 유도 및 결합 쿠폰 제공
0481-SUMCB,One year,Fiber optic,0.014858,102.15,0.44627,결합 쿠폰 제공
4831-EOBFE,Month-to-month,Fiber optic,0.011558,94.65,0.445981,장기 약정(1~2년) 전환 유도 및 결합 쿠폰 제공
0419-YAAPX,Month-to-month,Fiber optic,0.010426,85.3,0.445968,장기 약정(1~2년) 전환 유도 및 결합 쿠폰 제공
7693-QPEFS,Month-to-month,Fiber optic,0.00853,72.95,0.445508,장기 약정(1~2년) 전환 유도 및 결합 쿠폰 제공
3932-IJWDZ,Month-to-month,Fiber optic,0.015627,103.65,0.445261,장기 약정(1~2년) 전환 유도 및 결합 쿠폰 제공
8327-LZKAS,One year,Fiber optic,0.016286,107.55,0.445164,결합 쿠폰 제공
2027-WKXMW,Month-to-month,Fiber optic,0.005581,108.75,0.445034,장기 약정(1~2년) 전환 유도 및 결합 쿠폰 제공
4468-KAZHE,Month-to-month,DSL,0.008229,60.0,0.444928,장기 약정(1~2년) 전환 유도
8496-EJAUI,Month-to-month,Fiber optic,0.010352,73.85,0.444718,장기 약정(1~2년) 전환 유도 및 결합 쿠폰 제공
7064-FRRSW,One year,Fiber optic,0.011064,99.0,0.444351,결합 쿠폰 제공
4612-THJBS,One year,Fiber optic,0.018723,104.75,0.444276,결합 쿠폰 제공
6038-GCYEC,Month-to-month,DSL,0.007344,54.15,0.443647,장기 약정(1~2년) 전환 유도
9651-GTSAQ,One year,Fiber optic,0.021365,106.1,0.443525,결합 쿠폰 제공
6270-OMFIW,One year,Fiber optic,0.012636,94.4,0.443441,결합 쿠폰 제공
3234-VKACU,Month-to-month,DSL,0.004117,70.3,0.443379,장기 약정(1~2년) 전환 유도
3466-RITXD,Month-to-month,Fiber optic,0.009978,92.4,0.443306,장기 약정(1~2년) 전환 유도 및 결합 쿠폰 제공
2235-ZGKPT,Month-to-month,DSL,0.009013,50.85,0.442484,장기 약정(1~2년) 전환 유도
3590-TCXTB,Month-to-month,No,0.001809,20.35,0.442469,장기 약정(1~2년) 전환 유도
4789-KWMXN,One year,Fiber optic,0.01792,110.85,0.442117,결합 쿠폰 제공
2227-JRSJX,Month-to-month,Fiber optic,0.013782,99.15,0.441811,장기 약정(1~2년) 전환 유도 및 결합 쿠폰 제공
1169-SAOCL,One year,Fiber optic,0.01401,106.65,0.441747,결합 쿠폰 제공
4840-ORQXB,Month-to-month,Fiber optic,0.008757,104.75,0.441745,장기 약정(1~2년) 전환 유도 및 결합 쿠폰 제공
3946-JEWRQ,One year,Fiber optic,0.009834,95.2,0.441222,결합 쿠폰 제공
8840-DQLGN,Month-to-month,Fiber optic,0.022983,100.5,0.44104,장기 약정(1~2년) 전환 유도 및 결합 쿠폰 제공
6173-GOLSU,Month-to-month,Fiber optic,0.010288,94.65,0.440664,장기 약정(1~2년) 전환 유도 및 결합 쿠폰 제공
6789-HJBWG,Month-to-month,DSL,0.007772,49.4,0.440598,장기 약정(1~2년) 전환 유도
5533-NHFRF,Month-to-month,DSL,0.002983,44.4,0.440474,장기 약정(1~2년) 전환 유도
9272-LSVYH,Month-to-month,Fiber optic,0.011468,70.15,0.440416,장기 약정(1~2년) 전환 유도 및 결합 쿠폰 제공
8445-DNBAE,Month-to-month,DSL,0.010305,50.05,0.440121,장기 약정(1~2년) 전환 유도
7814-LEEVE,Month-to-month,No,0.002481,20.3,0.439906,장기 약정(1~2년) 전환 유도
9776-CLUJA,Month-to-month,Fiber optic,0.008824,77.5,0.439241,장기 약정(1~2년) 전환 유도 및 결합 쿠폰 제공
7551-JOHTI,Month-to-month,No,0.001189,19.5,0.43914,장기 약정(1~2년) 전환 유도
6467-CHFZW,Month-to-month,Fiber optic,0.019433,99.35,0.438811,장기 약정(1~2년) 전환 유도 및 결합 쿠폰 제공
2408-TZMJL,One year,Fiber optic,0.010391,110.15,0.438622,결합 쿠폰 제공
7271-AJDTL,Month-to-month,Fiber optic,0.012477,94.45,0.43856,장기 약정(1~2년) 전환 유도 및 결합 쿠폰 제공
2108-YKQTY,Month-to-month,DSL,0.00499,50.7,0.438528,장기 약정(1~2년) 전환 유도
4361-BKAXE,Month-to-month,Fiber optic,0.013449,114.5,0.437511,장기 약정(1~2년) 전환 유도 및 결합 쿠폰 제공
6896-SRVYQ,Month-to-month,Fiber optic,0.011108,73.85,0.43736,장기 약정(1~2년) 전환 유도 및 결합 쿠폰 제공
3426-NIYYL,Month-to-month,DSL,0.00421,51.55,0.43729,장기 약정(1~2년) 전환 유도
3537-HPKQT,Month-to-month,Fiber optic,0.011985,77.75,0.437246,장기 약정(1~2년) 전환 유도 및 결합 쿠폰 제공
3969-GYXEL,Month-to-month,Fiber optic,0.003903,76.4,0.437132,장기 약정(1~2년) 전환 유도 및 결합 쿠폰 제공
2507-QZPQS,Month-to-month,Fiber optic,0.010473,95.7,0.43678,장기 약정(1~2년) 전환 유도 및 결합 쿠폰 제공
0520-FDVVT,One year,Fiber optic,0.032997,102.35,0.436617,결합 쿠폰 제공
8566-YPRGL,Month-to-month,No,0.002954,19.5,0.436301,장기 약정(1~2년) 전환 유도
6847-KJLTS,Month-to-month,Fiber optic,0.017934,100.4,0.436289,장기 약정(1~2년) 전환 유도 및 결합 쿠폰 제공
9168-INPSZ,Month-to-month,Fiber optic,0.013796,104.15,0.436284,장기 약정(1~2년) 전환 유도 및 결합 쿠폰 제공
4976-LNFVV,Month-to-month,DSL,0.00324,34.3,0.43601,장기 약정(1~2년) 전환 유도
6859-RKMZJ,Month-to-month,DSL,0.007124,55.05,0.435694,장기 약정(1~2년) 전환 유도
6207-WIOLX,Month-to-month,DSL,0.006688,58.6,0.435521,장기 약정(1~2년) 전환 유도
9206-GVPEQ,Month-to-month,DSL,0.015964,54.45,0.435263,장기 약정(1~2년) 전환 유도
2325-WINES,One year,Fiber optic,0.017225,104.05,0.434922,결합 쿠폰 제공
7077-XJMET,Month-to-month,DSL,0.009068,74.15,0.434824,장기 약정(1~2년) 전환 유도
2604-IJPDU,Month-to-month,Fiber optic,0.012551,96.55,0.434785,장기 약정(1~2년) 전환 유도 및 결합 쿠폰 제공
7825-ECJRF,Month-to-month,Fiber optic,0.00913,106.6,0.434098,장기 약정(1~2년) 전환 유도 및 결합 쿠폰 제공
2369-FEVNO,Month-to-month,No,0.003015,19.9,0.433967,장기 약정(1~2년) 전환 유도
4566-NECEV,Month-to-month,Fiber optic,0.005366,96.55,0.433676,장기 약정(1~2년) 전환 유도 및 결합 쿠폰 제공
5055-MGMGF,Month-to-month,Fiber optic,0.008197,105.05,0.433603,장기 약정(1~2년) 전환 유도 및 결합 쿠폰 제공
9508-ILZDG,Month-to-month,Fiber optic,0.005518,96.35,0.433091,장기 약정(1~2년) 전환 유도 및 결합 쿠폰 제공
7876-BEUTG,Month-to-month,DSL,0.004145,48.8,0.432491,장기 약정(1~2년) 전환 유도
9249-FXSCK,One year,Fiber optic,0.011645,111.25,0.432113,결합 쿠폰 제공
0103-CSITQ,One year,Fiber optic,0.013717,109.4,0.43201,결합 쿠폰 제공
4503-BDXBD,Month-to-month,Fiber optic,0.005676,74.95,0.431092,장기 약정(1~2년) 전환 유도 및 결합 쿠폰 제공
6728-WYQBC,Month-to-month,No,0.00376,20.95,0.430973,장기 약정(1~2년) 전환 유도
5839-SUYVZ,Month-to-month,Fiber optic,0.009175,74.55,0.430641,장기 약정(1~2년) 전환 유도 및 결합 쿠폰 제공
6769-DYBQN,Month-to-month,Fiber optic,0.024147,85.0,0.43057,장기 약정(1~2년) 전환 유도 및 결합 쿠폰 제공
8878-RYUKI,Month-to-month,DSL,0.006222,59.45,0.43057,장기 약정(1~2년) 전환 유도
5370-IIVVL,One year,Fiber optic,0.019964,104.5,0.430079,결합 쿠폰 제공
1871-MOWRM,Month-to-month,Fiber optic,0.004198,80.85,0.429674,장기 약정(1~2년) 전환 유도 및 결합 쿠폰 제공
9450-TRJUU,Month-to-month,Fiber optic,0.014294,83.15,0.429348,장기 약정(1~2년) 전환 유도 및 결합 쿠폰 제공
1552-AAGRX,Month-to-month,Fiber optic,0.015851,106.4,0.428878,장기 약정(1~2년) 전환 유도 및 결합 쿠폰 제공
3927-NLNRY,One year,Fiber optic,0.016667,94.25,0.428154,결합 쿠폰 제공
4238-JSSWH,Month-to-month,Fiber optic,0.020511,102.05,0.427838,장기 약정(1~2년) 전환 유도 및 결합 쿠폰 제공
4797-AXPXK,Month-to-month,DSL,0.008989,60.0,0.427525,장기 약정(1~2년) 전환 유도
6728-VOIFY,One year,Fiber optic,0.009563,96.0,0.427498,결합 쿠폰 제공
6143-JQKEA,Month-to-month,DSL,0.008003,45.8,0.427327,장기 약정(1~2년) 전환 유도
7852-LECYP,Month-to-month,Fiber optic,0.015224,93.8,0.427298,장기 약정(1~2년) 전환 유도 및 결합 쿠폰 제공
0730-KOAVE,Month-to-month,Fiber optic,0.004851,94.3,0.427231,장기 약정(1~2년) 전환 유도 및 결합 쿠폰 제공
4634-JLRJT,Month-to-month,No,0.002987,20.35,0.427219,장기 약정(1~2년) 전환 유도
4860-IJUDE,Month-to-month,Fiber optic,0.007895,73.75,0.427026,장기 약정(1~2년) 전환 유도 및 결합 쿠폰 제공
9681-KYGYB,Month-to-month,Fiber optic,0.016916,88.2,0.426835,장기 약정(1~2년) 전환 유도 및 결합 쿠폰 제공
7850-VWJUU,Month-to-month,Fiber optic,0.009796,75.0,0.426813,장기 약정(1~2년) 전환 유도 및 결합 쿠폰 제공
8901-HJXTF,Month-to-month,DSL,0.00322,29.2,0.42646,장기 약정(1~2년) 전환 유도
5172-MIGPM,Month-to-month,DSL,0.006173,65.55,0.426285,장기 약정(1~2년) 전환 유도
1548-FEHVL,Month-to-month,Fiber optic,0.018713,106.2,0.426204,장기 약정(1~2년) 전환 유도 및 결합 쿠폰 제공
0348-SDKOL,Month-to-month,Fiber optic,0.008322,102.1,0.42593,장기 약정(1~2년) 전환 유도 및 결합 쿠폰 제공
4554-YGZIH,Month-to-month,Fiber optic,0.015191,90.05,0.425386,장기 약정(1~2년) 전환 유도 및 결합 쿠폰 제공
6862-CQUMB,Month-to-month,Fiber optic,0.009087,96.1,0.425157,장기 약정(1~2년) 전환 유도 및 결합 쿠폰 제공
8262-COGGB,Month-to-month,No,0.003047,20.45,0.424897,장기 약정(1~2년) 전환 유도
2465-BLLEU,Month-to-month,No,0.002429,19.75,0.424897,장기 약정(1~2년) 전환 유도
1025-FALIX,Month-to-month,Fiber optic,0.012021,69.05,0.424811,장기 약정(1~2년) 전환 유도 및 결합 쿠폰 제공
7957-RYHQD,Month-to-month,Fiber optic,0.012073,79.2,0.424435,장기 약정(1~2년) 전환 유도 및 결합 쿠폰 제공
3522-CDKHF,Month-to-month,Fiber optic,0.013325,75.5,0.424378,장기 약정(1~2년) 전환 유도 및 결합 쿠폰 제공
2874-YXVVA,Month-to-month,Fiber optic,0.018801,105.1,0.42427,장기 약정(1~2년) 전환 유도 및 결합 쿠폰 제공
8388-FYNPZ,Month-to-month,DSL,0.004776,56.75,0.424207,장기 약정(1~2년) 전환 유도
9767-FFLEM,Month-to-month,Fiber optic,0.028391,69.5,0.424165,장기 약정(1~2년) 전환 유도 및 결합 쿠폰 제공
8033-VCZGH,One year,Fiber optic,0.012163,103.95,0.424045,결합 쿠폰 제공
1049-FYSYG,Month-to-month,DSL,0.004934,35.65,0.424016,장기 약정(1~2년) 전환 유도
4211-MMAZN,Month-to-month,No,0.002056,20.25,0.423827,장기 약정(1~2년) 전환 유도
1763-WQFUK,Month-to-month,DSL,0.006295,50.5,0.423745,장기 약정(1~2년) 전환 유도
7878-JGDKK,Month-to-month,DSL,0.008684,44.55,0.423558,장기 약정(1~2년) 전환 유도
0356-ERHVT,Month-to-month,DSL,0.004913,45.9,0.423548,장기 약정(1~2년) 전환 유도
2040-VZIKE,Month-to-month,Fiber optic,0.021033,100.85,0.423535,장기 약정(1~2년) 전환 유도 및 결합 쿠폰 제공
4476-OSWTN,One year,Fiber optic,0.017799,110.55,0.423474,결합 쿠폰 제공
5046-NUHWD,Month-to-month,DSL,0.004946,45.0,0.423246,장기 약정(1~2년) 전환 유도
6985-HAYWX,Month-to-month,Fiber optic,0.010875,79.3,0.423158,장기 약정(1~2년) 전환 유도 및 결합 쿠폰 제공
5309-TAIKL,Month-to-month,DSL,0.007864,62.8,0.423057,장기 약정(1~2년) 전환 유도
2043-WVTQJ,Month-to-month,DSL,0.00781,55.7,0.422992,장기 약정(1~2년) 전환 유도
1849-RJYIG,Month-to-month,DSL,0.003466,60.0,0.422946,장기 약정(1~2년) 전환 유도
0082-OQIQY,Month-to-month,Fiber optic,0.008808,94.2,0.422795,장기 약정(1~2년) 전환 유도 및 결합 쿠폰 제공
8749-JMNKX,Month-to-month,Fiber optic,0.014136,93.8,0.42242,장기 약정(1~2년) 전환 유도 및 결합 쿠폰 제공
6770-XUAGN,Month-to-month,No,0.003848,21.0,0.42234,장기 약정(1~2년) 전환 유도
1091-SOZGA,One year,Fiber optic,0.010272,99.8,0.422155,결합 쿠폰 제공
7878-RTCZG,Month-to-month,No,0.003237,19.9,0.422101,장기 약정(1~2년) 전환 유도
8980-WQFWL,Month-to-month,DSL,0.007409,62.1,0.421846,장기 약정(1~2년) 전환 유도
2014-MKGMH,One year,Fiber optic,0.008215,101.1,0.421517,결합 쿠폰 제공
5423-BHIXO,Month-to-month,DSL,0.006944,54.2,0.421101,장기 약정(1~2년) 전환 유도
2615-YVMYX,Month-to-month,Fiber optic,0.009247,107.5,0.420893,장기 약정(1~2년) 전환 유도 및 결합 쿠폰 제공
9699-UBQFS,Month-to-month,Fiber optic,0.011964,94.5,0.420542,장기 약정(1~2년) 전환 유도 및 결합 쿠폰 제공
6578-KRMAW,Month-to-month,Fiber optic,0.028203,93.4,0.420495,장기 약정(1~2년) 전환 유도 및 결합 쿠폰 제공
8640-SDGKB,Month-to-month,DSL,0.007822,74.4,0.420475,장기 약정(1~2년) 전환 유도
1029-QFBEN,Month-to-month,No,0.003884,19.55,0.420328,장기 약정(1~2년) 전환 유도
2359-QWQUL,One year,Fiber optic,0.033453,104.7,0.419958,결합 쿠폰 제공
6261-RCVNS,One year,DSL,0.009693,73.9,0.419919,기본 유지 혜택 제공
7130-YXBRO,Month-to-month,Fiber optic,0.010024,111.45,0.419916,장기 약정(1~2년) 전환 유도 및 결합 쿠폰 제공
4130-MZLCC,Month-to-month,DSL,0.005852,50.55,0.419901,장기 약정(1~2년) 전환 유도
6097-EQISJ,One year,Fiber optic,0.032734,102.45,0.419668,결합 쿠폰 제공
2669-QVCRG,Month-to-month,Fiber optic,0.008381,81.3,0.419662,장기 약정(1~2년) 전환 유도 및 결합 쿠폰 제공
8749-CLJXC,Month-to-month,No,0.003143,20.05,0.419432,장기 약정(1~2년) 전환 유도
1750-CSKKM,Month-to-month,DSL,0.007738,55.35,0.419151,장기 약정(1~2년) 전환 유도
7326-RIGQZ,Month-to-month,Fiber optic,0.00782,69.8,0.419117,장기 약정(1~2년) 전환 유도 및 결합 쿠폰 제공
1098-TDVUQ,Month-to-month,No,0.002318,19.25,0.419008,장기 약정(1~2년) 전환 유도
3680-CTHUH,One year,Fiber optic,0.014701,116.6,0.418964,결합 쿠폰 제공
9921-QFQUL,Month-to-month,Fiber optic,0.014568,90.15,0.418751,장기 약정(1~2년) 전환 유도 및 결합 쿠폰 제공
4710-FDUIZ,One year,Fiber optic,0.011445,100.3,0.418571,결합 쿠폰 제공
0118-JPNOY,Month-to-month,Fiber optic,0.016392,85.8,0.418298,장기 약정(1~2년) 전환 유도 및 결합 쿠폰 제공
7246-ZGQDF,Month-to-month,DSL,0.008335,54.5,0.418194,장기 약정(1~2년) 전환 유도
7658-UYUQS,Month-to-month,Fiber optic,0.007222,86.55,0.417798,장기 약정(1~2년) 전환 유도 및 결합 쿠폰 제공
0508-OOLTO,Month-to-month,Fiber optic,0.011297,71.65,0.417541,장기 약정(1~2년) 전환 유도 및 결합 쿠폰 제공
3043-TYBNO,Month-to-month,DSL,0.007647,60.65,0.417514,장기 약정(1~2년) 전환 유도
2433-KMEAS,Month-to-month,DSL,0.003048,54.45,0.417352,장기 약정(1~2년) 전환 유도
4760-XOHVN,Month-to-month,No,0.007046,19.45,0.417078,장기 약정(1~2년) 전환 유도
7239-HZZCX,Month-to-month,No,0.003368,19.75,0.416529,장기 약정(1~2년) 전환 유도
6874-SGLHU,One year,Fiber optic,0.007729,97.0,0.41639,결합 쿠폰 제공
8677-HDZEE,Month-to-month,Fiber optic,0.013453,105.45,0.41588,장기 약정(1~2년) 전환 유도 및 결합 쿠폰 제공
7721-JXEAW,Month-to-month,DSL,0.00393,41.05,0.415232,장기 약정(1~2년) 전환 유도
6654-QGBZZ,Month-to-month,No,0.00276,19.9,0.415196,장기 약정(1~2년) 전환 유도
2692-AQCPF,One year,Fiber optic,0.007413,108.05,0.415162,결합 쿠폰 제공
0080-OROZO,One year,Fiber optic,0.020859,99.25,0.415055,결합 쿠폰 제공
9526-JAWYF,Month-to-month,Fiber optic,0.019338,89.8,0.415,장기 약정(1~2년) 전환 유도 및 결합 쿠폰 제공
4829-AUOAX,Month-to-month,Fiber optic,0.037181,96.05,0.414944,장기 약정(1~2년) 전환 유도 및 결합 쿠폰 제공
0420-BWTPW,Month-to-month,DSL,0.003392,25.5,0.414755,장기 약정(1~2년) 전환 유도
9323-HGFWY,One year,Fiber optic,0.008247,101.9,0.41473,결합 쿠폰 제공
4482-FTFFX,Month-to-month,DSL,0.006337,56.15,0.414729,장기 약정(1~2년) 전환 유도
5067-XJQFU,One year,Fiber optic,0.006659,108.45,0.414717,결합 쿠폰 제공
5207-PLSTK,Month-to-month,DSL,0.005611,48.75,0.414544,장기 약정(1~2년) 전환 유도
3717-LNXKW,Month-to-month,Fiber optic,0.022121,91.7,0.414247,장기 약정(1~2년) 전환 유도 및 결합 쿠폰 제공
4329-YPDDQ,Month-to-month,Fiber optic,0.016455,108.2,0.41382,장기 약정(1~2년) 전환 유도 및 결합 쿠폰 제공
4781-ZXYGU,Month-to-month,No,0.001646,20.15,0.413526,장기 약정(1~2년) 전환 유도
0471-ARVMX,One year,Fiber optic,0.020109,104.85,0.413519,결합 쿠폰 제공
4588-YBNIB,Month-to-month,No,0.000966,19.6,0.413403,장기 약정(1~2년) 전환 유도
4343-EJVQB,Month-to-month,Fiber optic,0.013221,74.35,0.413254,장기 약정(1~2년) 전환 유도 및 결합 쿠폰 제공
8203-XJZRC,Month-to-month,No,0.001274,20.25,0.412838,장기 약정(1~2년) 전환 유도
4013-GUXND,Month-to-month,No,0.004035,20.8,0.412346,장기 약정(1~2년) 전환 유도
2623-DRYAM,One year,Fiber optic,0.008057,101.75,0.412005,결합 쿠폰 제공
0673-IGUQO,Month-to-month,No,0.003107,20.45,0.411888,장기 약정(1~2년) 전환 유도
7181-OQCUT,Month-to-month,Fiber optic,0.030447,103.85,0.411514,장기 약정(1~2년) 전환 유도 및 결합 쿠폰 제공
2770-NSVDG,Month-to-month,DSL,0.001878,29.1,0.411375,장기 약정(1~2년) 전환 유도
5149-TGWDZ,One year,Fiber optic,0.00765,104.55,0.410885,결합 쿠폰 제공
0924-BJCRC,Month-to-month,Fiber optic,0.008291,89.45,0.410783,장기 약정(1~2년) 전환 유도 및 결합 쿠폰 제공
8651-ENBZX,One year,Fiber optic,0.013825,106.0,0.410206,결합 쿠폰 제공
1907-YLNYW,Month-to-month,DSL,0.015943,66.7,0.410043,장기 약정(1~2년) 전환 유도
5016-ETTFF,Month-to-month,DSL,0.004815,29.5,0.410004,장기 약정(1~2년) 전환 유도
6825-UYPFK,Month-to-month,Fiber optic,0.015721,75.6,0.409996,장기 약정(1~2년) 전환 유도 및 결합 쿠폰 제공
6614-VBEGU,Month-to-month,DSL,0.00994,69.45,0.409942,장기 약정(1~2년) 전환 유도
0691-NIKRI,One year,Fiber optic,0.013987,105.95,0.409521,결합 쿠폰 제공
6629-LADHQ,Month-to-month,DSL,0.004957,50.95,0.409022,장기 약정(1~2년) 전환 유도
2957-LOLHO,Month-to-month,DSL,0.007066,45.4,0.408978,장기 약정(1~2년) 전환 유도
5146-CBVOE,Month-to-month,Fiber optic,0.007537,75.1,0.408814,장기 약정(1~2년) 전환 유도 및 결합 쿠폰 제공
1550-EENBN,Month-to-month,Fiber optic,0.010229,104.35,0.408638,장기 약정(1~2년) 전환 유도 및 결합 쿠폰 제공
9812-GHVRI,Month-to-month,Fiber optic,0.006675,83.85,0.40855,장기 약정(1~2년) 전환 유도 및 결합 쿠폰 제공
2823-LKABH,Month-to-month,Fiber optic,0.010624,95.05,0.408519,장기 약정(1~2년) 전환 유도 및 결합 쿠폰 제공
7409-JURKQ,One year,Fiber optic,0.012942,111.8,0.408222,결합 쿠폰 제공
5130-IEKQT,Month-to-month,Fiber optic,0.011992,105.95,0.407521,장기 약정(1~2년) 전환 유도 및 결합 쿠폰 제공
4931-TRZWN,Month-to-month,DSL,0.016704,71.95,0.407508,장기 약정(1~2년) 전환 유도
2480-SQIOB,Month-to-month,DSL,0.004047,44.8,0.407318,장기 약정(1~2년) 전환 유도
7055-VKGDA,One year,Fiber optic,0.012154,105.4,0.407129,결합 쿠폰 제공
0431-APWVY,One year,Fiber optic,0.008953,90.1,0.407081,결합 쿠폰 제공
6818-DJXAA,Month-to-month,Fiber optic,0.017724,91.1,0.406835,장기 약정(1~2년) 전환 유도 및 결합 쿠폰 제공
2455-USLMV,Month-to-month,Fiber optic,0.010042,84.75,0.40678,장기 약정(1~2년) 전환 유도 및 결합 쿠폰 제공
0883-EIBTI,Month-to-month,No,0.002249,19.5,0.406586,장기 약정(1~2년) 전환 유도
3580-REOAC,Month-to-month,DSL,0.004393,44.85,0.406301,장기 약정(1~2년) 전환 유도
4452-QIIEB,Month-to-month,DSL,0.005317,43.9,0.406205,장기 약정(1~2년) 전환 유도
4393-RYCRE,One year,Fiber optic,0.026924,106.05,0.40602,결합 쿠폰 제공
9822-WMWVG,Month-to-month,Fiber optic,0.015282,106.5,0.40528,장기 약정(1~2년) 전환 유도 및 결합 쿠폰 제공
0455-XFASS,Month-to-month,Fiber optic,0.005914,69.55,0.405188,장기 약정(1~2년) 전환 유도 및 결합 쿠폰 제공
7549-MYGPK,Month-to-month,Fiber optic,0.006426,100.55,0.405002,장기 약정(1~2년) 전환 유도 및 결합 쿠폰 제공
0003-MKNFE,Month-to-month,DSL,0.008059,59.9,0.404925,장기 약정(1~2년) 전환 유도
4680-KUTAJ,Month-to-month,DSL,0.005653,55.6,0.404521,장기 약정(1~2년) 전환 유도
3873-NFTGI,Month-to-month,DSL,0.013665,55.5,0.404399,장기 약정(1~2년) 전환 유도
8751-EDEKA,Month-to-month,Fiber optic,0.010428,89.9,0.404375,장기 약정(1~2년) 전환 유도 및 결합 쿠폰 제공
2826-DXLQO,Month-to-month,DSL,0.002782,29.8,0.404295,장기 약정(1~2년) 전환 유도
2834-SPCJV,Month-to-month,Fiber optic,0.009778,84.1,0.403999,장기 약정(1~2년) 전환 유도 및 결합 쿠폰 제공
7075-BNDVQ,Month-to-month,DSL,0.006134,35.0,0.403553,장기 약정(1~2년) 전환 유도
6199-IWKGC,One year,Fiber optic,0.017618,100.25,0.403202,결합 쿠폰 제공
1261-FWTTE,Month-to-month,DSL,0.002128,34.65,0.403199,장기 약정(1~2년) 전환 유도
7291-CDTMJ,Month-to-month,No,0.001608,19.65,0.402982,장기 약정(1~2년) 전환 유도
6821-JPCDC,One year,Fiber optic,0.005478,97.05,0.402972,결합 쿠폰 제공
1066-JKSGK,Month-to-month,No,0.003157,20.15,0.402943,장기 약정(1~2년) 전환 유도
2712-SYWAY,Month-to-month,No,0.002099,25.7,0.402898,장기 약정(1~2년) 전환 유도
6664-FPDAC,One year,Fiber optic,0.016962,111.95,0.402781,결합 쿠폰 제공
4450-YOOHP,Month-to-month,DSL,0.005142,50.65,0.402633,장기 약정(1~2년) 전환 유도
5522-JBWMO,Month-to-month,DSL,0.009475,44.0,0.402596,장기 약정(1~2년) 전환 유도
2070-FNEXE,Month-to-month,Fiber optic,0.007255,76.45,0.402595,장기 약정(1~2년) 전환 유도 및 결합 쿠폰 제공
9821-BESNZ,One year,Fiber optic,0.014352,104.25,0.402521,결합 쿠폰 제공
4010-YLMVT,Month-to-month,Fiber optic,0.013838,106.6,0.402485,장기 약정(1~2년) 전환 유도 및 결합 쿠폰 제공
4323-OHFOW,One year,Fiber optic,0.013905,105.55,0.40242,결합 쿠폰 제공
6538-POCHL,Month-to-month,Fiber optic,0.010078,79.0,0.402235,장기 약정(1~2년) 전환 유도 및 결합 쿠폰 제공
5934-RMPOV,Month-to-month,Fiber optic,0.007947,84.75,0.402136,장기 약정(1~2년) 전환 유도 및 결합 쿠폰 제공
5002-GCQFH,Month-to-month,Fiber optic,0.008703,93.85,0.402072,장기 약정(1~2년) 전환 유도 및 결합 쿠폰 제공
7054-ENNGU,Month-to-month,DSL,0.005034,50.85,0.401548,장기 약정(1~2년) 전환 유도
2692-PFYTJ,Month-to-month,No,0.002388,25.75,0.401531,장기 약정(1~2년) 전환 유도
2190-BCXEC,Month-to-month,Fiber optic,0.010026,78.85,0.401344,장기 약정(1~2년) 전환 유도 및 결합 쿠폰 제공
7124-UGSUR,One year,Fiber optic,0.020421,104.4,0.401181,결합 쿠폰 제공
6741-EGCBI,Month-to-month,Fiber optic,0.009947,90.5,0.400659,장기 약정(1~2년) 전환 유도 및 결합 쿠폰 제공
8976-OQHGT,Month-to-month,DSL,0.007194,56.5,0.400176,장기 약정(1~2년) 전환 유도
7634-WSWDB,Month-to-month,DSL,0.006882,38.5,0.399597,장기 약정(1~2년) 전환 유도
2165-VOEGB,One year,Fiber optic,0.013731,105.2,0.399359,결합 쿠폰 제공
6284-AHOOQ,Month-to-month,Fiber optic,0.019717,90.5,0.399328,장기 약정(1~2년) 전환 유도 및 결합 쿠폰 제공
3842-IYKUE,Month-to-month,Fiber optic,0.010335,85.3,0.399283,장기 약정(1~2년) 전환 유도 및 결합 쿠폰 제공
7245-JMTTQ,One year,Fiber optic,0.016494,111.5,0.398907,결합 쿠폰 제공
7302-ZHMHP,Month-to-month,No,0.001708,19.15,0.398691,장기 약정(1~2년) 전환 유도
5649-TJHOV,Month-to-month,DSL,0.004268,36.5,0.398592,장기 약정(1~2년) 전환 유도
1853-ARAAQ,Month-to-month,DSL,0.006749,50.35,0.398527,장기 약정(1~2년) 전환 유도
2178-PMGCJ,Month-to-month,Fiber optic,0.011225,69.7,0.398466,장기 약정(1~2년) 전환 유도 및 결합 쿠폰 제공
6635-CPNUN,Month-to-month,Fiber optic,0.014815,96.6,0.398412,장기 약정(1~2년) 전환 유도 및 결합 쿠폰 제공
2676-ISHSF,Month-to-month,No,0.00397,20.3,0.398389,장기 약정(1~2년) 전환 유도
3842-QTGDL,Month-to-month,Fiber optic,0.009637,80.75,0.398373,장기 약정(1~2년) 전환 유도 및 결합 쿠폰 제공
8728-SKJLR,Month-to-month,Fiber optic,0.012047,74.25,0.398371,장기 약정(1~2년) 전환 유도 및 결합 쿠폰 제공
3594-KADLU,Month-to-month,DSL,0.005651,35.1,0.398309,장기 약정(1~2년) 전환 유도
8375-KVTHK,One year,Fiber optic,0.020838,100.3,0.398272,결합 쿠폰 제공
6711-VTNRE,Month-to-month,Fiber optic,0.017551,87.55,0.397989,장기 약정(1~2년) 전환 유도 및 결합 쿠폰 제공
5886-VLQVU,Month-to-month,Fiber optic,0.012893,89.85,0.397796,장기 약정(1~2년) 전환 유도 및 결합 쿠폰 제공
6745-JEFZB,Month-to-month,Fiber optic,0.010768,91.5,0.397775,장기 약정(1~2년) 전환 유도 및 결합 쿠폰 제공
0380-NEAVX,One year,Fiber optic,0.007509,99.85,0.396868,결합 쿠폰 제공
8992-CEUEN,Month-to-month,No,0.00212,18.85,0.396735,장기 약정(1~2년) 전환 유도
3424-NMNBO,One year,Fiber optic,0.014073,108.85,0.396701,결합 쿠폰 제공
8053-WWDRO,Month-to-month,No,0.003413,19.5,0.396416,장기 약정(1~2년) 전환 유도
5600-PDUJF,Month-to-month,DSL,0.008289,49.5,0.396408,장기 약정(1~2년) 전환 유도
5143-WMWOG,Month-to-month,No,0.003817,19.95,0.395768,장기 약정(1~2년) 전환 유도
5445-PZWGX,One year,Fiber optic,0.014592,102.0,0.395627,결합 쿠폰 제공
1205-WNWPJ,Month-to-month,DSL,0.010246,59.5,0.395525,장기 약정(1~2년) 전환 유도
2592-YKDIF,Month-to-month,No,0.003579,20.35,0.395231,장기 약정(1~2년) 전환 유도
4390-KYULV,Month-to-month,No,0.002608,20.55,0.395021,장기 약정(1~2년) 전환 유도
3803-KMQFW,Month-to-month,No,0.001995,20.55,0.394806,장기 약정(1~2년) 전환 유도
9233-PSYHO,One year,Fiber optic,0.014333,100.15,0.394799,결합 쿠폰 제공
1215-VFYVK,Month-to-month,DSL,0.007824,48.25,0.394711,장기 약정(1~2년) 전환 유도
1818-ESQMW,Month-to-month,Fiber optic,0.01944,89.2,0.394277,장기 약정(1~2년) 전환 유도 및 결합 쿠폰 제공
4307-KTUMW,Month-to-month,Fiber optic,0.00489,93.9,0.394237,장기 약정(1~2년) 전환 유도 및 결합 쿠폰 제공
2960-NKRSO,Month-to-month,Fiber optic,0.013258,85.95,0.394193,장기 약정(1~2년) 전환 유도 및 결합 쿠폰 제공
0668-OGMHD,Month-to-month,DSL,0.002891,28.5,0.393391,장기 약정(1~2년) 전환 유도
9469-WEJBT,Month-to-month,Fiber optic,0.005961,90.35,0.393316,장기 약정(1~2년) 전환 유도 및 결합 쿠폰 제공
7129-CAKJW,Month-to-month,Fiber optic,0.023995,80.05,0.39282,장기 약정(1~2년) 전환 유도 및 결합 쿠폰 제공
3683-QKIUE,Month-to-month,DSL,0.003333,50.8,0.392681,장기 약정(1~2년) 전환 유도
6769-DCQLI,One year,Fiber optic,0.015588,105.0,0.392531,결합 쿠폰 제공
9174-FKWZE,Month-to-month,No,0.001712,19.45,0.392156,장기 약정(1~2년) 전환 유도
5687-DKDTV,Month-to-month,No,0.003102,20.35,0.392128,장기 약정(1~2년) 전환 유도
9777-WJJPR,Month-to-month,Fiber optic,0.015581,88.65,0.39197,장기 약정(1~2년) 전환 유도 및 결합 쿠폰 제공
9708-HPXWZ,Month-to-month,DSL,0.0046,45.4,0.391762,장기 약정(1~2년) 전환 유도
6439-GTPCA,Month-to-month,Fiber optic,0.008867,87.25,0.391724,장기 약정(1~2년) 전환 유도 및 결합 쿠폰 제공
2659-VXMWZ,One year,Fiber optic,0.007218,111.3,0.391443,결합 쿠폰 제공
0409-WTMPL,One year,Fiber optic,0.019383,110.65,0.39144,결합 쿠폰 제공
6569-KTMDU,Month-to-month,No,0.002791,19.1,0.390996,장기 약정(1~2년) 전환 유도
4350-ZTLPI,One year,Fiber optic,0.016435,108.95,0.390826,결합 쿠폰 제공
5440-VHLUL,One year,Fiber optic,0.012349,105.2,0.390784,결합 쿠폰 제공
6218-KNUBD,Month-to-month,DSL,0.006812,59.45,0.390677,장기 약정(1~2년) 전환 유도
7730-IUTDZ,Month-to-month,Fiber optic,0.007559,75.2,0.390666,장기 약정(1~2년) 전환 유도 및 결합 쿠폰 제공
2924-KHUVI,One year,Fiber optic,0.01772,100.55,0.390663,결합 쿠폰 제공
2576-HXMPA,Month-to-month,No,0.003201,19.55,0.390471,장기 약정(1~2년) 전환 유도
5485-WUYWF,Month-to-month,DSL,0.007185,66.4,0.39047,장기 약정(1~2년) 전환 유도
5351-QESIO,Month-to-month,DSL,0.002761,24.2,0.390009,장기 약정(1~2년) 전환 유도
2947-DOMLJ,Month-to-month,DSL,0.006221,50.6,0.389892,장기 약정(1~2년) 전환 유도
5424-RLQLC,Month-to-month,DSL,0.006322,59.65,0.389856,장기 약정(1~2년) 전환 유도
0856-NAOES,Month-to-month,DSL,0.00597,60.9,0.389593,장기 약정(1~2년) 전환 유도
8725-JEDFD,Month-to-month,Fiber optic,0.004464,69.05,0.389448,장기 약정(1~2년) 전환 유도 및 결합 쿠폰 제공
1258-YMZNM,One year,Fiber optic,0.005671,110.5,0.389419,결합 쿠폰 제공
2320-JRSDE,Month-to-month,No,0.005446,19.9,0.389385,장기 약정(1~2년) 전환 유도
4950-BDEUX,Month-to-month,DSL,0.008869,49.2,0.388604,장기 약정(1~2년) 전환 유도
6029-CSMJE,Month-to-month,DSL,0.002644,25.65,0.388508,장기 약정(1~2년) 전환 유도
7009-LGECI,Month-to-month,DSL,0.004186,50.55,0.38753,장기 약정(1~2년) 전환 유도
5443-SCMKX,One year,Fiber optic,0.007595,94.3,0.387163,결합 쿠폰 제공
5312-UXESG,Month-to-month,Fiber optic,0.012091,98.05,0.387153,장기 약정(1~2년) 전환 유도 및 결합 쿠폰 제공
4190-MFLUW,Month-to-month,DSL,0.010826,55.2,0.387044,장기 약정(1~2년) 전환 유도
1193-RTSLK,Month-to-month,Fiber optic,0.024079,83.9,0.386995,장기 약정(1~2년) 전환 유도 및 결합 쿠폰 제공
8294-UIMBA,One year,Fiber optic,0.012996,94.4,0.386798,결합 쿠폰 제공
1663-MHLHE,Month-to-month,No,0.002243,19.2,0.386764,장기 약정(1~2년) 전환 유도
2657-VPXTA,Month-to-month,Fiber optic,0.011795,88.85,0.386733,장기 약정(1~2년) 전환 유도 및 결합 쿠폰 제공
5394-SVGJV,Month-to-month,Fiber optic,0.017346,98.8,0.386724,장기 약정(1~2년) 전환 유도 및 결합 쿠폰 제공
4765-OXPPD,Month-to-month,DSL,0.007517,65.0,0.386037,장기 약정(1~2년) 전환 유도
8773-HHUOZ,Month-to-month,DSL,0.009435,64.7,0.386029,장기 약정(1~2년) 전환 유도
9518-RWHZL,One year,Fiber optic,0.0077,100.05,0.385885,결합 쿠폰 제공
3727-JEZTU,Month-to-month,No,0.002144,20.4,0.385845,장기 약정(1~2년) 전환 유도
0577-WHMEV,Month-to-month,Fiber optic,0.007656,90.7,0.38556,장기 약정(1~2년) 전환 유도 및 결합 쿠폰 제공
0326-VDYXE,One year,Fiber optic,0.015727,97.65,0.385463,결합 쿠폰 제공
4480-MBMLB,One year,Fiber optic,0.011018,104.8,0.385325,결합 쿠폰 제공
0641-EVBOJ,Month-to-month,Fiber optic,0.011239,82.3,0.385021,장기 약정(1~2년) 전환 유도 및 결합 쿠폰 제공
3815-SLMEF,Month-to-month,DSL,0.007462,34.25,0.38491,장기 약정(1~2년) 전환 유도
2674-MLXMN,Month-to-month,Fiber optic,0.014631,99.65,0.384692,장기 약정(1~2년) 전환 유도 및 결합 쿠폰 제공
7895-VONWT,Month-to-month,DSL,0.002834,48.25,0.384509,장기 약정(1~2년) 전환 유도
5243-SAOTC,Month-to-month,Fiber optic,0.008463,79.85,0.384368,장기 약정(1~2년) 전환 유도 및 결합 쿠폰 제공
5973-EJGDP,Month-to-month,Fiber optic,0.013492,87.35,0.384302,장기 약정(1~2년) 전환 유도 및 결합 쿠폰 제공
0468-YRPXN,Month-to-month,Fiber optic,0.012581,98.8,0.383894,장기 약정(1~2년) 전환 유도 및 결합 쿠폰 제공
9356-AXGMP,One year,Fiber optic,0.015238,110.7,0.38319,결합 쿠폰 제공
4465-VDKIQ,Month-to-month,Fiber optic,0.011344,77.8,0.382904,장기 약정(1~2년) 전환 유도 및 결합 쿠폰 제공
5074-FBGHB,One year,Fiber optic,0.018612,104.65,0.382889,결합 쿠폰 제공
8715-KKTFG,One year,Fiber optic,0.011703,103.3,0.382475,결합 쿠폰 제공
0426-TIRNE,Month-to-month,No,0.002717,20.9,0.382218,장기 약정(1~2년) 전환 유도
0970-QXPXW,Month-to-month,No,0.002443,19.65,0.382218,장기 약정(1~2년) 전환 유도
7617-EYGLW,Month-to-month,No,0.005673,19.45,0.382007,장기 약정(1~2년) 전환 유도
6022-KOUQO,Month-to-month,DSL,0.00445,29.05,0.381992,장기 약정(1~2년) 전환 유도
8158-WPEZG,Month-to-month,DSL,0.007008,35.65,0.381798,장기 약정(1~2년) 전환 유도
8065-BVEPF,Month-to-month,Fiber optic,0.020276,99.1,0.381543,장기 약정(1~2년) 전환 유도 및 결합 쿠폰 제공
4070-OKWVH,Month-to-month,Fiber optic,0.009856,94.6,0.381401,장기 약정(1~2년) 전환 유도 및 결합 쿠폰 제공
1347-KTTTA,One year,Fiber optic,0.010657,102.45,0.381296,결합 쿠폰 제공
0237-YFUTL,Month-to-month,Fiber optic,0.019844,109.65,0.380991,장기 약정(1~2년) 전환 유도 및 결합 쿠폰 제공
3956-CJUST,Month-to-month,Fiber optic,0.005971,75.4,0.380899,장기 약정(1~2년) 전환 유도 및 결합 쿠폰 제공
5600-KTXFM,Month-to-month,Fiber optic,0.007362,69.95,0.380817,장기 약정(1~2년) 전환 유도 및 결합 쿠폰 제공
5649-VUKMC,One year,Fiber optic,0.016756,95.5,0.380204,결합 쿠폰 제공
2586-CWXVV,Month-to-month,DSL,0.004774,30.4,0.380119,장기 약정(1~2년) 전환 유도
1732-VHUBQ,Month-to-month,Fiber optic,0.016439,70.55,0.379884,장기 약정(1~2년) 전환 유도 및 결합 쿠폰 제공
9659-ZTWSM,One year,Fiber optic,0.034865,107.35,0.379518,결합 쿠폰 제공
3930-ZGWVE,Month-to-month,No,0.002769,19.75,0.379003,장기 약정(1~2년) 전환 유도
2668-TZSPS,Month-to-month,No,0.002499,20.45,0.379003,장기 약정(1~2년) 전환 유도
6128-DAFVY,Month-to-month,DSL,0.006762,44.85,0.378509,장기 약정(1~2년) 전환 유도
7721-DVEKZ,Month-to-month,No,0.001977,19.65,0.378335,장기 약정(1~2년) 전환 유도
4320-QMLLA,Month-to-month,DSL,0.01406,54.85,0.377632,장기 약정(1~2년) 전환 유도
4232-JGKIY,Month-to-month,No,0.003904,19.2,0.376883,장기 약정(1~2년) 전환 유도
8148-BPLZQ,Month-to-month,DSL,0.011841,49.8,0.37638,장기 약정(1~2년) 전환 유도
0442-ZXKVS,One year,Fiber optic,0.014189,115.6,0.376158,결합 쿠폰 제공
0771-WLCLA,Month-to-month,Fiber optic,0.017503,112.95,0.376117,장기 약정(1~2년) 전환 유도 및 결합 쿠폰 제공
7813-ZGGAW,Month-to-month,Fiber optic,0.011567,96.6,0.375673,장기 약정(1~2년) 전환 유도 및 결합 쿠폰 제공
8634-CILSZ,One year,Fiber optic,0.008291,104.7,0.375174,결합 쿠폰 제공
3976-NLDEZ,Month-to-month,No,0.002146,20.6,0.375133,장기 약정(1~2년) 전환 유도
8393-JMVMB,Month-to-month,No,0.001956,19.45,0.375133,장기 약정(1~2년) 전환 유도
5154-VEKBL,Month-to-month,DSL,0.017732,58.5,0.375104,장기 약정(1~2년) 전환 유도
2115-BFTIW,Month-to-month,Fiber optic,0.020694,70.95,0.374696,장기 약정(1~2년) 전환 유도 및 결합 쿠폰 제공
9139-WQQDY,One year,Fiber optic,0.011746,100.45,0.374593,결합 쿠폰 제공
3237-AJGEH,Month-to-month,DSL,0.009398,31.0,0.373636,장기 약정(1~2년) 전환 유도
4183-WCSEP,Month-to-month,Fiber optic,0.01432,78.45,0.373417,장기 약정(1~2년) 전환 유도 및 결합 쿠폰 제공
3247-MHJKM,Month-to-month,No,0.00157,20.2,0.373403,장기 약정(1~2년) 전환 유도
3955-JBZZM,Month-to-month,Fiber optic,0.005681,78.8,0.373342,장기 약정(1~2년) 전환 유도 및 결합 쿠폰 제공
1703-MGIAB,Month-to-month,DSL,0.010557,69.0,0.373045,장기 약정(1~2년) 전환 유도
2839-RFSQE,Month-to-month,No,0.002308,20.65,0.372908,장기 약정(1~2년) 전환 유도
3130-ICDUP,Month-to-month,Fiber optic,0.00747,80.55,0.372126,장기 약정(1~2년) 전환 유도 및 결합 쿠폰 제공
7272-QDCKA,One year,Fiber optic,0.022602,100.2,0.372031,결합 쿠폰 제공
7133-VBDCG,Month-to-month,Fiber optic,0.008242,79.85,0.372027,장기 약정(1~2년) 전환 유도 및 결합 쿠폰 제공
1024-KPRBB,One year,Fiber optic,0.011677,89.1,0.371895,결합 쿠폰 제공
5027-YOCXN,One year,Fiber optic,0.007231,110.05,0.371635,결합 쿠폰 제공
4237-CLSMM,Month-to-month,No,0.002818,20.0,0.371589,장기 약정(1~2년) 전환 유도
5201-USSQZ,Month-to-month,Fiber optic,0.012051,85.9,0.371492,장기 약정(1~2년) 전환 유도 및 결합 쿠폰 제공
3506-LCJDC,Month-to-month,No,0.003112,19.95,0.371458,장기 약정(1~2년) 전환 유도
8791-GFXLZ,Month-to-month,DSL,0.00457,49.05,0.370969,장기 약정(1~2년) 전환 유도
8267-ZNYVZ,One year,Fiber optic,0.012493,103.75,0.370731,결합 쿠폰 제공
9327-QSDED,Month-to-month,DSL,0.006276,43.55,0.370681,장기 약정(1~2년) 전환 유도
3030-YZADT,Month-to-month,DSL,0.005494,44.95,0.370681,장기 약정(1~2년) 전환 유도
7398-LXGYX,Month-to-month,Fiber optic,0.017307,84.8,0.370575,장기 약정(1~2년) 전환 유도 및 결합 쿠폰 제공
3569-EDBPQ,Month-to-month,Fiber optic,0.011586,84.35,0.370481,장기 약정(1~2년) 전환 유도 및 결합 쿠폰 제공
2273-QCKXA,Month-to-month,DSL,0.004809,49.05,0.37023,장기 약정(1~2년) 전환 유도
8679-JOEVF,Month-to-month,DSL,0.010429,59.4,0.370186,장기 약정(1~2년) 전환 유도
2933-FILNV,Month-to-month,DSL,0.001783,24.4,0.370164,장기 약정(1~2년) 전환 유도
7459-RRWQZ,Month-to-month,DSL,0.007029,64.65,0.370001,장기 약정(1~2년) 전환 유도
0512-FLFDW,One year,Fiber optic,0.00789,100.5,0.36981,결합 쿠폰 제공
3604-WLABM,Month-to-month,DSL,0.006925,54.25,0.369808,장기 약정(1~2년) 전환 유도
7621-VPNET,Month-to-month,Fiber optic,0.008344,85.9,0.369286,장기 약정(1~2년) 전환 유도 및 결합 쿠폰 제공
2866-IKBTM,Month-to-month,No,0.001643,19.55,0.368919,장기 약정(1~2년) 전환 유도
5295-PCJOO,Month-to-month,DSL,0.008075,49.4,0.368877,장기 약정(1~2년) 전환 유도
8272-ONJLV,One year,Fiber optic,0.008665,95.7,0.368532,결합 쿠폰 제공
7929-DMBCV,Month-to-month,Fiber optic,0.008792,81.0,0.36843,장기 약정(1~2년) 전환 유도 및 결합 쿠폰 제공
7766-CLTIC,Month-to-month,DSL,0.006147,60.95,0.368384,장기 약정(1~2년) 전환 유도
7017-VFULY,Month-to-month,No,0.00202,20.1,0.368288,장기 약정(1~2년) 전환 유도
3528-HFRIQ,Month-to-month,DSL,0.006175,52.3,0.368148,장기 약정(1~2년) 전환 유도
0365-GXEZS,Month-to-month,Fiber optic,0.008697,78.2,0.367676,장기 약정(1~2년) 전환 유도 및 결합 쿠폰 제공
8713-IGZSO,Month-to-month,No,0.003057,24.85,0.367457,장기 약정(1~2년) 전환 유도
4282-MSACW,One year,Fiber optic,0.01246,117.2,0.36677,결합 쿠폰 제공
1855-AGAWH,One year,Fiber optic,0.018475,93.8,0.366705,결합 쿠폰 제공
7310-EGVHZ,Month-to-month,No,0.002208,20.2,0.366646,장기 약정(1~2년) 전환 유도
8979-CAMGB,One year,Fiber optic,0.011182,102.1,0.366625,결합 쿠폰 제공
4488-KQFDT,One year,Fiber optic,0.014172,103.95,0.36647,결합 쿠폰 제공
8199-ZLLSA,One year,Fiber optic,0.016591,118.35,0.366426,결합 쿠폰 제공
7096-UCLNH,Month-to-month,No,0.003087,20.05,0.366266,장기 약정(1~2년) 전환 유도
2111-DWYHN,Month-to-month,No,0.001706,21.1,0.36575,장기 약정(1~2년) 전환 유도
4580-TMHJU,Month-to-month,DSL,0.012233,56.15,0.365199,장기 약정(1~2년) 전환 유도
1559-DTODC,Month-to-month,DSL,0.002091,25.15,0.365126,장기 약정(1~2년) 전환 유도
1324-NLTJE,Month-to-month,DSL,0.005489,55.0,0.365014,장기 약정(1~2년) 전환 유도
8904-OPDCK,Month-to-month,DSL,0.003701,24.95,0.364865,장기 약정(1~2년) 전환 유도
7789-HKSBS,One year,Fiber optic,0.009462,105.2,0.36475,결합 쿠폰 제공
4118-CEVPF,One year,Fiber optic,0.0057,110.8,0.364285,결합 쿠폰 제공
3113-IWHLC,Month-to-month,DSL,0.014143,55.8,0.364199,장기 약정(1~2년) 전환 유도
1866-OBPNR,Month-to-month,Fiber optic,0.009154,74.6,0.363826,장기 약정(1~2년) 전환 유도 및 결합 쿠폰 제공
4176-FXYBO,Month-to-month,Fiber optic,0.009616,109.55,0.363563,장기 약정(1~2년) 전환 유도 및 결합 쿠폰 제공
2722-VOJQL,One year,Fiber optic,0.014887,105.65,0.363006,결합 쿠폰 제공
5188-HGMLP,Month-to-month,Fiber optic,0.011288,74.0,0.362923,장기 약정(1~2년) 전환 유도 및 결합 쿠폰 제공
3301-LSLWQ,Month-to-month,DSL,0.006865,66.1,0.362842,장기 약정(1~2년) 전환 유도
7147-AYBAA,Month-to-month,Fiber optic,0.008461,70.35,0.362723,장기 약정(1~2년) 전환 유도 및 결합 쿠폰 제공
1379-FRVEB,Month-to-month,Fiber optic,0.041059,91.0,0.362669,장기 약정(1~2년) 전환 유도 및 결합 쿠폰 제공
9277-JOOMO,Month-to-month,No,0.006403,24.6,0.362553,장기 약정(1~2년) 전환 유도
2303-PJYHN,Month-to-month,No,0.003439,19.85,0.362465,장기 약정(1~2년) 전환 유도
4760-THGOT,Month-to-month,Fiber optic,0.005545,94.1,0.362363,장기 약정(1~2년) 전환 유도 및 결합 쿠폰 제공
7716-YTYHG,One year,Fiber optic,0.010592,82.05,0.362283,결합 쿠폰 제공
1041-RXHRA,Month-to-month,Fiber optic,0.013224,70.25,0.362098,장기 약정(1~2년) 전환 유도 및 결합 쿠폰 제공
0871-OPBXW,Month-to-month,No,0.003951,20.05,0.362,장기 약정(1~2년) 전환 유도
6646-JPPHA,Month-to-month,Fiber optic,0.010037,78.85,0.361791,장기 약정(1~2년) 전환 유도 및 결합 쿠폰 제공
9572-MTILT,Month-to-month,Fiber optic,0.01122,106.75,0.36171,장기 약정(1~2년) 전환 유도 및 결합 쿠폰 제공
6952-OMNWB,Month-to-month,Fiber optic,0.006562,80.35,0.361535,장기 약정(1~2년) 전환 유도 및 결합 쿠폰 제공
3656-TKRVZ,Month-to-month,DSL,0.007362,55.35,0.361362,장기 약정(1~2년) 전환 유도
7343-EOBEU,Month-to-month,No,0.002016,23.6,0.361203,장기 약정(1~2년) 전환 유도
2654-VBVPB,Month-to-month,No,0.001687,19.9,0.361122,장기 약정(1~2년) 전환 유도
8329-UTMVM,One year,Fiber optic,0.013658,104.65,0.360905,결합 쿠폰 제공
9412-GHEEC,Month-to-month,Fiber optic,0.010029,104.8,0.36076,장기 약정(1~2년) 전환 유도 및 결합 쿠폰 제공
2810-FTLEM,Month-to-month,DSL,0.005482,50.15,0.360492,장기 약정(1~2년) 전환 유도
5897-ZYEKH,One year,Fiber optic,0.011281,105.6,0.360403,결합 쿠폰 제공
3018-TFTSU,Month-to-month,Fiber optic,0.019234,81.7,0.360279,장기 약정(1~2년) 전환 유도 및 결합 쿠폰 제공
2346-DJQTB,Month-to-month,DSL,0.001994,24.15,0.360049,장기 약정(1~2년) 전환 유도
6351-SCJKT,Month-to-month,DSL,0.004426,41.35,0.35997,장기 약정(1~2년) 전환 유도
1228-ZLNBX,Month-to-month,Fiber optic,0.007041,75.3,0.359834,장기 약정(1~2년) 전환 유도 및 결합 쿠폰 제공
3256-EZDBI,Month-to-month,DSL,0.004284,29.45,0.359388,장기 약정(1~2년) 전환 유도
4986-MXSFP,Month-to-month,No,0.002423,20.0,0.359365,장기 약정(1~2년) 전환 유도
3936-QQFLL,Month-to-month,No,0.002718,19.75,0.359137,장기 약정(1~2년) 전환 유도
2669-OIDSD,Month-to-month,Fiber optic,0.014234,100.05,0.358727,장기 약정(1~2년) 전환 유도 및 결합 쿠폰 제공
2342-CKIAO,Month-to-month,No,0.00311,20.3,0.35864,장기 약정(1~2년) 전환 유도
7018-WBJNK,Month-to-month,Fiber optic,0.01102,78.3,0.358575,장기 약정(1~2년) 전환 유도 및 결합 쿠폰 제공
0178-CIIKR,Month-to-month,No,0.002659,19.95,0.358388,장기 약정(1~2년) 전환 유도
4646-QZXTF,Month-to-month,DSL,0.008828,81.25,0.35817,장기 약정(1~2년) 전환 유도
8981-FJGLA,Month-to-month,Fiber optic,0.014678,78.0,0.358128,장기 약정(1~2년) 전환 유도 및 결합 쿠폰 제공
7134-MJPDY,One year,Fiber optic,0.00836,102.85,0.358055,결합 쿠폰 제공
3419-SNJJD,Month-to-month,Fiber optic,0.007703,105.25,0.357916,장기 약정(1~2년) 전환 유도 및 결합 쿠폰 제공
5780-INQIK,Month-to-month,DSL,0.00485,49.4,0.357757,장기 약정(1~2년) 전환 유도
1976-AZZPJ,Month-to-month,DSL,0.004976,34.2,0.357708,장기 약정(1~2년) 전환 유도
4081-DYXAV,One year,DSL,0.003348,44.85,0.357581,기본 유지 혜택 제공
7277-OZCGZ,Month-to-month,Fiber optic,0.009442,89.05,0.357511,장기 약정(1~2년) 전환 유도 및 결합 쿠폰 제공
6124-ACRHJ,Month-to-month,No,0.001355,19.75,0.357207,장기 약정(1~2년) 전환 유도
5287-QWLKY,Month-to-month,Fiber optic,0.018742,105.1,0.357173,장기 약정(1~2년) 전환 유도 및 결합 쿠폰 제공
9375-MHRRS,Month-to-month,DSL,0.003737,50.05,0.357127,장기 약정(1~2년) 전환 유도
6198-PNNSZ,One year,Fiber optic,0.014697,109.8,0.356873,결합 쿠폰 제공
0330-BGYZE,One year,Fiber optic,0.021199,102.5,0.35677,결합 쿠폰 제공
0691-JVSYA,One year,Fiber optic,0.012152,94.85,0.356751,결합 쿠폰 제공
3007-FDPEA,Month-to-month,No,0.003682,20.7,0.356432,장기 약정(1~2년) 전환 유도
4455-BFSPD,One year,Fiber optic,0.010436,101.15,0.356321,결합 쿠폰 제공
5651-WYIPH,Month-to-month,DSL,0.005062,49.85,0.356108,장기 약정(1~2년) 전환 유도
6927-WTFIV,Month-to-month,Fiber optic,0.00585,71.3,0.356085,장기 약정(1~2년) 전환 유도 및 결합 쿠폰 제공
2911-UREFD,Month-to-month,DSL,0.005533,55.9,0.356064,장기 약정(1~2년) 전환 유도
6572-ADKRS,Month-to-month,Fiber optic,0.012053,74.8,0.355798,장기 약정(1~2년) 전환 유도 및 결합 쿠폰 제공
3855-ONCAR,Month-to-month,Fiber optic,0.007664,78.9,0.355547,장기 약정(1~2년) 전환 유도 및 결합 쿠폰 제공
4195-SMMNX,Month-to-month,No,0.002522,20.35,0.355509,장기 약정(1~2년) 전환 유도
3594-IVHJZ,Month-to-month,No,0.00553,20.45,0.355407,장기 약정(1~2년) 전환 유도
2305-MRGLV,Month-to-month,Fiber optic,0.022455,76.55,0.355043,장기 약정(1~2년) 전환 유도 및 결합 쿠폰 제공
6234-PFPXL,Month-to-month,Fiber optic,0.010919,95.9,0.354853,장기 약정(1~2년) 전환 유도 및 결합 쿠폰 제공
3143-ILDAL,Month-to-month,Fiber optic,0.01509,94.45,0.354765,장기 약정(1~2년) 전환 유도 및 결합 쿠폰 제공
9818-XQCUV,Month-to-month,No,0.005305,20.35,0.354685,장기 약정(1~2년) 전환 유도
2308-STERM,Month-to-month,No,0.003622,19.4,0.354685,장기 약정(1~2년) 전환 유도
6179-GJPSO,Month-to-month,Fiber optic,0.02131,108.15,0.35465,장기 약정(1~2년) 전환 유도 및 결합 쿠폰 제공
5802-ADBRC,One year,Fiber optic,0.009677,104.4,0.354437,결합 쿠폰 제공
1215-FIGMP,Month-to-month,Fiber optic,0.005229,89.9,0.354343,장기 약정(1~2년) 전환 유도 및 결합 쿠폰 제공
2538-OIMXF,Month-to-month,DSL,0.004029,24.7,0.354325,장기 약정(1~2년) 전환 유도
5173-WXOQV,Month-to-month,DSL,0.016948,64.2,0.354135,장기 약정(1~2년) 전환 유도
2676-OXPPQ,Month-to-month,DSL,0.006292,55.7,0.354018,장기 약정(1~2년) 전환 유도
9475-NNDGC,One year,Fiber optic,0.021114,113.15,0.353807,결합 쿠폰 제공
2519-ERQOJ,Month-to-month,DSL,0.013974,54.6,0.353618,장기 약정(1~2년) 전환 유도
6849-OYAMU,One year,Fiber optic,0.017975,100.0,0.353346,결합 쿠폰 제공
7243-LCGGZ,Month-to-month,No,0.002813,20.9,0.353137,장기 약정(1~2년) 전환 유도
9688-YGXVR,Month-to-month,Fiber optic,0.011142,88.15,0.352969,장기 약정(1~2년) 전환 유도 및 결합 쿠폰 제공
5828-DWPIL,Month-to-month,Fiber optic,0.00593,89.1,0.35293,장기 약정(1~2년) 전환 유도 및 결합 쿠폰 제공
2257-BOVXD,Month-to-month,DSL,0.00708,66.6,0.352878,장기 약정(1~2년) 전환 유도
7426-GSWPO,Month-to-month,Fiber optic,0.022913,103.5,0.352826,장기 약정(1~2년) 전환 유도 및 결합 쿠폰 제공
9700-ZCLOT,Month-to-month,No,0.001904,20.0,0.352558,장기 약정(1~2년) 전환 유도
8257-RZAHR,Month-to-month,DSL,0.003812,64.7,0.352463,장기 약정(1~2년) 전환 유도
1656-DRSMG,Month-to-month,Fiber optic,0.014203,109.85,0.352337,장기 약정(1~2년) 전환 유도 및 결합 쿠폰 제공
2144-BFDSO,Month-to-month,Fiber optic,0.036632,108.75,0.352302,장기 약정(1~2년) 전환 유도 및 결합 쿠폰 제공
8920-NAVAY,One year,Fiber optic,0.009842,110.75,0.351826,결합 쿠폰 제공
9101-NTIXF,Month-to-month,No,0.002906,19.4,0.351612,장기 약정(1~2년) 전환 유도
2995-UPRYS,One year,Fiber optic,0.015976,99.2,0.351584,결합 쿠폰 제공
0816-TSPHQ,Month-to-month,No,0.005163,20.75,0.35157,장기 약정(1~2년) 전환 유도
0366-NQSHS,Month-to-month,No,0.003468,19.35,0.35157,장기 약정(1~2년) 전환 유도
2386-OWURY,Month-to-month,Fiber optic,0.012371,95.3,0.351466,장기 약정(1~2년) 전환 유도 및 결합 쿠폰 제공
4925-LMHOK,Month-to-month,DSL,0.006294,58.6,0.35082,장기 약정(1~2년) 전환 유도
6549-NNDYT,Month-to-month,DSL,0.003524,30.85,0.350734,장기 약정(1~2년) 전환 유도
9584-EXCDZ,Month-to-month,Fiber optic,0.007266,70.5,0.350377,장기 약정(1~2년) 전환 유도 및 결합 쿠폰 제공
7694-VLBWQ,One year,Fiber optic,0.009285,104.1,0.350363,결합 쿠폰 제공
4846-WHAFZ,Month-to-month,Fiber optic,0.0134,76.5,0.350226,장기 약정(1~2년) 전환 유도 및 결합 쿠폰 제공
6776-TLWOI,Month-to-month,No,0.003123,19.85,0.349871,장기 약정(1~2년) 전환 유도
5949-EBSQK,Month-to-month,DSL,0.006032,61.45,0.349804,장기 약정(1~2년) 전환 유도
7740-KKCXF,Month-to-month,DSL,0.003168,30.05,0.349425,장기 약정(1~2년) 전환 유도
0031-PVLZI,Month-to-month,No,0.002347,20.35,0.349317,장기 약정(1~2년) 전환 유도
3192-NQECA,Two year,Fiber optic,0.010826,110.0,0.34906,결합 쿠폰 제공
1518-VOWAV,Month-to-month,DSL,0.014648,74.65,0.348828,장기 약정(1~2년) 전환 유도
2391-SOORI,Month-to-month,DSL,0.007905,49.35,0.348783,장기 약정(1~2년) 전환 유도
6786-OBWQR,Month-to-month,Fiber optic,0.008751,80.85,0.348761,장기 약정(1~2년) 전환 유도 및 결합 쿠폰 제공
7030-NJVDP,Month-to-month,Fiber optic,0.009298,89.25,0.348542,장기 약정(1~2년) 전환 유도 및 결합 쿠폰 제공
8006-PYCSW,Month-to-month,No,0.003239,20.1,0.348511,장기 약정(1~2년) 전환 유도
4905-JEFDW,One year,DSL,0.002377,41.6,0.348459,기본 유지 혜택 제공
5371-VYLSX,Month-to-month,Fiber optic,0.009563,83.4,0.34845,장기 약정(1~2년) 전환 유도 및 결합 쿠폰 제공
7808-DVWEP,Month-to-month,No,0.003876,20.0,0.348419,장기 약정(1~2년) 전환 유도
5868-YTYKS,Month-to-month,No,0.002368,20.25,0.348238,장기 약정(1~2년) 전환 유도
0843-WTBXE,Month-to-month,Fiber optic,0.021482,85.45,0.348027,장기 약정(1~2년) 전환 유도 및 결합 쿠폰 제공
8150-QUDFX,Month-to-month,No,0.002399,19.85,0.34802,장기 약정(1~2년) 전환 유도
0956-ACVZC,One year,Fiber optic,0.008769,94.1,0.347743,결합 쿠폰 제공
0618-XWMSS,Month-to-month,Fiber optic,0.01749,74.9,0.347217,장기 약정(1~2년) 전환 유도 및 결합 쿠폰 제공
5066-GFJMM,Month-to-month,No,0.004411,19.9,0.347037,장기 약정(1~2년) 전환 유도
3570-YUEKJ,Month-to-month,DSL,0.008232,49.55,0.347037,장기 약정(1~2년) 전환 유도
8735-IJJEG,Month-to-month,DSL,0.009449,50.2,0.346858,장기 약정(1~2년) 전환 유도
4191-XOVOM,Month-to-month,Fiber optic,0.007005,105.4,0.346771,장기 약정(1~2년) 전환 유도 및 결합 쿠폰 제공
6946-LMSQS,One year,Fiber optic,0.007956,89.05,0.346483,결합 쿠폰 제공
2045-BMBTJ,Month-to-month,DSL,0.010448,59.45,0.346449,장기 약정(1~2년) 전환 유도
9057-MSWCO,Month-to-month,DSL,0.003552,30.75,0.346324,장기 약정(1~2년) 전환 유도
6942-LBFDP,Month-to-month,No,0.003949,20.55,0.346029,장기 약정(1~2년) 전환 유도
1465-LNTLJ,Month-to-month,DSL,0.006265,64.4,0.34585,장기 약정(1~2년) 전환 유도
0060-FUALY,Month-to-month,Fiber optic,0.020293,94.75,0.3458,장기 약정(1~2년) 전환 유도 및 결합 쿠폰 제공
8404-FYDIB,Month-to-month,Fiber optic,0.015552,86.65,0.345716,장기 약정(1~2년) 전환 유도 및 결합 쿠폰 제공
1216-BGTSP,Month-to-month,Fiber optic,0.014347,108.45,0.345671,장기 약정(1~2년) 전환 유도 및 결합 쿠폰 제공
8868-GAGIO,Month-to-month,Fiber optic,0.006409,84.55,0.345617,장기 약정(1~2년) 전환 유도 및 결합 쿠폰 제공
2220-IAHLS,Month-to-month,No,0.002403,19.4,0.345324,장기 약정(1~2년) 전환 유도
0617-FHSGK,Month-to-month,Fiber optic,0.010084,75.2,0.345061,장기 약정(1~2년) 전환 유도 및 결합 쿠폰 제공
3339-EAQNV,One year,Fiber optic,0.027786,97.25,0.344992,결합 쿠폰 제공
7103-IPXPJ,One year,Fiber optic,0.012872,99.4,0.344925,결합 쿠폰 제공
6133-OZILE,Month-to-month,DSL,0.003464,35.2,0.34475,장기 약정(1~2년) 전환 유도
9505-SQFSW,Month-to-month,DSL,0.005536,40.3,0.344713,장기 약정(1~2년) 전환 유도
7016-BPGEU,Month-to-month,DSL,0.006543,25.1,0.344446,장기 약정(1~2년) 전환 유도
3717-OFRTN,Month-to-month,No,0.001105,19.75,0.344105,장기 약정(1~2년) 전환 유도
2621-UDNLU,Month-to-month,No,0.001368,20.85,0.344081,장기 약정(1~2년) 전환 유도
0516-WJVXC,Month-to-month,DSL,0.005503,54.2,0.344057,장기 약정(1~2년) 전환 유도
7748-UMTRK,Month-to-month,Fiber optic,0.010825,101.3,0.343996,장기 약정(1~2년) 전환 유도 및 결합 쿠폰 제공
4462-CYWMH,Month-to-month,Fiber optic,0.017853,89.8,0.343978,장기 약정(1~2년) 전환 유도 및 결합 쿠폰 제공
6184-DYUOB,Month-to-month,No,0.0056,19.6,0.343515,장기 약정(1~2년) 전환 유도
1935-IMVBB,Month-to-month,Fiber optic,0.009516,89.7,0.343242,장기 약정(1~2년) 전환 유도 및 결합 쿠폰 제공
6397-JNZZG,Month-to-month,DSL,0.014462,55.55,0.343138,장기 약정(1~2년) 전환 유도
2731-GJRDG,One year,Fiber optic,0.008697,109.55,0.343073,결합 쿠폰 제공
7743-EXURX,Month-to-month,DSL,0.004475,51.05,0.342899,장기 약정(1~2년) 전환 유도
6743-HHQPF,Month-to-month,DSL,0.002018,25.1,0.34275,장기 약정(1~2년) 전환 유도
5140-FOMCQ,One year,Fiber optic,0.010713,109.15,0.342627,결합 쿠폰 제공
9079-YEXQJ,Month-to-month,Fiber optic,0.012933,111.1,0.342449,장기 약정(1~2년) 전환 유도 및 결합 쿠폰 제공
1456-TWCGB,Month-to-month,DSL,0.009301,49.25,0.342085,장기 약정(1~2년) 전환 유도
7011-CVEUC,Month-to-month,Fiber optic,0.013945,95.7,0.34201,장기 약정(1~2년) 전환 유도 및 결합 쿠폰 제공
6645-MXQJT,Month-to-month,Fiber optic,0.010799,97.1,0.341987,장기 약정(1~2년) 전환 유도 및 결합 쿠폰 제공
5515-RUGKN,Month-to-month,DSL,0.005355,54.75,0.34163,장기 약정(1~2년) 전환 유도
2522-AHJXR,Month-to-month,Fiber optic,0.013917,109.45,0.341567,장기 약정(1~2년) 전환 유도 및 결합 쿠폰 제공
5445-GLVOT,Month-to-month,DSL,0.003534,49.8,0.341517,장기 약정(1~2년) 전환 유도
5285-MVEHD,One year,Fiber optic,0.0061,105.6,0.341395,결합 쿠폰 제공
0761-AETCS,Month-to-month,No,0.003258,19.3,0.341267,장기 약정(1~2년) 전환 유도
0188-GWFLE,Month-to-month,No,0.001114,20.05,0.34126,장기 약정(1~2년) 전환 유도
9039-ZVJDC,Month-to-month,No,0.002469,19.1,0.341153,장기 약정(1~2년) 전환 유도
2267-FPIMA,Month-to-month,Fiber optic,0.004719,94.4,0.341119,장기 약정(1~2년) 전환 유도 및 결합 쿠폰 제공
5569-IDSEY,One year,Fiber optic,0.011563,105.7,0.341059,결합 쿠폰 제공
2843-CQMEG,Month-to-month,DSL,0.004943,49.7,0.341058,장기 약정(1~2년) 전환 유도
1596-BBVTG,Month-to-month,Fiber optic,0.00868,75.35,0.340989,장기 약정(1~2년) 전환 유도 및 결합 쿠폰 제공
0748-RDGGM,One year,Fiber optic,0.012237,109.5,0.340688,결합 쿠폰 제공
3620-MWJNE,Month-to-month,DSL,0.010638,54.45,0.340634,장기 약정(1~2년) 전환 유도
8740-XLHDR,Month-to-month,DSL,0.005126,43.25,0.340612,장기 약정(1~2년) 전환 유도
6723-WSNTY,One year,Fiber optic,0.006524,108.1,0.340468,결합 쿠폰 제공
2207-OBZNX,Month-to-month,DSL,0.007693,51.0,0.34031,장기 약정(1~2년) 전환 유도
5919-VCZYM,Month-to-month,No,0.002288,20.05,0.340153,장기 약정(1~2년) 전환 유도
8495-PRWFH,Month-to-month,DSL,0.009123,55.65,0.339924,장기 약정(1~2년) 전환 유도
5482-NUPNA,Month-to-month,DSL,0.00799,60.4,0.339722,장기 약정(1~2년) 전환 유도
6394-HHHZM,Month-to-month,No,0.003896,20.7,0.339502,장기 약정(1~2년) 전환 유도
7580-UGXNC,Month-to-month,DSL,0.005378,54.85,0.339247,장기 약정(1~2년) 전환 유도
3807-BPOMJ,One year,Fiber optic,0.021013,94.75,0.339203,결합 쿠폰 제공
7298-IZWLY,Month-to-month,No,0.002595,19.4,0.338967,장기 약정(1~2년) 전환 유도
0423-UDIJQ,Month-to-month,DSL,0.007794,49.2,0.338922,장기 약정(1~2년) 전환 유도
9633-DENPU,Month-to-month,DSL,0.009819,58.6,0.338893,장기 약정(1~2년) 전환 유도
2640-LYMOV,Month-to-month,No,0.003097,19.65,0.338861,장기 약정(1~2년) 전환 유도
3199-NPKCN,One year,Fiber optic,0.006163,111.25,0.338854,결합 쿠폰 제공
0898-XCGTF,One year,Fiber optic,0.010174,96.5,0.33882,결합 쿠폰 제공
2700-LUEVA,Month-to-month,No,0.001234,20.75,0.338648,장기 약정(1~2년) 전환 유도
0052-DCKON,One year,Fiber optic,0.019051,115.8,0.33862,결합 쿠폰 제공
5215-LNLDJ,Month-to-month,DSL,0.002684,24.7,0.338563,장기 약정(1~2년) 전환 유도
4324-AHJKS,Month-to-month,DSL,0.01248,55.8,0.338481,장기 약정(1~2년) 전환 유도
5440-FLBQG,Two year,Fiber optic,0.010067,108.4,0.338453,결합 쿠폰 제공
8905-IAZPF,One year,Fiber optic,0.00816,95.65,0.33831,결합 쿠폰 제공
0206-TBWLC,One year,Fiber optic,0.015781,114.65,0.337885,결합 쿠폰 제공
4323-SADQS,Month-to-month,DSL,0.003288,34.5,0.337709,장기 약정(1~2년) 전환 유도
1087-UDSIH,Month-to-month,No,0.002852,19.6,0.337667,장기 약정(1~2년) 전환 유도
6131-FOYAS,Month-to-month,DSL,0.006459,59.6,0.337662,장기 약정(1~2년) 전환 유도
1449-XQEMT,Month-to-month,No,0.003279,19.8,0.337611,장기 약정(1~2년) 전환 유도
9191-MYQKX,Month-to-month,Fiber optic,0.011993,75.15,0.337443,장기 약정(1~2년) 전환 유도 및 결합 쿠폰 제공
2748-MYRVK,One year,Fiber optic,0.025383,99.9,0.337325,결합 쿠폰 제공
7502-BNYGS,Month-to-month,DSL,0.016136,69.1,0.337243,장기 약정(1~2년) 전환 유도
7402-PWYJJ,One year,Fiber optic,0.017915,91.15,0.337126,결합 쿠폰 제공
0927-CNGRH,Month-to-month,No,0.002391,19.55,0.337088,장기 약정(1~2년) 전환 유도
6839-ITVZJ,Month-to-month,DSL,0.012506,60.05,0.337057,장기 약정(1~2년) 전환 유도
6345-HOVES,Month-to-month,DSL,0.002756,25.05,0.336469,장기 약정(1~2년) 전환 유도
4488-PSYCG,Month-to-month,No,0.002738,20.25,0.33635,장기 약정(1~2년) 전환 유도
3164-YAXFY,Month-to-month,DSL,0.011512,53.75,0.336172,장기 약정(1~2년) 전환 유도
5778-BVOFB,Month-to-month,DSL,0.006139,59.5,0.335959,장기 약정(1~2년) 전환 유도
6486-LHTMA,One year,Fiber optic,0.018192,90.7,0.335914,결합 쿠폰 제공
8091-TTVAX,One year,Fiber optic,0.038845,100.35,0.335316,결합 쿠폰 제공
9103-TCIHJ,Month-to-month,DSL,0.011903,55.7,0.335298,장기 약정(1~2년) 전환 유도
0277-BKSQP,Month-to-month,DSL,0.007915,54.4,0.335295,장기 약정(1~2년) 전환 유도
9833-TGFHX,One year,Fiber optic,0.009541,97.1,0.335004,결합 쿠폰 제공
3126-WQMGH,Month-to-month,DSL,0.003817,52.15,0.334942,장기 약정(1~2년) 전환 유도
2794-XIMMO,One year,DSL,0.00593,60.45,0.33491,기본 유지 혜택 제공
9881-VCZEP,Month-to-month,DSL,0.005033,54.1,0.334518,장기 약정(1~2년) 전환 유도
7389-KBFIT,Month-to-month,DSL,0.005394,30.25,0.33445,장기 약정(1~2년) 전환 유도
4132-POCZS,Month-to-month,DSL,0.009322,39.9,0.334125,장기 약정(1~2년) 전환 유도
8809-RIHDD,Two year,Fiber optic,0.014455,103.4,0.334034,결합 쿠폰 제공
8229-MYEJZ,Month-to-month,DSL,0.006645,51.2,0.33379,장기 약정(1~2년) 전환 유도
2684-EIWEO,Month-to-month,Fiber optic,0.015228,91.7,0.333614,장기 약정(1~2년) 전환 유도 및 결합 쿠폰 제공
6777-TGHTM,One year,Fiber optic,0.008775,106.95,0.333318,결합 쿠폰 제공
4188-FRABG,Month-to-month,Fiber optic,0.012585,103.05,0.33325,장기 약정(1~2년) 전환 유도 및 결합 쿠폰 제공
1009-IRMNA,Month-to-month,No,0.002649,20.0,0.333093,장기 약정(1~2년) 전환 유도
0447-BEMNG,Month-to-month,DSL,0.007037,45.3,0.332675,장기 약정(1~2년) 전환 유도
4007-NHVHI,Month-to-month,Fiber optic,0.012128,96.85,0.332433,장기 약정(1~2년) 전환 유도 및 결합 쿠폰 제공
9537-VHDTA,Month-to-month,DSL,0.006662,51.2,0.332323,장기 약정(1~2년) 전환 유도
8178-EYZUO,Month-to-month,Fiber optic,0.004997,93.7,0.331891,장기 약정(1~2년) 전환 유도 및 결합 쿠폰 제공
7776-QWNFX,Month-to-month,DSL,0.005867,50.4,0.331581,장기 약정(1~2년) 전환 유도
9708-KFDBY,Month-to-month,No,0.002992,20.55,0.331435,장기 약정(1~2년) 전환 유도
0471-LVHGK,One year,DSL,0.00906,73.0,0.331279,기본 유지 혜택 제공
7537-CBQUZ,Month-to-month,Fiber optic,0.016351,109.4,0.33123,장기 약정(1~2년) 전환 유도 및 결합 쿠폰 제공
6954-OOYZZ,Month-to-month,DSL,0.010235,44.35,0.33079,장기 약정(1~2년) 전환 유도
6067-NGCEU,Month-to-month,Fiber optic,0.008925,111.05,0.33068,장기 약정(1~2년) 전환 유도 및 결합 쿠폰 제공
3566-VVORZ,Month-to-month,DSL,0.003801,45.9,0.330674,장기 약정(1~2년) 전환 유도
0247-SLUJI,Month-to-month,No,0.002302,19.7,0.330115,장기 약정(1~2년) 전환 유도
8562-GHPPI,Month-to-month,No,0.002184,19.8,0.329871,장기 약정(1~2년) 전환 유도
7632-MNYOY,One year,Fiber optic,0.012827,110.9,0.329706,결합 쿠폰 제공
9137-NOQKA,Month-to-month,No,0.001685,19.2,0.329584,장기 약정(1~2년) 전환 유도
7927-AUXBZ,Month-to-month,Fiber optic,0.017706,85.15,0.32943,장기 약정(1~2년) 전환 유도 및 결합 쿠폰 제공
5122-CYFXA,Month-to-month,DSL,0.007656,75.3,0.329056,장기 약정(1~2년) 전환 유도
0215-BQKGS,Month-to-month,Fiber optic,0.012692,84.3,0.328604,장기 약정(1~2년) 전환 유도 및 결합 쿠폰 제공
4903-UYAVB,Month-to-month,No,0.001851,19.35,0.328364,장기 약정(1~2년) 전환 유도
5013-SBUIH,Two year,Fiber optic,0.042418,109.65,0.327767,결합 쿠폰 제공
9052-VKDUW,Month-to-month,Fiber optic,0.014406,109.4,0.327731,장기 약정(1~2년) 전환 유도 및 결합 쿠폰 제공
5628-RKIFK,Month-to-month,Fiber optic,0.014579,101.55,0.327485,장기 약정(1~2년) 전환 유도 및 결합 쿠폰 제공
7950-XWOVN,Month-to-month,DSL,0.003906,34.7,0.327162,장기 약정(1~2년) 전환 유도
9770-LXDBK,Month-to-month,No,0.004708,20.4,0.327134,장기 약정(1~2년) 전환 유도
7128-GGCNO,Month-to-month,Fiber optic,0.006559,72.8,0.327038,장기 약정(1~2년) 전환 유도 및 결합 쿠폰 제공
4459-BBGHE,Month-to-month,DSL,0.005163,44.5,0.327009,장기 약정(1~2년) 전환 유도
3756-VNWDH,One year,Fiber optic,0.013768,100.75,0.326956,결합 쿠폰 제공
1848-LBZHY,Month-to-month,DSL,0.006776,50.3,0.326621,장기 약정(1~2년) 전환 유도
1355-KUSBG,Month-to-month,DSL,0.007675,48.8,0.326568,장기 약정(1~2년) 전환 유도
8118-TJAFG,Month-to-month,Fiber optic,0.01575,101.5,0.326565,장기 약정(1~2년) 전환 유도 및 결합 쿠폰 제공
3090-QFUVD,Month-to-month,No,0.003715,20.3,0.326559,장기 약정(1~2년) 전환 유도
6854-EXGSF,Month-to-month,DSL,0.006412,65.5,0.326551,장기 약정(1~2년) 전환 유도
2927-QRRQV,One year,Fiber optic,0.010799,94.65,0.326501,결합 쿠폰 제공
2157-MXBJS,One year,DSL,0.009566,75.3,0.326462,기본 유지 혜택 제공
1928-BXYIV,Month-to-month,DSL,0.008159,61.15,0.326431,장기 약정(1~2년) 전환 유도
5447-WZAFP,One year,Fiber optic,0.011463,100.3,0.326388,결합 쿠폰 제공
4250-FDVOU,Month-to-month,DSL,0.008492,56.25,0.326084,장기 약정(1~2년) 전환 유도
3323-CPBWR,Month-to-month,Fiber optic,0.018861,96.9,0.326019,장기 약정(1~2년) 전환 유도 및 결합 쿠폰 제공
0899-WZRSD,Month-to-month,Fiber optic,0.008649,105.35,0.325817,장기 약정(1~2년) 전환 유도 및 결합 쿠폰 제공
0621-HJWXJ,Month-to-month,Fiber optic,0.006715,81.55,0.325698,장기 약정(1~2년) 전환 유도 및 결합 쿠폰 제공
8761-NSOBC,Month-to-month,Fiber optic,0.020012,100.55,0.325465,장기 약정(1~2년) 전환 유도 및 결합 쿠폰 제공
5568-DMXZS,Month-to-month,DSL,0.006534,65.45,0.324866,장기 약정(1~2년) 전환 유도
0887-WBJVH,One year,Fiber optic,0.013909,93.45,0.324825,결합 쿠폰 제공
0880-FVFWF,Month-to-month,Fiber optic,0.005751,86.4,0.32481,장기 약정(1~2년) 전환 유도 및 결합 쿠폰 제공
5945-AZYHT,One year,Fiber optic,0.015258,109.6,0.324786,결합 쿠폰 제공
1156-ZFYDO,Month-to-month,No,0.00288,19.75,0.324657,장기 약정(1~2년) 전환 유도
6647-ZEDXT,One year,Fiber optic,0.011977,110.45,0.324413,결합 쿠폰 제공
7526-IVLYU,Month-to-month,No,0.003606,19.65,0.324301,장기 약정(1~2년) 전환 유도
8799-OXZMD,Month-to-month,DSL,0.003449,29.75,0.324201,장기 약정(1~2년) 전환 유도
4628-WQCQQ,One year,Fiber optic,0.007474,85.15,0.324083,결합 쿠폰 제공
5533-RJFTJ,Month-to-month,DSL,0.004507,30.2,0.323953,장기 약정(1~2년) 전환 유도
9591-YVTEB,Month-to-month,DSL,0.008102,44.85,0.3237,장기 약정(1~2년) 전환 유도
2460-FPSYH,Month-to-month,DSL,0.007702,55.8,0.323681,장기 약정(1~2년) 전환 유도
0137-UDEUO,Month-to-month,No,0.003153,19.85,0.323666,장기 약정(1~2년) 전환 유도
9396-ZSFLL,Month-to-month,DSL,0.005312,48.85,0.323657,장기 약정(1~2년) 전환 유도
4993-JCRGJ,Month-to-month,Fiber optic,0.014022,84.3,0.323553,장기 약정(1~2년) 전환 유도 및 결합 쿠폰 제공
8644-XYTSV,Month-to-month,DSL,0.003337,40.15,0.323394,장기 약정(1~2년) 전환 유도
0639-TSIQW,Month-to-month,Fiber optic,0.017969,102.95,0.323367,장기 약정(1~2년) 전환 유도 및 결합 쿠폰 제공
3583-KRKMD,Month-to-month,Fiber optic,0.0115,75.9,0.323217,장기 약정(1~2년) 전환 유도 및 결합 쿠폰 제공
3307-TLCUD,Month-to-month,DSL,0.006793,34.4,0.323196,장기 약정(1~2년) 전환 유도
5562-YJQGT,Month-to-month,No,0.002645,20.35,0.323138,장기 약정(1~2년) 전환 유도
7905-TVXTA,Month-to-month,DSL,0.007358,64.35,0.323038,장기 약정(1~2년) 전환 유도
1564-HJUVY,Month-to-month,DSL,0.010497,63.75,0.322798,장기 약정(1~2년) 전환 유도
2267-WTPYD,Month-to-month,Fiber optic,0.009452,94.0,0.322798,장기 약정(1~2년) 전환 유도 및 결합 쿠폰 제공
3886-CERTZ,One year,Fiber optic,0.014684,109.25,0.322707,결합 쿠폰 제공
8444-WRIDW,Month-to-month,Fiber optic,0.006906,80.45,0.322537,장기 약정(1~2년) 전환 유도 및 결합 쿠폰 제공
2486-WYVVE,One year,DSL,0.007,79.3,0.322278,기본 유지 혜택 제공
1710-RCXUS,One year,Fiber optic,0.013572,90.35,0.322095,결합 쿠폰 제공
1135-LMECX,Month-to-month,No,0.002383,19.85,0.322065,장기 약정(1~2년) 전환 유도
0870-VEMYL,Month-to-month,DSL,0.011814,53.85,0.321449,장기 약정(1~2년) 전환 유도
7541-YLXCL,One year,DSL,0.009903,65.4,0.321385,기본 유지 혜택 제공
8095-WANWK,Month-to-month,DSL,0.011258,45.25,0.321327,장기 약정(1~2년) 전환 유도
4801-JZAZL,Month-to-month,DSL,0.002441,29.6,0.3213,장기 약정(1~2년) 전환 유도
0463-WZZKO,Month-to-month,No,0.003175,20.75,0.320979,장기 약정(1~2년) 전환 유도
5702-SKUOB,Month-to-month,No,0.00293,19.6,0.320853,장기 약정(1~2년) 전환 유도
9793-WECQC,Month-to-month,Fiber optic,0.010954,95.3,0.320653,장기 약정(1~2년) 전환 유도 및 결합 쿠폰 제공
2279-AXJJK,Month-to-month,Fiber optic,0.014546,95.65,0.32056,장기 약정(1~2년) 전환 유도 및 결합 쿠폰 제공
1796-JANOW,Month-to-month,No,0.002646,19.95,0.320507,장기 약정(1~2년) 전환 유도
4123-FCVCB,One year,DSL,0.013693,75.85,0.320491,기본 유지 혜택 제공
1170-SASML,Month-to-month,Fiber optic,0.01897,85.4,0.320358,장기 약정(1~2년) 전환 유도 및 결합 쿠폰 제공
3509-GWQGF,Month-to-month,Fiber optic,0.00918,70.0,0.320285,장기 약정(1~2년) 전환 유도 및 결합 쿠폰 제공
1228-FZFRV,Month-to-month,Fiber optic,0.035938,105.95,0.320118,장기 약정(1~2년) 전환 유도 및 결합 쿠폰 제공
8970-ANWXO,One year,DSL,0.007731,73.75,0.320097,기본 유지 혜택 제공
2560-PPCHE,One year,Fiber optic,0.010227,105.05,0.32005,결합 쿠폰 제공
4869-EPIUS,One year,Fiber optic,0.008418,80.9,0.32003,결합 쿠폰 제공
1679-JRFBR,One year,Fiber optic,0.017678,108.15,0.320012,결합 쿠폰 제공
2393-DIVAI,Month-to-month,No,0.001941,20.0,0.319844,장기 약정(1~2년) 전환 유도
4811-JBUVU,Month-to-month,Fiber optic,0.009856,89.9,0.319578,장기 약정(1~2년) 전환 유도 및 결합 쿠폰 제공
4598-XLKNJ,Month-to-month,Fiber optic,0.016233,98.5,0.319155,장기 약정(1~2년) 전환 유도 및 결합 쿠폰 제공
7109-MFBYV,Month-to-month,DSL,0.0058,45.45,0.319,장기 약정(1~2년) 전환 유도
2853-CWQFQ,Month-to-month,DSL,0.009945,59.55,0.31874,장기 약정(1~2년) 전환 유도
5651-CPDND,Month-to-month,DSL,0.005867,46.0,0.318499,장기 약정(1~2년) 전환 유도
5294-IMHHT,One year,Fiber optic,0.009712,97.75,0.318268,결합 쿠폰 제공
8910-LEDAG,Month-to-month,Fiber optic,0.007981,71.55,0.318133,장기 약정(1~2년) 전환 유도 및 결합 쿠폰 제공
9097-ZUBYC,Month-to-month,DSL,0.011066,48.8,0.317913,장기 약정(1~2년) 전환 유도
9332-GYWLO,Month-to-month,DSL,0.008627,54.85,0.317899,장기 약정(1~2년) 전환 유도
3858-XHYJO,One year,Fiber optic,0.015446,105.75,0.317657,결합 쿠폰 제공
5575-TPIZQ,Month-to-month,Fiber optic,0.010401,89.15,0.317597,장기 약정(1~2년) 전환 유도 및 결합 쿠폰 제공
2378-HTWFW,Month-to-month,Fiber optic,0.013786,91.0,0.317558,장기 약정(1~2년) 전환 유도 및 결합 쿠폰 제공
0804-XBFBV,Month-to-month,DSL,0.00155,25.2,0.317531,장기 약정(1~2년) 전환 유도
6345-ULYRW,One year,Fiber optic,0.007236,88.4,0.317378,결합 쿠폰 제공
7893-IXHRQ,Month-to-month,No,0.003003,20.55,0.317355,장기 약정(1~2년) 전환 유도
1502-XFCVR,One year,Fiber optic,0.020786,106.45,0.317235,결합 쿠폰 제공
9373-WSLOY,Month-to-month,DSL,0.005715,50.0,0.317227,장기 약정(1~2년) 전환 유도
6637-KYRCV,Month-to-month,DSL,0.003912,30.5,0.317105,장기 약정(1~2년) 전환 유도
9374-YOLBJ,Month-to-month,No,0.002207,19.25,0.316666,장기 약정(1~2년) 전환 유도
6288-LBEAR,Month-to-month,Fiber optic,0.01181,79.1,0.316455,장기 약정(1~2년) 전환 유도 및 결합 쿠폰 제공
2189-UXTKY,Month-to-month,DSL,0.009573,79.2,0.316264,장기 약정(1~2년) 전환 유도
5174-RNGBH,Month-to-month,DSL,0.01063,66.25,0.316042,장기 약정(1~2년) 전환 유도
1422-DGUBX,One year,Fiber optic,0.011553,79.25,0.315754,결합 쿠폰 제공
6689-VRRTK,One year,Fiber optic,0.011851,109.8,0.315671,결합 쿠폰 제공
9659-QEQSY,Month-to-month,Fiber optic,0.022076,115.65,0.315614,장기 약정(1~2년) 전환 유도 및 결합 쿠폰 제공
6849-WLEYG,Month-to-month,No,0.001971,19.75,0.315468,장기 약정(1~2년) 전환 유도
8722-NGNBH,Month-to-month,DSL,0.003818,40.0,0.315438,장기 약정(1~2년) 전환 유도
2604-XVDAM,Month-to-month,DSL,0.006502,43.8,0.315018,장기 약정(1~2년) 전환 유도
7845-URHJN,Month-to-month,No,0.002215,20.15,0.315008,장기 약정(1~2년) 전환 유도
2542-HYGIQ,Month-to-month,No,0.001579,19.95,0.314809,장기 약정(1~2년) 전환 유도
0931-MHTEM,One year,Fiber optic,0.04146,100.05,0.314679,결합 쿠폰 제공
8679-LZBMD,One year,Fiber optic,0.015303,90.65,0.314657,결합 쿠폰 제공
5708-EVONK,Month-to-month,Fiber optic,0.020555,93.4,0.314539,장기 약정(1~2년) 전환 유도 및 결합 쿠폰 제공
1698-XFZCI,One year,Fiber optic,0.012801,107.75,0.314022,결합 쿠폰 제공
5527-ACHSO,Month-to-month,DSL,0.006639,70.5,0.313475,장기 약정(1~2년) 전환 유도
8746-OQQRW,Month-to-month,No,0.003349,25.25,0.312831,장기 약정(1~2년) 전환 유도
4226-KKDON,Month-to-month,DSL,0.008846,66.65,0.31277,장기 약정(1~2년) 전환 유도
4785-QRJHC,One year,DSL,0.006401,59.9,0.312255,기본 유지 혜택 제공
4256-ZWTZI,Month-to-month,DSL,0.0064,51.0,0.311918,장기 약정(1~2년) 전환 유도
9169-BSVIN,Month-to-month,DSL,0.006768,74.75,0.311483,장기 약정(1~2년) 전환 유도
3164-AALRN,One year,DSL,0.008296,70.0,0.311322,기본 유지 혜택 제공
8205-OTCHB,One year,DSL,0.004322,43.75,0.311121,기본 유지 혜택 제공
2883-ILGWO,Month-to-month,Fiber optic,0.016051,104.9,0.311043,장기 약정(1~2년) 전환 유도 및 결합 쿠폰 제공
3230-WYKIR,One year,DSL,0.006214,82.0,0.311001,기본 유지 혜택 제공
0268-QKIWO,Month-to-month,No,0.00201,19.75,0.310697,장기 약정(1~2년) 전환 유도
6797-UCJHZ,One year,Fiber optic,0.010415,104.6,0.310597,결합 쿠폰 제공
8887-IPQNC,Month-to-month,DSL,0.002599,44.25,0.310582,장기 약정(1~2년) 전환 유도
2000-MPKCA,One year,Fiber optic,0.010703,107.75,0.310412,결합 쿠폰 제공
2474-LCNUE,Month-to-month,DSL,0.007229,73.65,0.31024,장기 약정(1~2년) 전환 유도
3945-GFWQL,Month-to-month,DSL,0.003524,44.55,0.309793,장기 약정(1~2년) 전환 유도
5732-IKGQH,One year,Fiber optic,0.00927,104.45,0.309577,결합 쿠폰 제공
3890-RTCMS,Month-to-month,DSL,0.004576,49.45,0.309573,장기 약정(1~2년) 전환 유도
2080-SRCDE,Month-to-month,No,0.002424,25.4,0.309491,장기 약정(1~2년) 전환 유도
1229-RCALF,One year,Fiber optic,0.011861,115.0,0.309444,결합 쿠폰 제공
6620-JDYNW,Month-to-month,DSL,0.020094,60.6,0.309398,장기 약정(1~2년) 전환 유도
8402-EIVQS,One year,Fiber optic,0.017463,100.9,0.309263,결합 쿠폰 제공
0867-LDTTC,Month-to-month,DSL,0.006634,75.15,0.309084,장기 약정(1~2년) 전환 유도
0440-QEXBZ,Month-to-month,DSL,0.010607,50.15,0.308731,장기 약정(1~2년) 전환 유도
4083-BFNYK,One year,Fiber optic,0.00942,95.0,0.308568,결합 쿠폰 제공
6333-YDVLT,One year,Fiber optic,0.013915,110.0,0.308559,결합 쿠폰 제공
7926-IJOOU,Month-to-month,No,0.001457,19.3,0.308543,장기 약정(1~2년) 전환 유도
1950-KSVVJ,One year,Fiber optic,0.015749,113.3,0.308108,결합 쿠폰 제공
8182-PNAGI,Month-to-month,DSL,0.006837,50.25,0.308017,장기 약정(1~2년) 전환 유도
3413-CSSTH,Month-to-month,DSL,0.011617,55.7,0.307687,장기 약정(1~2년) 전환 유도
8450-JOVAH,Month-to-month,DSL,0.004166,56.7,0.307684,장기 약정(1~2년) 전환 유도
4524-QCSSM,Month-to-month,DSL,0.00301,44.65,0.307314,장기 약정(1~2년) 전환 유도
8547-NSBBO,Month-to-month,Fiber optic,0.015197,96.75,0.306512,장기 약정(1~2년) 전환 유도 및 결합 쿠폰 제공
0807-ZABDG,Month-to-month,DSL,0.006197,55.1,0.306511,장기 약정(1~2년) 전환 유도
0909-SDHNU,Month-to-month,DSL,0.003257,29.8,0.306223,장기 약정(1~2년) 전환 유도
1986-PHGZF,Month-to-month,DSL,0.006921,58.4,0.306199,장기 약정(1~2년) 전환 유도
8250-ZNGGW,Month-to-month,DSL,0.008192,59.9,0.305826,장기 약정(1~2년) 전환 유도
6300-BWMJX,Month-to-month,Fiber optic,0.009687,93.35,0.305322,장기 약정(1~2년) 전환 유도 및 결합 쿠폰 제공
9501-UKKNL,Month-to-month,DSL,0.005877,51.7,0.305278,장기 약정(1~2년) 전환 유도
9314-IJWSQ,Month-to-month,Fiber optic,0.012991,84.8,0.305075,장기 약정(1~2년) 전환 유도 및 결합 쿠폰 제공
3071-VBYPO,Month-to-month,Fiber optic,0.010261,89.85,0.304613,장기 약정(1~2년) 전환 유도 및 결합 쿠폰 제공
0795-GMVQO,One year,Fiber optic,0.019235,109.9,0.304437,결합 쿠폰 제공
4824-GUCBY,Month-to-month,Fiber optic,0.004578,81.7,0.304315,장기 약정(1~2년) 전환 유도 및 결합 쿠폰 제공
9391-YZEJW,One year,Fiber optic,0.005549,94.0,0.303414,결합 쿠폰 제공
8008-ESFLK,One year,Fiber optic,0.0126,110.5,0.303165,결합 쿠폰 제공
6383-ZTSIW,One year,Fiber optic,0.018084,99.1,0.302845,결합 쿠폰 제공
9701-CDXHR,Month-to-month,Fiber optic,0.010762,69.15,0.302779,장기 약정(1~2년) 전환 유도 및 결합 쿠폰 제공
1548-ARAGG,Month-to-month,DSL,0.005676,58.5,0.302734,장기 약정(1~2년) 전환 유도
6693-FRIRW,Month-to-month,Fiber optic,0.00581,101.3,0.302653,장기 약정(1~2년) 전환 유도 및 결합 쿠폰 제공
2530-ENDWQ,Two year,Fiber optic,0.026164,93.7,0.301729,결합 쿠폰 제공
3308-MHOOC,Month-to-month,No,0.004036,19.2,0.30151,장기 약정(1~2년) 전환 유도
8623-ULFNQ,Month-to-month,DSL,0.005872,66.05,0.301408,장기 약정(1~2년) 전환 유도
8016-NCFVO,Month-to-month,Fiber optic,0.016973,116.5,0.301259,장기 약정(1~2년) 전환 유도 및 결합 쿠폰 제공
2195-VVRJF,Month-to-month,DSL,0.011281,59.1,0.301246,장기 약정(1~2년) 전환 유도
8399-YNDCH,Month-to-month,DSL,0.013174,60.05,0.301104,장기 약정(1~2년) 전환 유도
7530-HDYDS,Month-to-month,Fiber optic,0.008257,84.25,0.301102,장기 약정(1~2년) 전환 유도 및 결합 쿠폰 제공
3313-QKNKB,One year,Fiber optic,0.007191,85.55,0.300437,결합 쿠폰 제공
7351-MHQVU,Month-to-month,DSL,0.004973,50.95,0.300378,장기 약정(1~2년) 전환 유도
7074-STDCN,Month-to-month,DSL,0.004824,40.6,0.299928,장기 약정(1~2년) 전환 유도
9618-LFJRU,Month-to-month,No,0.00337,20.45,0.299895,장기 약정(1~2년) 전환 유도
2186-QZEYA,Month-to-month,DSL,0.007094,58.55,0.299817,장기 약정(1~2년) 전환 유도
2778-OCLGR,Month-to-month,DSL,0.00525,39.1,0.299772,장기 약정(1~2년) 전환 유도
7319-VENRZ,Month-to-month,DSL,0.005059,64.3,0.299382,장기 약정(1~2년) 전환 유도
8999-XXGNS,One year,Fiber optic,0.012072,105.75,0.299285,결합 쿠폰 제공
9079-LWTFD,Month-to-month,Fiber optic,0.020562,100.75,0.298519,장기 약정(1~2년) 전환 유도 및 결합 쿠폰 제공
3001-UNBTL,Month-to-month,Fiber optic,0.011773,103.95,0.298088,장기 약정(1~2년) 전환 유도 및 결합 쿠폰 제공
3794-NFNCH,Month-to-month,DSL,0.0065,50.0,0.29786,장기 약정(1~2년) 전환 유도
1810-BOHSY,One year,Fiber optic,0.010558,96.4,0.297822,결합 쿠폰 제공
0699-NDKJM,Month-to-month,DSL,0.004865,58.75,0.29765,장기 약정(1~2년) 전환 유도
6579-JPICP,Month-to-month,No,0.002883,20.4,0.297645,장기 약정(1~2년) 전환 유도
9986-BONCE,Month-to-month,No,0.002259,20.95,0.297569,장기 약정(1~2년) 전환 유도
7921-LMDFQ,One year,Fiber optic,0.012502,94.0,0.297246,결합 쿠폰 제공
1336-EZFZY,Month-to-month,No,0.003441,20.05,0.296477,장기 약정(1~2년) 전환 유도
7501-VTYLJ,Month-to-month,DSL,0.004835,51.55,0.296377,장기 약정(1~2년) 전환 유도
2792-VPPET,Month-to-month,No,0.002994,20.5,0.29614,장기 약정(1~2년) 전환 유도
5302-BDJNT,Month-to-month,Fiber optic,0.013663,95.5,0.296089,장기 약정(1~2년) 전환 유도 및 결합 쿠폰 제공
5843-TTHGI,Month-to-month,DSL,0.003389,50.0,0.296061,장기 약정(1~2년) 전환 유도
4360-QRAVE,Month-to-month,DSL,0.003427,36.65,0.295881,장기 약정(1~2년) 전환 유도
4138-NAXED,Month-to-month,Fiber optic,0.014595,81.0,0.295746,장기 약정(1~2년) 전환 유도 및 결합 쿠폰 제공
4558-CGYCZ,Month-to-month,No,0.00278,19.75,0.2956,장기 약정(1~2년) 전환 유도
2750-BJLSB,One year,Fiber optic,0.006653,103.7,0.29552,결합 쿠폰 제공
5088-QZLRL,Month-to-month,No,0.001836,20.65,0.29549,장기 약정(1~2년) 전환 유도
2805-EDJPQ,One year,Fiber optic,0.009958,99.75,0.295099,결합 쿠폰 제공
6624-JDRDS,Month-to-month,DSL,0.007775,29.45,0.29506,장기 약정(1~2년) 전환 유도
5701-SVCWR,Month-to-month,No,0.002051,24.0,0.294665,장기 약정(1~2년) 전환 유도
5481-NTDOH,One year,Fiber optic,0.009397,107.05,0.294463,결합 쿠폰 제공
5202-IVJNU,Month-to-month,DSL,0.003257,30.1,0.294269,장기 약정(1~2년) 전환 유도
4391-LNRXK,Month-to-month,Fiber optic,0.029269,94.95,0.293902,장기 약정(1~2년) 전환 유도 및 결합 쿠폰 제공
9036-CSKBW,One year,Fiber optic,0.006818,107.45,0.293815,결합 쿠폰 제공
2320-YKQBO,Month-to-month,No,0.003897,19.3,0.293371,장기 약정(1~2년) 전환 유도
5402-HTOTQ,Month-to-month,DSL,0.01404,55.3,0.293296,장기 약정(1~2년) 전환 유도
7130-CTCUS,Month-to-month,DSL,0.006589,54.55,0.29315,장기 약정(1~2년) 전환 유도
8495-LJDFO,Month-to-month,Fiber optic,0.008572,108.95,0.293031,장기 약정(1~2년) 전환 유도 및 결합 쿠폰 제공
9481-IEBZY,Month-to-month,Fiber optic,0.01259,112.9,0.292974,장기 약정(1~2년) 전환 유도 및 결합 쿠폰 제공
1575-KRZZE,Month-to-month,DSL,0.008678,55.2,0.292836,장기 약정(1~2년) 전환 유도
5071-FBJFS,Month-to-month,DSL,0.008327,50.3,0.292388,장기 약정(1~2년) 전환 유도
8410-BGQXN,Month-to-month,No,0.003282,19.4,0.292322,장기 약정(1~2년) 전환 유도
9367-OIUXP,Month-to-month,No,0.003396,20.7,0.292322,장기 약정(1~2년) 전환 유도
7234-KMNRQ,Month-to-month,No,0.001202,19.0,0.29198,장기 약정(1~2년) 전환 유도
5213-TWWJU,Month-to-month,Fiber optic,0.011995,91.0,0.291619,장기 약정(1~2년) 전환 유도 및 결합 쿠폰 제공
7410-OIEDU,Month-to-month,Fiber optic,0.008946,79.85,0.291552,장기 약정(1~2년) 전환 유도 및 결합 쿠폰 제공
8149-AIQCG,Month-to-month,Fiber optic,0.005478,73.15,0.291411,장기 약정(1~2년) 전환 유도 및 결합 쿠폰 제공
0058-EVZWM,Month-to-month,Fiber optic,0.009916,89.8,0.291126,장기 약정(1~2년) 전환 유도 및 결합 쿠폰 제공
9378-FXTIZ,One year,DSL,0.007421,70.15,0.291111,기본 유지 혜택 제공
5981-ZVXOT,One year,Fiber optic,0.007018,108.35,0.291031,결합 쿠폰 제공
9033-EOXWV,One year,DSL,0.011582,74.05,0.290711,기본 유지 혜택 제공
7880-XSOJX,Month-to-month,DSL,0.005146,42.4,0.290224,장기 약정(1~2년) 전환 유도
7797-EJMDP,Month-to-month,DSL,0.008888,66.05,0.290194,장기 약정(1~2년) 전환 유도
6377-KSLXC,Month-to-month,No,0.002067,19.95,0.289954,장기 약정(1~2년) 전환 유도
0867-MKZVY,Month-to-month,Fiber optic,0.00733,82.4,0.289834,장기 약정(1~2년) 전환 유도 및 결합 쿠폰 제공
8267-KFGYD,Month-to-month,No,0.002996,21.05,0.289652,장기 약정(1~2년) 전환 유도
8735-DCXNF,Month-to-month,DSL,0.005593,54.95,0.289412,장기 약정(1~2년) 전환 유도
7698-YFGEZ,Month-to-month,No,0.002517,20.0,0.289403,장기 약정(1~2년) 전환 유도
1767-TGTKO,Month-to-month,DSL,0.003819,45.45,0.289377,장기 약정(1~2년) 전환 유도
2716-GFZOR,Month-to-month,Fiber optic,0.008569,86.1,0.289148,장기 약정(1~2년) 전환 유도 및 결합 쿠폰 제공
6341-AEVKX,One year,Fiber optic,0.014927,104.3,0.289112,결합 쿠폰 제공
5156-UMKOW,Month-to-month,DSL,0.006514,29.65,0.288886,장기 약정(1~2년) 전환 유도
1020-JPQOW,Month-to-month,Fiber optic,0.009314,90.55,0.288828,장기 약정(1~2년) 전환 유도 및 결합 쿠폰 제공
7661-CPURM,One year,Fiber optic,0.012482,87.7,0.288758,결합 쿠폰 제공
3144-KMTWZ,Month-to-month,Fiber optic,0.011142,93.25,0.288743,장기 약정(1~2년) 전환 유도 및 결합 쿠폰 제공
8455-HIRAQ,Month-to-month,DSL,0.006162,44.45,0.288493,장기 약정(1~2년) 전환 유도
7639-SUPCW,Month-to-month,DSL,0.003554,48.8,0.287825,장기 약정(1~2년) 전환 유도
0690-SRQID,Month-to-month,No,0.003719,19.65,0.287609,장기 약정(1~2년) 전환 유도
4724-WXVWF,Month-to-month,Fiber optic,0.030528,95.4,0.287286,장기 약정(1~2년) 전환 유도 및 결합 쿠폰 제공
6713-OKOMC,Month-to-month,DSL,0.005772,29.75,0.287214,장기 약정(1~2년) 전환 유도
9114-VEPUF,One year,Fiber optic,0.00534,96.1,0.287173,결합 쿠폰 제공
8952-WCVCD,One year,Fiber optic,0.01679,104.45,0.286659,결합 쿠폰 제공
4957-TREIR,Month-to-month,DSL,0.01232,64.4,0.285692,장기 약정(1~2년) 전환 유도
8627-EHGIP,One year,DSL,0.009472,53.95,0.285691,기본 유지 혜택 제공
0278-YXOOG,Month-to-month,No,0.003839,21.05,0.285563,장기 약정(1~2년) 전환 유도
7821-DPRQE,Month-to-month,Fiber optic,0.018608,107.7,0.285463,장기 약정(1~2년) 전환 유도 및 결합 쿠폰 제공
9103-CXVOK,Month-to-month,No,0.002741,19.75,0.285424,장기 약정(1~2년) 전환 유도
6480-YAGIY,One year,Fiber optic,0.008059,112.2,0.285387,결합 쿠폰 제공
3160-TYXLT,Month-to-month,DSL,0.006464,46.3,0.285159,장기 약정(1~2년) 전환 유도
0461-CVKMU,Month-to-month,Fiber optic,0.014114,83.8,0.285149,장기 약정(1~2년) 전환 유도 및 결합 쿠폰 제공
1322-AGOQM,Month-to-month,DSL,0.002526,30.3,0.285064,장기 약정(1~2년) 전환 유도
1353-LJWEM,Month-to-month,DSL,0.00818,60.9,0.284888,장기 약정(1~2년) 전환 유도
1202-KKGFU,Month-to-month,DSL,0.00625,54.2,0.284072,장기 약정(1~2년) 전환 유도
1625-JAIIY,One year,Fiber optic,0.008616,83.0,0.284003,결합 쿠폰 제공
1724-IQWNM,Month-to-month,No,0.00223,19.3,0.283924,장기 약정(1~2년) 전환 유도
0734-OXWBT,Month-to-month,DSL,0.008313,70.7,0.283684,장기 약정(1~2년) 전환 유도
8597-CWYHH,One year,Fiber optic,0.012008,94.35,0.283628,결합 쿠폰 제공
3195-TQDZX,Month-to-month,No,0.00599,20.25,0.283576,장기 약정(1~2년) 전환 유도
4397-FRLTA,Month-to-month,No,0.001818,20.15,0.283396,장기 약정(1~2년) 전환 유도
6898-MDLZW,Month-to-month,DSL,0.011241,53.75,0.283361,장기 약정(1~2년) 전환 유도
4701-MLJPN,Month-to-month,DSL,0.014038,55.25,0.283228,장기 약정(1~2년) 전환 유도
3645-DEYGF,Month-to-month,No,0.002857,20.75,0.282975,장기 약정(1~2년) 전환 유도
9780-FKVVF,Month-to-month,DSL,0.014781,59.15,0.282706,장기 약정(1~2년) 전환 유도
3391-JSQEW,Month-to-month,DSL,0.004577,50.15,0.282473,장기 약정(1~2년) 전환 유도
6680-NENYN,Two year,Fiber optic,0.013524,104.6,0.282186,결합 쿠폰 제공
9644-UMGQA,Month-to-month,DSL,0.006956,49.15,0.281847,장기 약정(1~2년) 전환 유도
6080-TCMYC,Month-to-month,Fiber optic,0.012992,81.2,0.281811,장기 약정(1~2년) 전환 유도 및 결합 쿠폰 제공
1699-HPSBG,One year,DSL,0.009237,59.8,0.281727,기본 유지 혜택 제공
5144-PQCDZ,Month-to-month,No,0.00274,19.95,0.281705,장기 약정(1~2년) 전환 유도
9629-NHXFW,Month-to-month,No,0.002645,19.4,0.281609,장기 약정(1~2년) 전환 유도
5201-FRKKS,Month-to-month,Fiber optic,0.009572,74.3,0.281142,장기 약정(1~2년) 전환 유도 및 결합 쿠폰 제공
1814-DKOLC,Month-to-month,No,0.003642,25.45,0.280993,장기 약정(1~2년) 전환 유도
7636-XUHWW,Month-to-month,No,0.004973,19.9,0.280897,장기 약정(1~2년) 전환 유도
2817-NTQDO,Month-to-month,DSL,0.004183,45.55,0.280725,장기 약정(1~2년) 전환 유도
9571-EDEBV,One year,Fiber optic,0.010436,98.65,0.280113,결합 쿠폰 제공
2446-ZKVAF,Month-to-month,DSL,0.009814,56.8,0.279977,장기 약정(1~2년) 전환 유도
4712-AUQZO,Month-to-month,DSL,0.003157,33.6,0.279783,장기 약정(1~2년) 전환 유도
6686-YPGHK,Month-to-month,Fiber optic,0.007443,85.5,0.279693,장기 약정(1~2년) 전환 유도 및 결합 쿠폰 제공
8263-OKETD,Month-to-month,DSL,0.010499,68.9,0.279526,장기 약정(1~2년) 전환 유도
1169-WCVAK,Month-to-month,Fiber optic,0.016182,88.8,0.279349,장기 약정(1~2년) 전환 유도 및 결합 쿠폰 제공
9494-BDNNC,One year,Fiber optic,0.011007,95.3,0.279159,결합 쿠폰 제공
4291-HPAXL,Month-to-month,No,0.00233,19.85,0.278779,장기 약정(1~2년) 전환 유도
5311-IHLEI,Month-to-month,DSL,0.005613,50.95,0.27871,장기 약정(1~2년) 전환 유도
1809-DMJHQ,Month-to-month,DSL,0.003459,46.0,0.278604,장기 약정(1~2년) 전환 유도
0295-QVKPB,Month-to-month,DSL,0.010609,63.95,0.278588,장기 약정(1~2년) 전환 유도
0991-BRRFB,Month-to-month,DSL,0.004458,49.4,0.278547,장기 약정(1~2년) 전환 유도
2252-JHJGE,One year,Fiber optic,0.015951,104.0,0.278468,결합 쿠폰 제공
7614-QVWQL,One year,DSL,0.005703,51.8,0.278444,기본 유지 혜택 제공
9938-EKRGF,Month-to-month,DSL,0.027226,84.45,0.278293,장기 약정(1~2년) 전환 유도
3259-FDWOY,Two year,Fiber optic,0.01087,106.0,0.277951,결합 쿠폰 제공
1725-IQNIY,Two year,Fiber optic,0.049519,109.75,0.277606,결합 쿠폰 제공
4592-IWTJI,Month-to-month,DSL,0.002836,29.7,0.27734,장기 약정(1~2년) 전환 유도
5510-BOIUJ,Month-to-month,No,0.002868,19.25,0.277291,장기 약정(1~2년) 전환 유도
6261-LHRTG,Month-to-month,DSL,0.007106,54.75,0.277114,장기 약정(1~2년) 전환 유도
9774-NRNAU,Month-to-month,DSL,0.020894,84.8,0.277013,장기 약정(1~2년) 전환 유도
8217-QYOHV,Month-to-month,DSL,0.006084,55.75,0.27594,장기 약정(1~2년) 전환 유도
1360-JYXKQ,One year,Fiber optic,0.01593,99.1,0.275545,결합 쿠폰 제공
8734-DKSTZ,Month-to-month,Fiber optic,0.023769,85.95,0.275164,장기 약정(1~2년) 전환 유도 및 결합 쿠폰 제공
7762-URZQH,Two year,Fiber optic,0.010368,106.05,0.275152,결합 쿠폰 제공
9828-QHFBK,Month-to-month,DSL,0.010021,51.15,0.27514,장기 약정(1~2년) 전환 유도
6806-YDEUL,Month-to-month,No,0.003644,19.5,0.275115,장기 약정(1~2년) 전환 유도
3689-MOZGR,Month-to-month,DSL,0.002569,31.2,0.275071,장기 약정(1~2년) 전환 유도
2475-MROZF,Month-to-month,Fiber optic,0.009977,95.0,0.274855,장기 약정(1~2년) 전환 유도 및 결합 쿠폰 제공
2577-GVSIL,One year,DSL,0.026376,73.45,0.274747,기본 유지 혜택 제공
1855-CFULU,Month-to-month,No,0.001853,20.05,0.274744,장기 약정(1~2년) 전환 유도
5396-IZEPB,Month-to-month,No,0.003323,19.7,0.274679,장기 약정(1~2년) 전환 유도
1120-BMWUB,Month-to-month,DSL,0.004861,53.9,0.274577,장기 약정(1~2년) 전환 유도
6549-YMFAW,Month-to-month,No,0.001786,21.25,0.274522,장기 약정(1~2년) 전환 유도
1518-OMDIK,Month-to-month,DSL,0.005385,44.55,0.274497,장기 약정(1~2년) 전환 유도
5949-HGVJL,Month-to-month,DSL,0.017469,73.05,0.274462,장기 약정(1~2년) 전환 유도
3179-GBRWV,Month-to-month,DSL,0.006571,64.95,0.273879,장기 약정(1~2년) 전환 유도
0396-HUJBP,Month-to-month,No,0.002995,19.3,0.273864,장기 약정(1~2년) 전환 유도
1452-KIOVK,Month-to-month,Fiber optic,0.030222,89.1,0.273765,장기 약정(1~2년) 전환 유도 및 결합 쿠폰 제공
5298-GSTLM,One year,Fiber optic,0.01895,101.4,0.273187,결합 쿠폰 제공
4881-JVQOD,Month-to-month,DSL,0.00446,34.55,0.272606,장기 약정(1~2년) 전환 유도
9069-LGEUL,Month-to-month,DSL,0.00694,59.95,0.272594,장기 약정(1~2년) 전환 유도
0786-IVLAW,One year,Fiber optic,0.014762,108.1,0.272547,결합 쿠폰 제공
3977-QCRSL,Month-to-month,No,0.00421,20.15,0.272449,장기 약정(1~2년) 전환 유도
2828-SLQPF,Month-to-month,DSL,0.002636,45.0,0.27241,장기 약정(1~2년) 전환 유도
1685-VAYJF,Month-to-month,DSL,0.005169,45.2,0.272103,장기 약정(1~2년) 전환 유도
4365-MSDYN,Month-to-month,No,0.002095,19.55,0.272093,장기 약정(1~2년) 전환 유도
2928-HLDBA,Month-to-month,No,0.001909,20.7,0.271563,장기 약정(1~2년) 전환 유도
8166-ORCHU,One year,Fiber optic,0.010584,93.55,0.271242,결합 쿠폰 제공
1453-RZFON,Month-to-month,DSL,0.014053,49.9,0.270339,장기 약정(1~2년) 전환 유도
3679-XASPY,Month-to-month,No,0.002519,19.45,0.270038,장기 약정(1~2년) 전환 유도
2773-OVBPK,Two year,Fiber optic,0.010481,111.3,0.269863,결합 쿠폰 제공
0365-TRTPY,Month-to-month,Fiber optic,0.010608,91.2,0.269722,장기 약정(1~2년) 전환 유도 및 결합 쿠폰 제공
1803-BGNBD,Month-to-month,DSL,0.004096,54.3,0.269666,장기 약정(1~2년) 전환 유도
5345-BMKWB,Month-to-month,No,0.001662,20.25,0.269537,장기 약정(1~2년) 전환 유도
3744-ZBHON,Month-to-month,No,0.002846,20.2,0.269349,장기 약정(1~2년) 전환 유도
3363-EWLGO,Month-to-month,No,0.003548,19.95,0.269329,장기 약정(1~2년) 전환 유도
6972-SNKKW,Month-to-month,No,0.004754,20.0,0.269329,장기 약정(1~2년) 전환 유도
4080-IIARD,Month-to-month,DSL,0.01276,76.2,0.268761,장기 약정(1~2년) 전환 유도
2709-UQGNP,Month-to-month,DSL,0.005071,51.65,0.268315,장기 약정(1~2년) 전환 유도
8070-AAWZP,Month-to-month,DSL,0.004282,34.25,0.268186,장기 약정(1~2년) 전환 유도
8663-UPDGF,Month-to-month,DSL,0.008371,69.5,0.268105,장기 약정(1~2년) 전환 유도
1585-MQSSU,Month-to-month,DSL,0.005861,51.5,0.267962,장기 약정(1~2년) 전환 유도
1596-OQSPS,Month-to-month,DSL,0.005787,51.1,0.267786,장기 약정(1~2년) 전환 유도
4468-YDOVK,Month-to-month,DSL,0.005252,48.65,0.267681,장기 약정(1~2년) 전환 유도
1383-EZRWL,Month-to-month,No,0.002852,20.05,0.267024,장기 약정(1~2년) 전환 유도
7787-BNTZM,Month-to-month,No,0.004139,20.15,0.266852,장기 약정(1~2년) 전환 유도
2732-ISEZX,Month-to-month,No,0.002319,20.5,0.266683,장기 약정(1~2년) 전환 유도
7594-LZNWR,Month-to-month,Fiber optic,0.010104,69.15,0.266525,장기 약정(1~2년) 전환 유도 및 결합 쿠폰 제공
6917-YACBP,Month-to-month,Fiber optic,0.014071,89.75,0.266264,장기 약정(1~2년) 전환 유도 및 결합 쿠폰 제공
3845-FXCYS,Month-to-month,No,0.003475,19.65,0.26609,장기 약정(1~2년) 전환 유도
2229-VWQJH,Month-to-month,DSL,0.004708,49.3,0.265754,장기 약정(1~2년) 전환 유도
4826-TZEVA,Month-to-month,Fiber optic,0.011249,74.8,0.265701,장기 약정(1~2년) 전환 유도 및 결합 쿠폰 제공
2972-YDYUW,One year,Fiber optic,0.020203,94.7,0.265275,결합 쿠폰 제공
1335-HQMKX,One year,Fiber optic,0.022817,101.35,0.265058,결합 쿠폰 제공
1264-FUHCX,One year,DSL,0.004728,56.3,0.264576,기본 유지 혜택 제공
4693-VWVBO,Month-to-month,No,0.002617,19.55,0.264461,장기 약정(1~2년) 전환 유도
2065-MMKGR,One year,DSL,0.012826,71.0,0.264305,기본 유지 혜택 제공
6386-SZZKH,Two year,Fiber optic,0.006298,107.95,0.263817,결합 쿠폰 제공
7159-FVYPK,Month-to-month,DSL,0.008075,69.15,0.263728,장기 약정(1~2년) 전환 유도
6797-LNAQX,Two year,Fiber optic,0.007934,98.3,0.26361,결합 쿠폰 제공
3174-RKMOW,Month-to-month,Fiber optic,0.016031,109.95,0.263535,장기 약정(1~2년) 전환 유도 및 결합 쿠폰 제공
5022-JNQEQ,Month-to-month,Fiber optic,0.008924,75.85,0.263394,장기 약정(1~2년) 전환 유도 및 결합 쿠폰 제공
3898-GUYTS,Month-to-month,Fiber optic,0.02802,97.05,0.263107,장기 약정(1~2년) 전환 유도 및 결합 쿠폰 제공
3863-IUBJR,One year,DSL,0.006787,53.65,0.263028,기본 유지 혜택 제공
0719-SYFRB,Month-to-month,DSL,0.00579,61.65,0.262633,장기 약정(1~2년) 전환 유도
0523-VNGTF,Month-to-month,DSL,0.007745,50.5,0.262564,장기 약정(1~2년) 전환 유도
1265-XTECC,One year,Fiber optic,0.018575,96.55,0.262116,결합 쿠폰 제공
6490-FGZAT,Month-to-month,No,0.005234,20.65,0.262064,장기 약정(1~2년) 전환 유도
7968-QUXNS,Month-to-month,No,0.004203,18.95,0.262064,장기 약정(1~2년) 전환 유도
5619-PTMIK,Month-to-month,DSL,0.00724,53.1,0.262043,장기 약정(1~2년) 전환 유도
0851-DFJKB,Month-to-month,DSL,0.006311,58.95,0.261807,장기 약정(1~2년) 전환 유도
1442-BQPVU,Month-to-month,DSL,0.003266,29.15,0.261731,장기 약정(1~2년) 전환 유도
6278-FEPBZ,Month-to-month,No,0.004485,20.25,0.261587,장기 약정(1~2년) 전환 유도
1015-OWJKI,Month-to-month,No,0.002603,19.05,0.261157,장기 약정(1~2년) 전환 유도
3657-COGMW,Month-to-month,Fiber optic,0.021477,108.1,0.26112,장기 약정(1~2년) 전환 유도 및 결합 쿠폰 제공
5222-JCXZT,Month-to-month,No,0.001782,19.0,0.26099,장기 약정(1~2년) 전환 유도
7879-CGSFV,One year,Fiber optic,0.023884,100.9,0.260722,결합 쿠폰 제공
5985-BEHZK,One year,Fiber optic,0.009742,105.0,0.260574,결합 쿠폰 제공
4701-AHWMW,Month-to-month,DSL,0.009033,54.55,0.26056,장기 약정(1~2년) 전환 유도
5223-UZAVK,One year,Fiber optic,0.023098,100.3,0.2603,결합 쿠폰 제공
0310-VQXAM,Month-to-month,No,0.003571,19.85,0.260286,장기 약정(1~2년) 전환 유도
6137-MFAJN,Month-to-month,DSL,0.008693,44.8,0.259951,장기 약정(1~2년) 전환 유도
0114-RSRRW,Month-to-month,No,0.005525,19.95,0.259876,장기 약정(1~2년) 전환 유도
4895-TMWIR,Month-to-month,No,0.001469,19.95,0.259869,장기 약정(1~2년) 전환 유도
0314-TKOSI,Month-to-month,DSL,0.004288,55.15,0.259862,장기 약정(1~2년) 전환 유도
9489-UTFKA,Month-to-month,DSL,0.008713,60.9,0.259859,장기 약정(1~2년) 전환 유도
6289-CPNLD,One year,DSL,0.007768,73.9,0.259516,기본 유지 혜택 제공
3511-APPBJ,One year,Fiber optic,0.012035,99.95,0.259036,결합 쿠폰 제공
2172-EJXVF,One year,Fiber optic,0.017733,105.9,0.258973,결합 쿠폰 제공
5697-GOMBF,Month-to-month,DSL,0.005841,35.9,0.258949,장기 약정(1~2년) 전환 유도
6469-QJKZW,Month-to-month,No,0.002187,20.15,0.25887,장기 약정(1~2년) 전환 유도
2139-FQHLM,Month-to-month,Fiber optic,0.011703,89.95,0.258648,장기 약정(1~2년) 전환 유도 및 결합 쿠폰 제공
0222-CNVPT,Month-to-month,DSL,0.007466,48.8,0.258,장기 약정(1~2년) 전환 유도
4307-KWMXE,Month-to-month,DSL,0.004778,35.75,0.257964,장기 약정(1~2년) 전환 유도
3642-GKTCT,One year,Fiber optic,0.012693,115.1,0.25792,결합 쿠폰 제공
9053-JZFKV,Two year,Fiber optic,0.058786,116.2,0.25784,결합 쿠폰 제공
4685-ERGHK,One year,Fiber optic,0.020772,86.9,0.257478,결합 쿠폰 제공
5950-AAAGJ,Month-to-month,Fiber optic,0.007532,84.3,0.257345,장기 약정(1~2년) 전환 유도 및 결합 쿠폰 제공
4987-GQWPO,Month-to-month,DSL,0.002866,25.1,0.257073,장기 약정(1~2년) 전환 유도
5168-MQQCA,One year,Fiber optic,0.014085,108.5,0.257003,결합 쿠폰 제공
1791-PQHBB,Month-to-month,DSL,0.006731,61.2,0.256901,장기 약정(1~2년) 전환 유도
4819-HJPIW,Month-to-month,DSL,0.006447,25.15,0.256613,장기 약정(1~2년) 전환 유도
2988-GBIVW,Month-to-month,Fiber optic,0.017683,90.85,0.256461,장기 약정(1~2년) 전환 유도 및 결합 쿠폰 제공
5136-GFPMB,Month-to-month,Fiber optic,0.00948,89.4,0.256457,장기 약정(1~2년) 전환 유도 및 결합 쿠폰 제공
6344-SFJVH,Month-to-month,DSL,0.00443,24.9,0.256105,장기 약정(1~2년) 전환 유도
0853-NWIFK,One year,Fiber optic,0.005208,100.3,0.255537,결합 쿠폰 제공
6583-SZVGP,Two year,Fiber optic,0.01333,108.1,0.255477,결합 쿠폰 제공
5018-HEKFO,Month-to-month,No,0.003524,24.5,0.255401,장기 약정(1~2년) 전환 유도
9058-HRZSV,Month-to-month,Fiber optic,0.013964,94.4,0.255085,장기 약정(1~2년) 전환 유도 및 결합 쿠폰 제공
1409-PHXTF,Two year,Fiber optic,0.015059,110.45,0.255062,결합 쿠폰 제공
0811-GSDTP,Month-to-month,DSL,0.002,30.15,0.254649,장기 약정(1~2년) 전환 유도
8023-QHAIO,Month-to-month,Fiber optic,0.008829,76.85,0.254068,장기 약정(1~2년) 전환 유도 및 결합 쿠폰 제공
6627-CFOSN,Month-to-month,Fiber optic,0.016639,99.45,0.253894,장기 약정(1~2년) 전환 유도 및 결합 쿠폰 제공
9927-DSWDF,Month-to-month,Fiber optic,0.005813,104.6,0.253806,장기 약정(1~2년) 전환 유도 및 결합 쿠폰 제공
8212-DJRCH,Month-to-month,Fiber optic,0.007277,90.35,0.253535,장기 약정(1~2년) 전환 유도 및 결합 쿠폰 제공
2533-QVMSK,Two year,Fiber optic,0.014254,94.1,0.253314,결합 쿠폰 제공
7742-MYPGI,Month-to-month,DSL,0.006971,48.8,0.25323,장기 약정(1~2년) 전환 유도
9027-YFHQJ,Month-to-month,No,0.002225,25.05,0.253019,장기 약정(1~2년) 전환 유도
0824-VWDPO,One year,Fiber optic,0.015843,96.75,0.252855,결합 쿠폰 제공
4827-USJHP,Month-to-month,DSL,0.004541,51.8,0.252668,장기 약정(1~2년) 전환 유도
8769-KKTPH,One year,Fiber optic,0.010477,99.65,0.25226,결합 쿠폰 제공
9761-XUJWD,Month-to-month,DSL,0.016055,65.6,0.252179,장기 약정(1~2년) 전환 유도
5906-CVLHP,One year,DSL,0.007789,54.15,0.251894,기본 유지 혜택 제공
4396-KLSEH,Month-to-month,No,0.002049,19.85,0.251833,장기 약정(1~2년) 전환 유도
9163-GHAYE,Month-to-month,DSL,0.007759,48.85,0.251663,장기 약정(1~2년) 전환 유도
7964-YESJC,Month-to-month,DSL,0.005389,66.3,0.251597,장기 약정(1~2년) 전환 유도
1218-VKFPE,Month-to-month,No,0.002499,19.0,0.251161,장기 약정(1~2년) 전환 유도
1991-VOPLL,Month-to-month,No,0.002362,19.05,0.251158,장기 약정(1~2년) 전환 유도
0260-ZDLGK,Month-to-month,DSL,0.008305,72.9,0.251132,장기 약정(1~2년) 전환 유도
4908-XAXAY,One year,Fiber optic,0.020095,89.85,0.251072,결합 쿠폰 제공
8963-JLGJT,Month-to-month,DSL,0.004851,55.9,0.250775,장기 약정(1~2년) 전환 유도
3893-JRNFS,Month-to-month,DSL,0.007713,39.9,0.250543,장기 약정(1~2년) 전환 유도
0959-WHOKV,One year,Fiber optic,0.011516,99.0,0.250523,결합 쿠폰 제공
2458-EOMRE,Month-to-month,DSL,0.01422,64.05,0.250399,장기 약정(1~2년) 전환 유도
5334-JLAXU,Month-to-month,Fiber optic,0.012489,94.1,0.250329,장기 약정(1~2년) 전환 유도 및 결합 쿠폰 제공
6137-NICCO,Month-to-month,Fiber optic,0.012226,94.05,0.250253,장기 약정(1~2년) 전환 유도 및 결합 쿠폰 제공
5766-XQXMQ,Month-to-month,DSL,0.011974,68.85,0.250205,장기 약정(1~2년) 전환 유도
2133-TSRRM,Month-to-month,Fiber optic,0.016856,105.35,0.249955,장기 약정(1~2년) 전환 유도 및 결합 쿠폰 제공
7976-CICYS,Month-to-month,No,0.002286,20.7,0.249637,장기 약정(1~2년) 전환 유도
2223-KAGMX,Month-to-month,No,0.002158,19.4,0.249539,장기 약정(1~2년) 전환 유도
3170-GWYKC,Month-to-month,Fiber optic,0.02358,104.95,0.249432,장기 약정(1~2년) 전환 유도 및 결합 쿠폰 제공
6302-JGYRJ,One year,DSL,0.014679,79.45,0.249294,기본 유지 혜택 제공
4541-RMRLG,Month-to-month,No,0.002185,19.25,0.249012,장기 약정(1~2년) 전환 유도
6202-DYYFX,One year,Fiber optic,0.009619,76.0,0.248947,결합 쿠폰 제공
7718-UPSKJ,One year,Fiber optic,0.013008,106.4,0.248854,결합 쿠폰 제공
5951-AOFIH,Month-to-month,DSL,0.007695,66.4,0.248771,장기 약정(1~2년) 전환 유도
5955-EPOAZ,Month-to-month,No,0.001394,20.95,0.248226,장기 약정(1~2년) 전환 유도
0228-MAUWC,Month-to-month,DSL,0.003779,59.55,0.24787,장기 약정(1~2년) 전환 유도
3675-EQOZA,Month-to-month,No,0.001553,20.65,0.247845,장기 약정(1~2년) 전환 유도
2266-SJNAT,One year,Fiber optic,0.053281,109.15,0.247514,결합 쿠폰 제공
4673-KKSLS,Month-to-month,Fiber optic,0.009911,87.6,0.247323,장기 약정(1~2년) 전환 유도 및 결합 쿠폰 제공
1527-SXDPN,Two year,Fiber optic,0.013456,96.25,0.247185,결합 쿠폰 제공
0156-FVPTA,Month-to-month,DSL,0.005489,54.2,0.247132,장기 약정(1~2년) 전환 유도
7883-ROJOC,Month-to-month,DSL,0.006554,44.9,0.246863,장기 약정(1~2년) 전환 유도
1095-WGNGG,Two year,Fiber optic,0.010037,101.05,0.246823,결합 쿠폰 제공
6322-PJJDJ,Two year,Fiber optic,0.011329,94.8,0.24669,결합 쿠폰 제공
2452-SNHFZ,Month-to-month,Fiber optic,0.022318,75.45,0.246004,장기 약정(1~2년) 전환 유도 및 결합 쿠폰 제공
7727-SHVZV,Month-to-month,No,0.003779,19.5,0.245825,장기 약정(1~2년) 전환 유도
9788-YTFGE,Month-to-month,No,0.003759,19.95,0.245814,장기 약정(1~2년) 전환 유도
7740-BTPUX,Two year,Fiber optic,0.019843,113.6,0.245814,결합 쿠폰 제공
5850-BDWCY,Month-to-month,No,0.001795,20.2,0.245698,장기 약정(1~2년) 전환 유도
4338-EYCER,Month-to-month,DSL,0.011809,54.6,0.245482,장기 약정(1~2년) 전환 유도
5151-HQRDG,Month-to-month,DSL,0.007345,55.05,0.245093,장기 약정(1~2년) 전환 유도
4322-RCYMT,One year,DSL,0.005951,75.8,0.244993,기본 유지 혜택 제공
8851-RAGOV,Month-to-month,DSL,0.007074,71.05,0.244801,장기 약정(1~2년) 전환 유도
5349-AZPEW,Month-to-month,DSL,0.001623,25.05,0.244338,장기 약정(1~2년) 전환 유도
1060-ENTOF,One year,Fiber optic,0.020616,105.4,0.244233,결합 쿠폰 제공
4083-EUGRJ,Month-to-month,No,0.002233,20.25,0.244219,장기 약정(1~2년) 전환 유도
8017-UVSZU,Month-to-month,DSL,0.003659,56.6,0.244153,장기 약정(1~2년) 전환 유도
6959-GQEGV,Month-to-month,DSL,0.012238,75.95,0.244007,장기 약정(1~2년) 전환 유도
7964-VEXDG,Month-to-month,Fiber optic,0.011422,80.35,0.243767,장기 약정(1~2년) 전환 유도 및 결합 쿠폰 제공
8582-KRHPJ,Month-to-month,DSL,0.001947,35.0,0.243599,장기 약정(1~2년) 전환 유도
5712-VBOXD,Month-to-month,No,0.001049,20.15,0.243293,장기 약정(1~2년) 전환 유도
7083-YNSKY,Month-to-month,No,0.002911,25.4,0.243029,장기 약정(1~2년) 전환 유도
8108-UXRQN,Month-to-month,DSL,0.006907,50.55,0.243013,장기 약정(1~2년) 전환 유도
6671-NGWON,Month-to-month,No,0.001165,20.35,0.242948,장기 약정(1~2년) 전환 유도
6008-NAIXK,One year,DSL,0.007616,55.45,0.242654,기본 유지 혜택 제공
1925-GMVBW,Month-to-month,No,0.004636,20.55,0.242486,장기 약정(1~2년) 전환 유도
2898-LSJGD,One year,DSL,0.006384,55.95,0.241506,기본 유지 혜택 제공
0550-DCXLH,Month-to-month,DSL,0.022771,73.35,0.240955,장기 약정(1~2년) 전환 유도
8985-OOPOS,One year,DSL,0.007362,74.1,0.240822,기본 유지 혜택 제공
6034-ZRYCV,Two year,DSL,0.003361,54.2,0.240611,기본 유지 혜택 제공
1134-YWTYF,Month-to-month,DSL,0.008938,53.8,0.240487,장기 약정(1~2년) 전환 유도
2908-ZTPNF,Month-to-month,DSL,0.002188,34.85,0.240422,장기 약정(1~2년) 전환 유도
3597-YASZG,Two year,Fiber optic,0.00858,104.45,0.239598,결합 쿠폰 제공
0303-WMMRN,Month-to-month,No,0.001956,19.25,0.239383,장기 약정(1~2년) 전환 유도
8731-WBBMB,Month-to-month,DSL,0.009481,81.9,0.239364,장기 약정(1~2년) 전환 유도
3981-QSVQI,Month-to-month,No,0.005467,19.7,0.238948,장기 약정(1~2년) 전환 유도
2791-SFVEW,Month-to-month,No,0.006544,20.15,0.238727,장기 약정(1~2년) 전환 유도
5325-UWTWJ,Month-to-month,Fiber optic,0.005107,90.55,0.238716,장기 약정(1~2년) 전환 유도 및 결합 쿠폰 제공
4568-TTZRT,Month-to-month,No,0.002512,20.4,0.238694,장기 약정(1~2년) 전환 유도
6941-KXRRV,One year,DSL,0.014976,58.95,0.238657,기본 유지 혜택 제공
4374-YMUSQ,One year,Fiber optic,0.01606,116.25,0.238295,결합 쿠폰 제공
2270-CHBFN,Month-to-month,Fiber optic,0.010009,95.1,0.238196,장기 약정(1~2년) 전환 유도 및 결합 쿠폰 제공
9099-FTUHS,Month-to-month,DSL,0.009893,54.4,0.237872,장기 약정(1~2년) 전환 유도
7470-DYNOE,One year,DSL,0.005832,61.1,0.237767,기본 유지 혜택 제공
0440-MOGPM,One year,DSL,0.008514,80.55,0.237342,기본 유지 혜택 제공
0733-VUNUW,Month-to-month,DSL,0.003271,55.65,0.237176,장기 약정(1~2년) 전환 유도
6979-TNDEU,Month-to-month,No,0.003774,19.2,0.237152,장기 약정(1~2년) 전환 유도
8894-JVDCV,One year,Fiber optic,0.01626,115.05,0.237077,결합 쿠폰 제공
3694-GLTJM,Month-to-month,No,0.003957,19.65,0.236888,장기 약정(1~2년) 전환 유도
9795-VOWON,One year,DSL,0.003975,24.35,0.236767,기본 유지 혜택 제공
7841-FCRQD,One year,DSL,0.00513,53.75,0.236729,기본 유지 혜택 제공
8847-GEOOQ,Month-to-month,DSL,0.006709,60.2,0.236584,장기 약정(1~2년) 전환 유도
9025-ZRPVR,Month-to-month,No,0.002144,18.95,0.236483,장기 약정(1~2년) 전환 유도
5141-ZUVBH,Month-to-month,Fiber optic,0.018295,93.0,0.236308,장기 약정(1~2년) 전환 유도 및 결합 쿠폰 제공
9848-JQJTX,Two year,Fiber optic,0.009865,100.9,0.236213,결합 쿠폰 제공
9512-PHSMG,Month-to-month,No,0.003464,20.55,0.236167,장기 약정(1~2년) 전환 유도
3537-RYBHH,Month-to-month,DSL,0.008126,67.45,0.235434,장기 약정(1~2년) 전환 유도
7143-BQIBA,Month-to-month,DSL,0.00658,62.25,0.235295,장기 약정(1~2년) 전환 유도
4422-QVIJA,Month-to-month,DSL,0.005731,50.15,0.235286,장기 약정(1~2년) 전환 유도
0917-EZOLA,Two year,Fiber optic,0.009367,104.15,0.235255,결합 쿠폰 제공
3707-LRWZD,One year,Fiber optic,0.005586,84.05,0.235199,결합 쿠폰 제공
3780-YVMFA,Month-to-month,DSL,0.007175,68.55,0.235016,장기 약정(1~2년) 전환 유도
8224-IVVPA,Month-to-month,DSL,0.010918,56.7,0.234914,장기 약정(1~2년) 전환 유도
5730-RIITO,Month-to-month,DSL,0.006051,33.45,0.23478,장기 약정(1~2년) 전환 유도
8259-NFJTV,Month-to-month,DSL,0.004853,34.65,0.234531,장기 약정(1~2년) 전환 유도
2851-STERV,One year,DSL,0.008469,73.0,0.234452,기본 유지 혜택 제공
1447-PJGGA,Two year,Fiber optic,0.012483,95.25,0.234445,결합 쿠폰 제공
2937-FTHUR,Month-to-month,DSL,0.006287,64.8,0.234279,장기 약정(1~2년) 전환 유도
2272-UOINI,Month-to-month,DSL,0.006575,78.5,0.234166,장기 약정(1~2년) 전환 유도
5995-OIGLP,Month-to-month,DSL,0.017463,56.65,0.234151,장기 약정(1~2년) 전환 유도
3941-XTSKM,One year,DSL,0.007059,45.1,0.234131,기본 유지 혜택 제공
1047-NNCBF,Month-to-month,Fiber optic,0.005868,70.55,0.233901,장기 약정(1~2년) 전환 유도 및 결합 쿠폰 제공
8624-GIOUT,Month-to-month,DSL,0.011555,59.75,0.23386,장기 약정(1~2년) 전환 유도
2321-OMBXY,One year,DSL,0.005869,80.3,0.233793,기본 유지 혜택 제공
3345-JHUEO,Month-to-month,No,0.001806,20.2,0.233768,장기 약정(1~2년) 전환 유도
0487-RPVUM,Month-to-month,Fiber optic,0.01231,99.4,0.233177,장기 약정(1~2년) 전환 유도 및 결합 쿠폰 제공
9107-UKCKY,One year,DSL,0.008677,79.8,0.233168,기본 유지 혜택 제공
5195-KPUNQ,One year,Fiber optic,0.01666,96.75,0.233126,결합 쿠폰 제공
2212-LYASK,One year,DSL,0.003238,45.85,0.232968,기본 유지 혜택 제공
3723-BFBGR,Month-to-month,DSL,0.008884,54.8,0.232954,장기 약정(1~2년) 전환 유도
8120-JDCAM,Month-to-month,Fiber optic,0.009,69.55,0.232512,장기 약정(1~2년) 전환 유도 및 결합 쿠폰 제공
4332-MUOEZ,One year,Fiber optic,0.014462,94.3,0.232494,결합 쿠폰 제공
9115-YQHGA,Month-to-month,DSL,0.007626,51.1,0.232318,장기 약정(1~2년) 전환 유도
5478-JJVZK,Month-to-month,DSL,0.006311,60.9,0.232267,장기 약정(1~2년) 전환 유도
9256-JTBNZ,Month-to-month,No,0.002946,20.3,0.232221,장기 약정(1~2년) 전환 유도
6804-GDMOI,Two year,Fiber optic,0.007529,106.6,0.231866,결합 쿠폰 제공
6537-OTKMY,One year,DSL,0.013142,50.75,0.231649,기본 유지 혜택 제공
6036-TTFYU,Month-to-month,No,0.001682,19.6,0.231572,장기 약정(1~2년) 전환 유도
1142-IHLOO,One year,Fiber optic,0.009288,87.55,0.231511,결합 쿠폰 제공
8295-FHIVV,Month-to-month,No,0.001547,19.4,0.231403,장기 약정(1~2년) 전환 유도
6551-GNYDG,Month-to-month,Fiber optic,0.007042,80.9,0.231118,장기 약정(1~2년) 전환 유도 및 결합 쿠폰 제공
7663-ZTEGJ,One year,Fiber optic,0.019812,100.55,0.23093,결합 쿠폰 제공
5186-EJEGL,Month-to-month,DSL,0.007976,69.5,0.230841,장기 약정(1~2년) 전환 유도
7285-KLOTR,One year,DSL,0.005899,78.85,0.230595,기본 유지 혜택 제공
2782-JEEBU,Month-to-month,DSL,0.007224,36.0,0.230513,장기 약정(1~2년) 전환 유도
4626-OZDTJ,One year,DSL,0.0089,78.65,0.230222,기본 유지 혜택 제공
0096-FCPUF,Month-to-month,DSL,0.007341,64.5,0.230105,장기 약정(1~2년) 전환 유도
3863-QSTYI,Month-to-month,DSL,0.0055,64.65,0.230075,장기 약정(1~2년) 전환 유도
2108-GLPQB,Month-to-month,DSL,0.006416,55.55,0.230016,장기 약정(1~2년) 전환 유도
7905-NJMXS,Month-to-month,DSL,0.008099,64.2,0.229995,장기 약정(1~2년) 전환 유도
3402-XRIUO,Month-to-month,DSL,0.009266,63.55,0.229904,장기 약정(1~2년) 전환 유도
7753-USQYQ,One year,DSL,0.008125,64.2,0.229866,기본 유지 혜택 제공
1958-RNRKS,Month-to-month,DSL,0.003972,49.9,0.229508,장기 약정(1~2년) 전환 유도
8474-UMLNT,Month-to-month,DSL,0.012355,67.8,0.229423,장기 약정(1~2년) 전환 유도
9142-KZXOP,Month-to-month,Fiber optic,0.00842,68.85,0.229422,장기 약정(1~2년) 전환 유도 및 결합 쿠폰 제공
7610-TVOPG,Month-to-month,No,0.006156,26.35,0.229418,장기 약정(1~2년) 전환 유도
0282-NVSJS,Month-to-month,DSL,0.002689,29.3,0.229296,장기 약정(1~2년) 전환 유도
1591-MQJTP,One year,Fiber optic,0.015692,93.65,0.229126,결합 쿠폰 제공
8550-XSXUQ,One year,DSL,0.009476,70.55,0.229049,기본 유지 혜택 제공
0999-QXNSA,Month-to-month,DSL,0.009083,45.75,0.229045,장기 약정(1~2년) 전환 유도
1921-KYSAY,One year,DSL,0.009192,68.6,0.229022,기본 유지 혜택 제공
6576-FBXOJ,One year,DSL,0.009282,54.6,0.228889,기본 유지 혜택 제공
0623-EJQEG,One year,Fiber optic,0.014707,93.55,0.228482,결합 쿠폰 제공
2740-JFBOK,Month-to-month,No,0.002159,24.0,0.2284,장기 약정(1~2년) 전환 유도
7576-ASEJU,One year,DSL,0.009672,74.7,0.228364,기본 유지 혜택 제공
2159-TURXX,Month-to-month,No,0.00366,20.05,0.228306,장기 약정(1~2년) 전환 유도
6655-LHBYW,One year,Fiber optic,0.010767,114.35,0.228108,결합 쿠폰 제공
6897-UUBNU,Month-to-month,Fiber optic,0.010453,89.65,0.227984,장기 약정(1~2년) 전환 유도 및 결합 쿠폰 제공
3606-SBKRY,One year,DSL,0.005736,50.05,0.22698,기본 유지 혜택 제공
2911-WDXMV,Month-to-month,Fiber optic,0.0124,80.55,0.226957,장기 약정(1~2년) 전환 유도 및 결합 쿠폰 제공
4929-ROART,Month-to-month,DSL,0.009674,56.25,0.226919,장기 약정(1~2년) 전환 유도
5206-HPJKM,Month-to-month,DSL,0.004265,55.5,0.226516,장기 약정(1~2년) 전환 유도
7241-AJHFS,Month-to-month,Fiber optic,0.009043,87.65,0.226366,장기 약정(1~2년) 전환 유도 및 결합 쿠폰 제공
8706-HRADD,Month-to-month,DSL,0.002516,43.55,0.22635,장기 약정(1~2년) 전환 유도
2758-RNWXS,One year,Fiber optic,0.012989,89.2,0.22619,결합 쿠폰 제공
4828-FAZPK,Month-to-month,Fiber optic,0.014579,79.95,0.225566,장기 약정(1~2년) 전환 유도 및 결합 쿠폰 제공
8591-NXRCV,Month-to-month,DSL,0.004553,74.65,0.225441,장기 약정(1~2년) 전환 유도
1867-TJHTS,Month-to-month,Fiber optic,0.014913,79.8,0.224888,장기 약정(1~2년) 전환 유도 및 결합 쿠폰 제공
4936-YPJNK,Month-to-month,No,0.003084,19.9,0.223887,장기 약정(1~2년) 전환 유도
6728-DKUCO,One year,Fiber optic,0.010308,104.15,0.223511,결합 쿠폰 제공
6281-FKEWS,One year,DSL,0.020774,49.05,0.222979,기본 유지 혜택 제공
2978-XXSOG,Month-to-month,DSL,0.016109,59.05,0.222876,장기 약정(1~2년) 전환 유도
4160-AMJTL,Month-to-month,No,0.005017,19.65,0.222582,장기 약정(1~2년) 전환 유도
6575-SUVOI,Month-to-month,DSL,0.012319,69.5,0.22258,장기 약정(1~2년) 전환 유도
8133-ANHHJ,One year,Fiber optic,0.011912,103.0,0.222189,결합 쿠폰 제공
3090-LETTY,Month-to-month,DSL,0.003556,60.95,0.221898,장기 약정(1~2년) 전환 유도
6211-WHMYA,Month-to-month,DSL,0.003772,43.85,0.221786,장기 약정(1~2년) 전환 유도
7799-DSEWS,Month-to-month,DSL,0.00761,68.35,0.221521,장기 약정(1~2년) 전환 유도
0701-TJSEF,Month-to-month,DSL,0.005923,68.25,0.221424,장기 약정(1~2년) 전환 유도
5271-YNWVR,Two year,Fiber optic,0.016767,113.15,0.221223,결합 쿠폰 제공
2055-SIFSS,Month-to-month,DSL,0.0211,51.65,0.220993,장기 약정(1~2년) 전환 유도
6112-KTHFQ,Month-to-month,No,0.00359,19.3,0.220906,장기 약정(1~2년) 전환 유도
1089-HDMKP,Month-to-month,DSL,0.005417,54.55,0.220664,장기 약정(1~2년) 전환 유도
1394-SUIUH,Month-to-month,Fiber optic,0.01572,85.15,0.220506,장기 약정(1~2년) 전환 유도 및 결합 쿠폰 제공
2957-JIRMN,One year,Fiber optic,0.009693,84.45,0.220444,결합 쿠폰 제공
1614-JBEBI,Month-to-month,No,0.004333,20.7,0.22006,장기 약정(1~2년) 전환 유도
8984-EYLLL,Two year,Fiber optic,0.011165,105.25,0.21998,결합 쿠폰 제공
7395-XWZOY,Month-to-month,DSL,0.006966,55.0,0.219354,장기 약정(1~2년) 전환 유도
6878-GGDWG,Month-to-month,No,0.002542,19.4,0.219099,장기 약정(1~2년) 전환 유도
6990-YNRIO,Two year,Fiber optic,0.007983,108.65,0.219095,결합 쿠폰 제공
6726-WEXXK,One year,Fiber optic,0.0131,85.9,0.219014,결합 쿠폰 제공
4510-PYUSH,Month-to-month,DSL,0.00699,57.15,0.218906,장기 약정(1~2년) 전환 유도
4785-NKHCX,Month-to-month,No,0.003015,20.05,0.218751,장기 약정(1~2년) 전환 유도
2027-CWDNU,Month-to-month,Fiber optic,0.008369,85.6,0.21857,장기 약정(1~2년) 전환 유도 및 결합 쿠폰 제공
2018-PZKMU,Month-to-month,Fiber optic,0.017531,103.1,0.21825,장기 약정(1~2년) 전환 유도 및 결합 쿠폰 제공
0667-NSRGI,One year,DSL,0.010161,69.55,0.218175,기본 유지 혜택 제공
4439-YRNVD,Month-to-month,DSL,0.007066,36.25,0.218151,장기 약정(1~2년) 전환 유도
1136-XGEQU,One year,DSL,0.007619,84.15,0.217934,기본 유지 혜택 제공
4837-QUSFT,One year,Fiber optic,0.008924,100.15,0.217866,결합 쿠폰 제공
6865-JZNKO,Month-to-month,DSL,0.007021,55.3,0.21771,장기 약정(1~2년) 전환 유도
7251-XFOIL,Month-to-month,Fiber optic,0.019104,89.2,0.217672,장기 약정(1~2년) 전환 유도 및 결합 쿠폰 제공
7188-CBBBA,One year,Fiber optic,0.013736,95.5,0.217543,결합 쿠폰 제공
4283-IVYCI,Month-to-month,DSL,0.009468,64.95,0.217507,장기 약정(1~2년) 전환 유도
2155-AMQRX,Month-to-month,DSL,0.006582,54.9,0.217195,장기 약정(1~2년) 전환 유도
1110-KYLGQ,Month-to-month,Fiber optic,0.009204,108.25,0.217009,장기 약정(1~2년) 전환 유도 및 결합 쿠폰 제공
4672-FOTSD,Month-to-month,DSL,0.017084,67.25,0.21697,장기 약정(1~2년) 전환 유도
0274-JKUJR,Month-to-month,DSL,0.009483,58.85,0.216755,장기 약정(1~2년) 전환 유도
7856-GANIL,One year,Fiber optic,0.008735,98.7,0.216501,결합 쿠폰 제공
0136-IFMYD,Two year,Fiber optic,0.021712,109.95,0.216493,결합 쿠폰 제공
9054-FOWNV,Month-to-month,Fiber optic,0.007488,88.75,0.216312,장기 약정(1~2년) 전환 유도 및 결합 쿠폰 제공
0822-QGCXA,Month-to-month,DSL,0.009901,83.85,0.216237,장기 약정(1~2년) 전환 유도
0319-QZTCO,Month-to-month,DSL,0.007524,58.7,0.215567,장기 약정(1~2년) 전환 유도
1356-MKYSK,Month-to-month,DSL,0.007351,78.65,0.214927,장기 약정(1~2년) 전환 유도
3675-YDUPJ,Month-to-month,No,0.001947,19.85,0.214808,장기 약정(1~2년) 전환 유도
4402-FTBXC,Month-to-month,Fiber optic,0.011911,89.8,0.214626,장기 약정(1~2년) 전환 유도 및 결합 쿠폰 제공
1784-BXEFA,Month-to-month,No,0.002087,20.55,0.21452,장기 약정(1~2년) 전환 유도
6481-OGDOO,One year,Fiber optic,0.006955,90.6,0.214501,결합 쿠폰 제공
7596-LDUXP,One year,Fiber optic,0.011169,85.15,0.214118,결합 쿠폰 제공
2858-MOFSQ,One year,DSL,0.006398,55.85,0.213548,기본 유지 혜택 제공
2371-KFUOG,One year,Fiber optic,0.01467,99.15,0.213419,결합 쿠폰 제공
6633-SYEUS,Month-to-month,Fiber optic,0.005106,83.2,0.213415,장기 약정(1~2년) 전환 유도 및 결합 쿠폰 제공
7854-EKTJL,Month-to-month,No,0.002578,19.6,0.213334,장기 약정(1~2년) 전환 유도
7998-ZLXWN,Month-to-month,No,0.001203,20.45,0.213315,장기 약정(1~2년) 전환 유도
7208-PSIHR,Two year,Fiber optic,0.028883,104.3,0.213256,결합 쿠폰 제공
6297-NOOPG,Two year,Fiber optic,0.021183,110.5,0.213102,결합 쿠폰 제공
7080-TNUWP,One year,Fiber optic,0.013186,95.0,0.212761,결합 쿠폰 제공
9938-ZREHM,One year,DSL,0.00991,72.1,0.212715,기본 유지 혜택 제공
3327-YBAKM,One year,Fiber optic,0.006277,96.9,0.212491,결합 쿠폰 제공
1530-ZTDOZ,Month-to-month,DSL,0.003438,40.65,0.212448,장기 약정(1~2년) 전환 유도
6873-UDNLD,Month-to-month,DSL,0.010932,67.45,0.212116,장기 약정(1~2년) 전환 유도
4918-FYJNT,Month-to-month,Fiber optic,0.01488,90.45,0.211879,장기 약정(1~2년) 전환 유도 및 결합 쿠폰 제공
2834-JRTUA,Two year,Fiber optic,0.010446,108.05,0.211815,결합 쿠폰 제공
1697-NVVGY,Month-to-month,DSL,0.01265,66.4,0.211523,장기 약정(1~2년) 전환 유도
2651-ZCBXV,Two year,Fiber optic,0.014097,108.0,0.211506,결합 쿠폰 제공
5366-OBVMR,Month-to-month,DSL,0.006386,50.3,0.211422,장기 약정(1~2년) 전환 유도
2202-OUTMO,Month-to-month,DSL,0.009272,60.85,0.211416,장기 약정(1~2년) 전환 유도
7159-NOKYQ,Two year,Fiber optic,0.014038,93.15,0.210665,결합 쿠폰 제공
4906-ZHGPK,One year,DSL,0.008815,70.7,0.210335,기본 유지 혜택 제공
5678-VFNEQ,One year,Fiber optic,0.011817,104.1,0.210324,결합 쿠폰 제공
3282-ZISZV,One year,DSL,0.01471,83.7,0.210258,기본 유지 혜택 제공
4692-NNQRU,One year,Fiber optic,0.00798,79.2,0.210121,결합 쿠폰 제공
2075-RMJIK,Month-to-month,DSL,0.008846,49.4,0.209915,장기 약정(1~2년) 전환 유도
7854-EDSSA,Month-to-month,DSL,0.006715,59.0,0.209523,장기 약정(1~2년) 전환 유도
0895-LMRSF,One year,DSL,0.009073,64.9,0.209322,기본 유지 혜택 제공
8563-IIOXK,One year,DSL,0.005813,49.75,0.209252,기본 유지 혜택 제공
7175-NTIXE,Month-to-month,DSL,0.006248,76.15,0.208885,장기 약정(1~2년) 전환 유도
5863-OOKCL,Month-to-month,No,0.002527,18.85,0.20867,장기 약정(1~2년) 전환 유도
3948-XHGNA,Month-to-month,DSL,0.005252,49.55,0.208138,장기 약정(1~2년) 전환 유도
2237-ZFSMY,One year,Fiber optic,0.015852,95.55,0.208138,결합 쿠폰 제공
8003-EWNDZ,Month-to-month,No,0.002355,21.2,0.207911,장기 약정(1~2년) 전환 유도
4369-NYSCF,One year,DSL,0.012543,75.75,0.207796,기본 유지 혜택 제공
7746-AWNQW,Month-to-month,DSL,0.002914,35.75,0.207613,장기 약정(1~2년) 전환 유도
0106-GHRQR,Month-to-month,DSL,0.004774,71.4,0.206636,장기 약정(1~2년) 전환 유도
3621-CHYVB,Month-to-month,DSL,0.005067,49.9,0.206145,장기 약정(1~2년) 전환 유도
4174-LPGTI,One year,DSL,0.007766,66.5,0.205731,기본 유지 혜택 제공
5982-FPVQN,Month-to-month,Fiber optic,0.008444,95.15,0.205724,장기 약정(1~2년) 전환 유도 및 결합 쿠폰 제공
2332-EFBJY,Month-to-month,No,0.002035,19.7,0.205589,장기 약정(1~2년) 전환 유도
4654-DLAMQ,One year,Fiber optic,0.020268,97.0,0.205146,결합 쿠폰 제공
8205-MQUGY,Month-to-month,DSL,0.005831,49.2,0.204819,장기 약정(1~2년) 전환 유도
0939-EREMR,Month-to-month,DSL,0.006911,53.45,0.204761,장기 약정(1~2년) 전환 유도
5624-RYAMH,Month-to-month,No,0.002808,19.5,0.204454,장기 약정(1~2년) 전환 유도
4623-ZKHLY,Month-to-month,No,0.002927,20.45,0.204446,장기 약정(1~2년) 전환 유도
0484-FFVBJ,One year,DSL,0.013473,64.85,0.204385,기본 유지 혜택 제공
7100-FQPRV,One year,DSL,0.011585,71.9,0.204333,기본 유지 혜택 제공
7396-VJUZB,Month-to-month,DSL,0.01149,45.25,0.204227,장기 약정(1~2년) 전환 유도
7666-WKRON,Two year,Fiber optic,0.011035,80.45,0.203964,결합 쿠폰 제공
7016-NVRIC,One year,Fiber optic,0.014892,90.1,0.203918,결합 쿠폰 제공
7622-NXQZR,Month-to-month,DSL,0.004013,30.1,0.203774,장기 약정(1~2년) 전환 유도
5686-CMAWK,One year,Fiber optic,0.005619,86.75,0.203694,결합 쿠폰 제공
2599-CZABP,One year,DSL,0.006832,44.6,0.203617,기본 유지 혜택 제공
2882-DDZPG,Month-to-month,No,0.000972,19.45,0.203222,장기 약정(1~2년) 전환 유도
8292-TYSPY,Month-to-month,DSL,0.006377,55.0,0.202954,장기 약정(1~2년) 전환 유도
9970-QBCDA,Month-to-month,No,0.002984,19.7,0.202874,장기 약정(1~2년) 전환 유도
3214-IYUUQ,One year,Fiber optic,0.01287,93.7,0.202661,결합 쿠폰 제공
6035-RIIOM,Two year,Fiber optic,0.014637,97.2,0.202658,결합 쿠폰 제공
5236-PERKL,Two year,Fiber optic,0.018158,112.95,0.202469,결합 쿠폰 제공
5688-KZTSN,Month-to-month,No,0.001766,20.0,0.202279,장기 약정(1~2년) 전환 유도
2324-EFHVG,Two year,Fiber optic,0.011618,104.4,0.201772,결합 쿠폰 제공
0239-OXEXL,Month-to-month,Fiber optic,0.007785,84.25,0.201698,장기 약정(1~2년) 전환 유도 및 결합 쿠폰 제공
3061-BCKYI,Month-to-month,No,0.003101,19.9,0.20155,장기 약정(1~2년) 전환 유도
8317-BVKSO,Month-to-month,No,0.003514,20.05,0.200887,장기 약정(1~2년) 전환 유도
1370-GGAWX,One year,Fiber optic,0.009208,94.15,0.20085,결합 쿠폰 제공
6968-MHOMU,One year,DSL,0.007826,45.0,0.200842,기본 유지 혜택 제공
8246-SHFGA,Month-to-month,No,0.003895,21.1,0.200837,장기 약정(1~2년) 전환 유도
9364-YKUVW,Month-to-month,No,0.001878,19.8,0.200821,장기 약정(1~2년) 전환 유도
6040-CGACY,Month-to-month,No,0.002848,19.6,0.200767,장기 약정(1~2년) 전환 유도
7176-WRTNX,Two year,Fiber optic,0.012099,114.95,0.200762,결합 쿠폰 제공
0584-BJQGZ,Month-to-month,DSL,0.017104,78.35,0.200679,장기 약정(1~2년) 전환 유도
9039-RBEEE,Month-to-month,DSL,0.004242,48.95,0.200417,장기 약정(1~2년) 전환 유도
2019-HDCZY,Two year,Fiber optic,0.020296,102.6,0.199441,결합 쿠폰 제공
9862-KJTYK,Month-to-month,DSL,0.002149,25.35,0.199312,장기 약정(1~2년) 전환 유도
8785-EPNCG,Month-to-month,No,0.004623,23.15,0.19918,장기 약정(1~2년) 전환 유도
5268-DSMNQ,One year,Fiber optic,0.009159,97.95,0.199174,결합 쿠폰 제공
5774-XZTQC,Month-to-month,No,0.002671,20.45,0.199169,장기 약정(1~2년) 전환 유도
9842-EFSYY,Month-to-month,DSL,0.006835,57.2,0.198916,장기 약정(1~2년) 전환 유도
5876-HZVZM,Month-to-month,DSL,0.007075,55.9,0.198276,장기 약정(1~2년) 전환 유도
8756-RDDLT,Month-to-month,DSL,0.004959,44.95,0.197853,장기 약정(1~2년) 전환 유도
1666-JZPZT,Month-to-month,DSL,0.005291,49.0,0.197766,장기 약정(1~2년) 전환 유도
6368-NWMCE,Month-to-month,DSL,0.011487,68.15,0.197721,장기 약정(1~2년) 전환 유도
9820-RMCQV,Month-to-month,DSL,0.002844,48.55,0.197701,장기 약정(1~2년) 전환 유도
3729-OWRVL,Two year,Fiber optic,0.023574,110.35,0.19754,결합 쿠폰 제공
3086-RUCRN,Month-to-month,Fiber optic,0.008224,103.1,0.197533,장기 약정(1~2년) 전환 유도 및 결합 쿠폰 제공
5089-IFSDP,Two year,Fiber optic,0.012495,109.45,0.197401,결합 쿠폰 제공
3714-XPXBW,Month-to-month,DSL,0.008446,78.9,0.196952,장기 약정(1~2년) 전환 유도
2240-HSJQD,Month-to-month,Fiber optic,0.010573,81.85,0.196722,장기 약정(1~2년) 전환 유도 및 결합 쿠폰 제공
3545-CNWRG,Month-to-month,Fiber optic,0.007418,98.35,0.196704,장기 약정(1~2년) 전환 유도 및 결합 쿠폰 제공
6475-VHUIZ,Month-to-month,DSL,0.019653,54.25,0.196132,장기 약정(1~2년) 전환 유도
4486-EFAEB,Month-to-month,No,0.004148,20.4,0.196098,장기 약정(1~2년) 전환 유도
9786-IJYDL,Two year,Fiber optic,0.057268,113.2,0.196078,결합 쿠폰 제공
8548-AWOFC,Month-to-month,DSL,0.00729,63.85,0.196077,장기 약정(1~2년) 전환 유도
2484-DGXPZ,Month-to-month,No,0.002227,19.55,0.195954,장기 약정(1~2년) 전환 유도
2946-KIQSP,Month-to-month,DSL,0.00595,33.45,0.195804,장기 약정(1~2년) 전환 유도
1543-LLLFT,One year,Fiber optic,0.016116,98.3,0.195764,결합 쿠폰 제공
9932-WBWIK,Month-to-month,No,0.00781,20.35,0.195638,장기 약정(1~2년) 전환 유도
3845-JHAMY,Month-to-month,DSL,0.005442,35.5,0.195569,장기 약정(1~2년) 전환 유도
5206-XZZQI,Month-to-month,Fiber optic,0.007398,80.6,0.195213,장기 약정(1~2년) 전환 유도 및 결합 쿠폰 제공
9955-QOPOY,One year,DSL,0.004609,60.8,0.195152,기본 유지 혜택 제공
7619-ODSGN,Month-to-month,DSL,0.003368,54.75,0.195084,장기 약정(1~2년) 전환 유도
9817-APLHW,Month-to-month,No,0.002838,25.0,0.194854,장기 약정(1~2년) 전환 유도
9200-NLNPD,One year,DSL,0.009525,54.05,0.194569,기본 유지 혜택 제공
2391-IPLOP,One year,DSL,0.01435,69.65,0.194326,기본 유지 혜택 제공
3644-QXEHN,Month-to-month,Fiber optic,0.011134,97.0,0.194106,장기 약정(1~2년) 전환 유도 및 결합 쿠폰 제공
8671-KKKOS,Month-to-month,DSL,0.0069,45.55,0.193836,장기 약정(1~2년) 전환 유도
4003-FUSHP,Month-to-month,DSL,0.006802,61.55,0.193751,장기 약정(1~2년) 전환 유도
4759-PXTAN,One year,DSL,0.011625,80.1,0.193612,기본 유지 혜택 제공
9367-TCUYN,Month-to-month,No,0.002113,20.1,0.193602,장기 약정(1~2년) 전환 유도
3034-ZBEQN,One year,DSL,0.00481,34.7,0.193438,기본 유지 혜택 제공
7820-ZYGNY,One year,Fiber optic,0.012538,90.45,0.193071,결합 쿠폰 제공
0665-XHDJU,Two year,Fiber optic,0.013945,99.4,0.193067,결합 쿠폰 제공
3896-RCYYE,Month-to-month,DSL,0.009375,53.4,0.192788,장기 약정(1~2년) 전환 유도
7706-DZNKK,Month-to-month,No,0.002048,20.45,0.192718,장기 약정(1~2년) 전환 유도
0186-CAERR,One year,Fiber optic,0.01635,116.3,0.192568,결합 쿠폰 제공
1577-HKTFG,Month-to-month,No,0.001881,19.65,0.192258,장기 약정(1~2년) 전환 유도
7593-JNWRU,Month-to-month,DSL,0.003633,44.6,0.192195,장기 약정(1~2년) 전환 유도
7036-ZZKBD,Month-to-month,DSL,0.007093,66.4,0.192103,장기 약정(1~2년) 전환 유도
6131-JLWZM,Month-to-month,No,0.001223,20.3,0.191919,장기 약정(1~2년) 전환 유도
3070-BDOQC,Two year,Fiber optic,0.01393,99.65,0.19167,결합 쿠폰 제공
4879-GZLFH,Month-to-month,Fiber optic,0.011329,92.15,0.19162,장기 약정(1~2년) 전환 유도 및 결합 쿠폰 제공
1114-CENIM,Month-to-month,DSL,0.006254,55.0,0.191442,장기 약정(1~2년) 전환 유도
6907-CQGPN,Month-to-month,DSL,0.005559,34.3,0.191399,장기 약정(1~2년) 전환 유도
3272-VUHPV,Month-to-month,DSL,0.009862,56.3,0.191349,장기 약정(1~2년) 전환 유도
8944-AILEF,Month-to-month,No,0.00372,19.45,0.191187,장기 약정(1~2년) 전환 유도
1376-HHBDV,Month-to-month,DSL,0.005305,48.8,0.19116,장기 약정(1~2년) 전환 유도
7025-IWFHT,One year,Fiber optic,0.006962,89.55,0.190971,결합 쿠폰 제공
5180-UCIIQ,Month-to-month,DSL,0.008333,40.05,0.190962,장기 약정(1~2년) 전환 유도
1563-IWQEX,Month-to-month,No,0.001828,19.7,0.19089,장기 약정(1~2년) 전환 유도
6890-PFRQX,Month-to-month,DSL,0.006119,69.5,0.190888,장기 약정(1~2년) 전환 유도
9391-DXGGG,One year,Fiber optic,0.012996,89.15,0.190541,결합 쿠폰 제공
6992-TKNYO,One year,DSL,0.009095,69.0,0.190472,기본 유지 혜택 제공
5640-CAXOA,One year,DSL,0.006206,40.35,0.190013,기본 유지 혜택 제공
5081-NWSUP,One year,DSL,0.007521,64.9,0.189938,기본 유지 혜택 제공
0708-SJDIS,Month-to-month,DSL,0.007223,65.0,0.189927,장기 약정(1~2년) 전환 유도
3694-DELSO,Month-to-month,DSL,0.006255,38.55,0.18989,장기 약정(1~2년) 전환 유도
3750-RNQKR,Month-to-month,No,0.001825,19.45,0.189744,장기 약정(1~2년) 전환 유도
1208-NBVFH,Month-to-month,DSL,0.007497,49.6,0.189713,장기 약정(1~2년) 전환 유도
0537-QYZZN,Month-to-month,Fiber optic,0.008166,79.85,0.189055,장기 약정(1~2년) 전환 유도 및 결합 쿠폰 제공
1472-TNCWL,Month-to-month,Fiber optic,0.009594,94.7,0.188506,장기 약정(1~2년) 전환 유도 및 결합 쿠폰 제공
3638-DIMPH,One year,DSL,0.007358,43.8,0.188228,기본 유지 혜택 제공
2259-OUUSZ,One year,DSL,0.002981,35.5,0.188138,기본 유지 혜택 제공
7789-CRUVC,Month-to-month,Fiber optic,0.009993,94.2,0.18775,장기 약정(1~2년) 전환 유도 및 결합 쿠폰 제공
3709-OIJEA,One year,Fiber optic,0.008063,85.2,0.18773,결합 쿠폰 제공
3090-HAWSU,Two year,Fiber optic,0.010591,111.6,0.187673,결합 쿠폰 제공
2371-JUNGC,Month-to-month,No,0.001052,20.25,0.187612,장기 약정(1~2년) 전환 유도
4770-QAZXN,Month-to-month,No,0.001961,19.45,0.187498,장기 약정(1~2년) 전환 유도
5832-TRLPB,One year,DSL,0.005061,75.35,0.187468,기본 유지 혜택 제공
7683-CBDKJ,Month-to-month,DSL,0.012652,65.45,0.187241,장기 약정(1~2년) 전환 유도
6705-LNMDD,Month-to-month,DSL,0.006322,50.0,0.187219,장기 약정(1~2년) 전환 유도
3316-UWXUY,Month-to-month,Fiber optic,0.021382,93.5,0.187166,장기 약정(1~2년) 전환 유도 및 결합 쿠폰 제공
5947-SGKCL,Month-to-month,Fiber optic,0.006171,105.35,0.187116,장기 약정(1~2년) 전환 유도 및 결합 쿠폰 제공
8992-OBVDG,Month-to-month,DSL,0.013694,61.65,0.187002,장기 약정(1~2년) 전환 유도
7931-PXHFC,One year,DSL,0.007279,62.3,0.186851,기본 유지 혜택 제공
0567-GGCAC,Month-to-month,DSL,0.016872,61.4,0.186741,장기 약정(1~2년) 전환 유도
8189-HBVRW,Month-to-month,Fiber optic,0.022048,90.8,0.186603,장기 약정(1~2년) 전환 유도 및 결합 쿠폰 제공
2673-CXQEU,One year,Fiber optic,0.017147,110.5,0.186317,결합 쿠폰 제공
5294-CDGWY,One year,DSL,0.00955,59.3,0.186056,기본 유지 혜택 제공
4501-VCPFK,Month-to-month,DSL,0.006273,35.75,0.186021,장기 약정(1~2년) 전환 유도
1140-UKVZG,Month-to-month,No,0.004906,24.8,0.185914,장기 약정(1~2년) 전환 유도
4726-DLWQN,Month-to-month,DSL,0.011288,70.35,0.185844,장기 약정(1~2년) 전환 유도
6171-ZTVYB,Month-to-month,DSL,0.008456,66.25,0.185805,장기 약정(1~2년) 전환 유도
9831-BPFRI,One year,Fiber optic,0.014645,89.55,0.185691,결합 쿠폰 제공
6921-OZMFH,Month-to-month,DSL,0.003398,55.7,0.1854,장기 약정(1~2년) 전환 유도
6559-ILWKJ,Two year,DSL,0.007376,49.35,0.185362,기본 유지 혜택 제공
9547-ITEFG,Month-to-month,Fiber optic,0.017957,102.6,0.185211,장기 약정(1~2년) 전환 유도 및 결합 쿠폰 제공
2363-BJLSL,Month-to-month,DSL,0.007874,80.4,0.185167,장기 약정(1~2년) 전환 유도
0678-RLHVP,Two year,Fiber optic,0.005865,105.55,0.185088,결합 쿠폰 제공
7657-DYEPJ,One year,DSL,0.010992,70.15,0.184947,기본 유지 혜택 제공
6214-EDAKZ,Month-to-month,DSL,0.007281,55.15,0.184869,장기 약정(1~2년) 전환 유도
3847-BAERP,Month-to-month,No,0.001867,20.9,0.184834,장기 약정(1~2년) 전환 유도
3069-SSVSN,One year,DSL,0.004065,25.85,0.184813,기본 유지 혜택 제공
1480-IVEVR,One year,Fiber optic,0.004188,81.6,0.184266,결합 쿠폰 제공
7446-YPODE,Month-to-month,DSL,0.005983,60.25,0.184045,장기 약정(1~2년) 전환 유도
5630-AHZIL,Month-to-month,DSL,0.005135,64.5,0.183895,장기 약정(1~2년) 전환 유도
3594-UVONA,One year,DSL,0.009028,85.95,0.183853,기본 유지 혜택 제공
1840-BIUOG,One year,DSL,0.007209,68.7,0.183834,기본 유지 혜택 제공
9609-BENEA,One year,DSL,0.00434,69.0,0.183574,기본 유지 혜택 제공
2616-UUTFK,Month-to-month,DSL,0.009495,72.75,0.183324,장기 약정(1~2년) 전환 유도
3097-PYWXL,Month-to-month,No,0.003929,19.95,0.183139,장기 약정(1~2년) 전환 유도
3920-HIHMQ,Month-to-month,DSL,0.003927,49.5,0.182661,장기 약정(1~2년) 전환 유도
7089-XXAYG,One year,DSL,0.004325,38.1,0.182653,기본 유지 혜택 제공
6733-LRIZX,Two year,Fiber optic,0.008861,108.95,0.182612,결합 쿠폰 제공
7824-PANSQ,Month-to-month,Fiber optic,0.009167,80.65,0.182412,장기 약정(1~2년) 전환 유도 및 결합 쿠폰 제공
7629-WIXZF,One year,DSL,0.004991,59.1,0.181886,기본 유지 혜택 제공
8631-WUXGY,Month-to-month,Fiber optic,0.019543,99.8,0.181765,장기 약정(1~2년) 전환 유도 및 결합 쿠폰 제공
0303-UNCIP,One year,DSL,0.006188,65.0,0.18159,기본 유지 혜택 제공
4939-KYYPY,Month-to-month,DSL,0.011588,59.45,0.181455,장기 약정(1~2년) 전환 유도
7673-LPRNY,One year,DSL,0.008896,78.55,0.181312,기본 유지 혜택 제공
6158-DWPZT,One year,DSL,0.006178,24.1,0.181176,기본 유지 혜택 제공
6497-TILVL,Month-to-month,DSL,0.005549,50.7,0.181149,장기 약정(1~2년) 전환 유도
7361-YPXFS,Month-to-month,DSL,0.013029,64.45,0.18091,장기 약정(1~2년) 전환 유도
9863-JZAIC,Month-to-month,DSL,0.00636,55.0,0.180815,장기 약정(1~2년) 전환 유도
5198-EFNBM,One year,Fiber optic,0.01373,90.65,0.180792,결합 쿠폰 제공
2851-MMUTZ,Month-to-month,DSL,0.006494,56.15,0.180616,장기 약정(1~2년) 전환 유도
8439-LTUGF,Month-to-month,No,0.001907,20.0,0.180562,장기 약정(1~2년) 전환 유도
4926-UMJZD,Month-to-month,DSL,0.004816,49.2,0.180302,장기 약정(1~2년) 전환 유도
7928-VJYAB,Month-to-month,Fiber optic,0.01352,90.6,0.179823,장기 약정(1~2년) 전환 유도 및 결합 쿠폰 제공
0013-MHZWF,Month-to-month,DSL,0.012164,69.4,0.179733,장기 약정(1~2년) 전환 유도
4106-HADHQ,One year,DSL,0.005867,80.0,0.17962,기본 유지 혜택 제공
6258-NGCNG,Month-to-month,No,0.003425,23.5,0.179412,장기 약정(1~2년) 전환 유도
3221-CJMSG,Month-to-month,DSL,0.005324,51.1,0.179288,장기 약정(1~2년) 전환 유도
2432-TFSMK,One year,Fiber optic,0.009871,89.6,0.179162,결합 쿠폰 제공
1455-HFBXA,Two year,Fiber optic,0.014661,91.6,0.178607,결합 쿠폰 제공
3969-JQABI,Month-to-month,DSL,0.005165,65.25,0.178517,장기 약정(1~2년) 전환 유도
4489-SNOJF,Month-to-month,DSL,0.00508,72.25,0.178448,장기 약정(1~2년) 전환 유도
3466-WAESX,Month-to-month,DSL,0.007258,69.1,0.178397,장기 약정(1~2년) 전환 유도
0787-LHDYT,Month-to-month,No,0.001664,20.6,0.178236,장기 약정(1~2년) 전환 유도
4576-CSAJH,One year,DSL,0.010891,55.15,0.178234,기본 유지 혜택 제공
6563-VNPMN,Month-to-month,Fiber optic,0.010481,85.7,0.177653,장기 약정(1~2년) 전환 유도 및 결합 쿠폰 제공
0975-UYDTX,One year,DSL,0.009154,90.1,0.177579,기본 유지 혜택 제공
5756-JYOJT,One year,DSL,0.007572,64.9,0.177241,기본 유지 혜택 제공
4795-WRNVT,Month-to-month,DSL,0.010273,65.1,0.177184,장기 약정(1~2년) 전환 유도
6341-JVQGF,One year,DSL,0.012416,81.15,0.177135,기본 유지 혜택 제공
6447-GORXK,Month-to-month,DSL,0.002289,25.0,0.17676,장기 약정(1~2년) 전환 유도
4747-LCAQL,Month-to-month,DSL,0.016452,79.0,0.176587,장기 약정(1~2년) 전환 유도
5136-RGMZO,Month-to-month,DSL,0.011025,71.05,0.176243,장기 약정(1~2년) 전환 유도
5756-OZRIO,One year,DSL,0.008311,64.05,0.176202,기본 유지 혜택 제공
8138-EALND,Month-to-month,No,0.001779,19.75,0.17609,장기 약정(1~2년) 전환 유도
0380-ZCSBI,Month-to-month,No,0.002753,20.0,0.176038,장기 약정(1~2년) 전환 유도
3450-WXOAT,Month-to-month,DSL,0.008536,45.2,0.17599,장기 약정(1~2년) 전환 유도
8819-ZBYNA,Two year,Fiber optic,0.011457,109.1,0.175437,결합 쿠폰 제공
0607-MVMGC,One year,DSL,0.026526,78.75,0.175394,기본 유지 혜택 제공
0347-UBKUZ,Month-to-month,No,0.001242,19.9,0.175246,장기 약정(1~2년) 전환 유도
4186-ZBUEW,One year,DSL,0.011632,70.7,0.175245,기본 유지 혜택 제공
9488-FYQAU,Two year,Fiber optic,0.01298,109.25,0.174998,결합 쿠폰 제공
9972-VAFJJ,One year,Fiber optic,0.011492,94.0,0.174618,결합 쿠폰 제공
1150-WFARN,Two year,Fiber optic,0.021984,108.75,0.174494,결합 쿠폰 제공
6838-HVLXG,Month-to-month,No,0.003883,20.3,0.174194,장기 약정(1~2년) 전환 유도
4881-GQJTW,Month-to-month,No,0.004279,19.6,0.174121,장기 약정(1~2년) 전환 유도
0486-HECZI,Month-to-month,Fiber optic,0.010795,96.75,0.17412,장기 약정(1~2년) 전환 유도 및 결합 쿠폰 제공
2533-TIBIX,Month-to-month,DSL,0.005086,30.2,0.174098,장기 약정(1~2년) 전환 유도
9114-AAFQH,One year,DSL,0.011545,65.65,0.173861,기본 유지 혜택 제공
4079-ULGFR,Month-to-month,No,0.001595,20.0,0.17381,장기 약정(1~2년) 전환 유도
3786-WOVKF,One year,Fiber optic,0.009242,106.85,0.173727,결합 쿠폰 제공
3865-ZYKAD,Month-to-month,Fiber optic,0.010112,84.9,0.173662,장기 약정(1~2년) 전환 유도 및 결합 쿠폰 제공
0725-CXOTM,One year,DSL,0.009184,89.65,0.173615,기본 유지 혜택 제공
4002-BQWPQ,Month-to-month,DSL,0.008846,81.75,0.173547,장기 약정(1~2년) 전환 유도
1400-WIVLL,Two year,Fiber optic,0.013935,107.95,0.173338,결합 쿠폰 제공
8865-TNMNX,One year,DSL,0.009177,49.55,0.173031,기본 유지 혜택 제공
0002-ORFBO,One year,DSL,0.011718,65.6,0.172668,기본 유지 혜택 제공
8942-DBMHZ,Month-to-month,No,0.001678,20.45,0.172599,장기 약정(1~2년) 전환 유도
4104-PVRPS,Month-to-month,DSL,0.008073,53.6,0.172318,장기 약정(1~2년) 전환 유도
4139-SUGLD,Month-to-month,DSL,0.002043,35.4,0.17224,장기 약정(1~2년) 전환 유도
5236-XMZJY,Month-to-month,DSL,0.011346,59.65,0.172227,장기 약정(1~2년) 전환 유도
1304-SEGFY,Two year,Fiber optic,0.017677,97.85,0.171658,결합 쿠폰 제공
2585-KTFRE,Month-to-month,DSL,0.016971,70.45,0.171614,장기 약정(1~2년) 전환 유도
4134-BSXLX,Month-to-month,DSL,0.009705,60.9,0.171596,장기 약정(1~2년) 전환 유도
9013-AQORL,Month-to-month,DSL,0.004363,45.55,0.171591,장기 약정(1~2년) 전환 유도
7605-SNLQG,Month-to-month,DSL,0.006722,50.25,0.171355,장기 약정(1~2년) 전환 유도
9259-PACGQ,Month-to-month,DSL,0.008608,62.65,0.171302,장기 약정(1~2년) 전환 유도
5353-WILCI,Month-to-month,DSL,0.008062,56.05,0.171244,장기 약정(1~2년) 전환 유도
7811-JIVPF,Month-to-month,DSL,0.008124,49.7,0.171004,장기 약정(1~2년) 전환 유도
4608-LCIMN,Month-to-month,DSL,0.004538,44.65,0.170997,장기 약정(1~2년) 전환 유도
0117-LFRMW,Month-to-month,DSL,0.004135,40.2,0.170851,장기 약정(1~2년) 전환 유도
4012-ZTHBR,Month-to-month,DSL,0.005667,44.95,0.170523,장기 약정(1~2년) 전환 유도
5092-STPKP,Month-to-month,DSL,0.023192,56.35,0.170455,장기 약정(1~2년) 전환 유도
3824-RHKVR,Month-to-month,No,0.00207,19.7,0.17041,장기 약정(1~2년) 전환 유도
4199-QHJNM,Two year,Fiber optic,0.00919,102.9,0.170405,결합 쿠폰 제공
4622-YNKIJ,Two year,Fiber optic,0.010665,88.95,0.170249,결합 쿠폰 제공
4310-KEDTB,Month-to-month,DSL,0.003814,29.8,0.17017,장기 약정(1~2년) 전환 유도
5882-CMAZQ,Month-to-month,DSL,0.006187,34.25,0.170141,장기 약정(1~2년) 전환 유도
5639-NTUPK,Month-to-month,DSL,0.003357,52.1,0.169697,장기 약정(1~2년) 전환 유도
1208-DNHLN,One year,DSL,0.006306,48.35,0.16951,기본 유지 혜택 제공
8082-GHXOP,Month-to-month,DSL,0.005177,44.0,0.169373,장기 약정(1~2년) 전환 유도
5537-UXXVS,Month-to-month,No,0.002855,19.25,0.169088,장기 약정(1~2년) 전환 유도
5760-WRAHC,Month-to-month,DSL,0.006785,69.75,0.169085,장기 약정(1~2년) 전환 유도
1116-DXXDF,Two year,Fiber optic,0.008129,100.45,0.168958,결합 쿠폰 제공
1852-XEMDW,Month-to-month,DSL,0.010034,65.05,0.168786,장기 약정(1~2년) 전환 유도
7140-ADSMJ,Month-to-month,No,0.003656,20.45,0.168666,장기 약정(1~2년) 전환 유도
1137-DGOWI,One year,DSL,0.012326,70.25,0.168551,기본 유지 혜택 제공
7072-MBHEV,Month-to-month,Fiber optic,0.013345,78.1,0.168464,장기 약정(1~2년) 전환 유도 및 결합 쿠폰 제공
6663-JOCQO,One year,DSL,0.017572,75.25,0.168231,기본 유지 혜택 제공
8220-OCUFY,One year,DSL,0.007832,60.25,0.168115,기본 유지 혜택 제공
9763-GRSKD,Month-to-month,DSL,0.008965,49.95,0.168009,장기 약정(1~2년) 전환 유도
8800-ZKRFW,Month-to-month,Fiber optic,0.011943,107.5,0.167969,장기 약정(1~2년) 전환 유도 및 결합 쿠폰 제공
5240-CAOYT,Month-to-month,Fiber optic,0.009516,87.55,0.167944,장기 약정(1~2년) 전환 유도 및 결합 쿠폰 제공
7868-BGSZA,One year,DSL,0.010407,80.2,0.167761,기본 유지 혜택 제공
7672-VFMXZ,Month-to-month,DSL,0.005583,55.7,0.167731,장기 약정(1~2년) 전환 유도
3039-MJSLN,Month-to-month,No,0.003007,20.2,0.167684,장기 약정(1~2년) 전환 유도
6568-POCUI,Two year,Fiber optic,0.012552,95.2,0.167528,결합 쿠폰 제공
1768-HNVGJ,Month-to-month,DSL,0.004135,70.05,0.167519,장기 약정(1~2년) 전환 유도
4833-QTJNO,Month-to-month,Fiber optic,0.017959,83.85,0.167415,장기 약정(1~2년) 전환 유도 및 결합 쿠폰 제공
1730-VFMWO,Month-to-month,DSL,0.005134,50.2,0.167377,장기 약정(1~2년) 전환 유도
2801-NISEI,Month-to-month,DSL,0.005379,54.95,0.167157,장기 약정(1~2년) 전환 유도
0842-IWYCP,Month-to-month,DSL,0.004688,44.95,0.166725,장기 약정(1~2년) 전환 유도
2379-GYFLQ,One year,Fiber optic,0.010716,94.9,0.166655,결합 쿠폰 제공
7521-AFHAB,Month-to-month,DSL,0.006891,44.8,0.166635,장기 약정(1~2년) 전환 유도
3173-NVMPX,Month-to-month,DSL,0.004688,55.3,0.166342,장기 약정(1~2년) 전환 유도
6773-LQTVT,Month-to-month,DSL,0.003731,35.65,0.166231,장기 약정(1~2년) 전환 유도
9289-LBQVU,One year,DSL,0.013201,70.15,0.166051,기본 유지 혜택 제공
9092-GDZKO,Month-to-month,No,0.004893,24.85,0.165772,장기 약정(1~2년) 전환 유도
4806-DXQCE,Two year,Fiber optic,0.014335,113.65,0.16572,결합 쿠폰 제공
6502-KUGLL,Month-to-month,DSL,0.009498,59.45,0.165666,장기 약정(1~2년) 전환 유도
1555-DJEQW,Two year,Fiber optic,0.005935,114.2,0.165361,결합 쿠폰 제공
0603-OLQDC,Month-to-month,DSL,0.008056,69.85,0.165215,장기 약정(1~2년) 전환 유도
0655-YDGFJ,Month-to-month,DSL,0.007561,48.95,0.164661,장기 약정(1~2년) 전환 유도
6295-OSINB,Two year,Fiber optic,0.016709,109.65,0.164625,결합 쿠폰 제공
8100-HZZLJ,Month-to-month,DSL,0.011495,63.95,0.164396,장기 약정(1~2년) 전환 유도
2428-ZMCTB,Month-to-month,No,0.001262,19.75,0.164217,장기 약정(1~2년) 전환 유도
5748-RNCJT,Two year,Fiber optic,0.016294,106.5,0.164083,결합 쿠폰 제공
1539-LNKHM,Month-to-month,No,0.004814,20.4,0.163967,장기 약정(1~2년) 전환 유도
1428-IEDPR,Two year,Fiber optic,0.014439,109.3,0.163936,결합 쿠폰 제공
3285-UCQVC,Month-to-month,DSL,0.004024,28.6,0.163834,장기 약정(1~2년) 전환 유도
8261-GWDBQ,Two year,Fiber optic,0.009213,116.05,0.163793,결합 쿠폰 제공
8044-BGWPI,Month-to-month,No,0.003104,21.15,0.163753,장기 약정(1~2년) 전환 유도
4860-YZGZM,Month-to-month,No,0.00183,20.0,0.163592,장기 약정(1~2년) 전환 유도
3099-OONVS,Month-to-month,DSL,0.005876,54.3,0.163442,장기 약정(1~2년) 전환 유도
0308-GIQJT,One year,Fiber optic,0.009999,105.75,0.163339,결합 쿠폰 제공
9931-KGHOA,Month-to-month,DSL,0.005403,55.0,0.163216,장기 약정(1~2년) 전환 유도
1785-BPHTP,Month-to-month,Fiber optic,0.00841,85.45,0.162876,장기 약정(1~2년) 전환 유도 및 결합 쿠폰 제공
1696-MZVAU,One year,DSL,0.004677,25.25,0.162696,기본 유지 혜택 제공
3635-JBPSG,Two year,DSL,0.005937,38.8,0.162437,기본 유지 혜택 제공
9586-JGQKH,Two year,Fiber optic,0.017191,105.4,0.162268,결합 쿠폰 제공
5815-HGGHV,One year,DSL,0.010329,64.15,0.162088,기본 유지 혜택 제공
1755-RMCXH,Month-to-month,No,0.002313,20.3,0.161956,장기 약정(1~2년) 전환 유도
8071-SBTRN,Two year,Fiber optic,0.014819,111.15,0.16182,결합 쿠폰 제공
3716-LRGXK,Two year,Fiber optic,0.008522,101.15,0.161629,결합 쿠폰 제공
5740-YHGTW,Month-to-month,Fiber optic,0.010221,97.55,0.161614,장기 약정(1~2년) 전환 유도 및 결합 쿠폰 제공
2323-ARSVR,Two year,Fiber optic,0.007459,111.05,0.161596,결합 쿠폰 제공
3472-OAOOR,Month-to-month,DSL,0.004452,34.95,0.161575,장기 약정(1~2년) 전환 유도
6682-QJDGB,Month-to-month,DSL,0.008957,55.25,0.161343,장기 약정(1~2년) 전환 유도
1346-PJWTK,Month-to-month,Fiber optic,0.007474,94.15,0.161325,장기 약정(1~2년) 전환 유도 및 결합 쿠폰 제공
0356-OBMAC,Two year,Fiber optic,0.009045,99.9,0.161153,결합 쿠폰 제공
8573-CGOCC,Month-to-month,No,0.003297,19.75,0.161071,장기 약정(1~2년) 전환 유도
6778-JFCMK,One year,DSL,0.009653,50.6,0.160924,기본 유지 혜택 제공
5229-DTFYB,Two year,Fiber optic,0.011898,98.8,0.16073,결합 쿠폰 제공
6838-YAUVY,Two year,Fiber optic,0.009725,95.1,0.160682,결합 쿠폰 제공
1153-GNOLC,One year,DSL,0.004461,39.1,0.160621,기본 유지 혜택 제공
6483-OATDN,Month-to-month,DSL,0.006377,51.3,0.160565,장기 약정(1~2년) 전환 유도
3097-IDVPU,Month-to-month,DSL,0.008992,50.1,0.160478,장기 약정(1~2년) 전환 유도
5663-QBGIS,Two year,Fiber optic,0.004879,98.35,0.160317,결합 쿠폰 제공
7663-CUXZB,Two year,Fiber optic,0.017347,113.75,0.160155,결합 쿠폰 제공
7219-TLZHO,Month-to-month,No,0.003142,20.85,0.16015,장기 약정(1~2년) 전환 유도
5829-NVSQN,One year,DSL,0.010619,68.75,0.160013,기본 유지 혜택 제공
4822-LPTYJ,Two year,Fiber optic,0.038638,103.75,0.15996,결합 쿠폰 제공
9867-NNXLC,Month-to-month,No,0.002268,20.05,0.159681,장기 약정(1~2년) 전환 유도
5921-NGYRH,Month-to-month,Fiber optic,0.035638,73.55,0.159249,장기 약정(1~2년) 전환 유도 및 결합 쿠폰 제공
7519-JTWQH,Two year,Fiber optic,0.024657,110.5,0.159205,결합 쿠폰 제공
7078-NVFAM,Month-to-month,DSL,0.005323,35.15,0.159062,장기 약정(1~2년) 전환 유도
0536-BGFMZ,Month-to-month,No,0.006797,20.5,0.159034,장기 약정(1~2년) 전환 유도
1498-DQNRX,Month-to-month,No,0.003615,19.85,0.159034,장기 약정(1~2년) 전환 유도
3948-FVVRP,Month-to-month,DSL,0.005942,54.8,0.158605,장기 약정(1~2년) 전환 유도
1732-FEKLD,One year,Fiber optic,0.006851,94.75,0.158498,결합 쿠폰 제공
7892-QVYKW,Month-to-month,Fiber optic,0.01351,85.6,0.158381,장기 약정(1~2년) 전환 유도 및 결합 쿠폰 제공
3318-ISQFQ,Month-to-month,No,0.001384,19.5,0.158241,장기 약정(1~2년) 전환 유도
7964-ZRKKG,One year,Fiber optic,0.014217,88.4,0.158225,결합 쿠폰 제공
6196-HBOBZ,Two year,Fiber optic,0.012799,99.35,0.157939,결합 쿠폰 제공
1125-SNVCK,Month-to-month,DSL,0.007058,43.8,0.157908,장기 약정(1~2년) 전환 유도
6088-BXMRG,Month-to-month,Fiber optic,0.024355,98.85,0.157879,장기 약정(1~2년) 전환 유도 및 결합 쿠폰 제공
2410-CIYFZ,Month-to-month,No,0.002294,20.4,0.157702,장기 약정(1~2년) 전환 유도
0384-RVBPI,Month-to-month,DSL,0.010368,64.4,0.157559,장기 약정(1~2년) 전환 유도
6092-QZVPP,Month-to-month,DSL,0.012978,79.2,0.157485,장기 약정(1~2년) 전환 유도
2038-YSEZE,Month-to-month,DSL,0.008409,67.45,0.157411,장기 약정(1~2년) 전환 유도
4003-OCTMP,One year,DSL,0.007489,64.0,0.157311,기본 유지 혜택 제공
9839-ETQOE,Month-to-month,DSL,0.005581,40.45,0.157226,장기 약정(1~2년) 전환 유도
0345-XMMUG,Two year,Fiber optic,0.013472,108.9,0.156516,결합 쿠폰 제공
4430-YHXGG,Month-to-month,No,0.002758,25.45,0.156222,장기 약정(1~2년) 전환 유도
3229-USWAR,One year,DSL,0.004342,79.95,0.156166,기본 유지 혜택 제공
1702-CCFNJ,Month-to-month,DSL,0.003568,61.35,0.156159,장기 약정(1~2년) 전환 유도
9837-FWLCH,Month-to-month,No,0.003215,19.2,0.156073,장기 약정(1~2년) 전환 유도
7336-RLLRH,One year,DSL,0.011773,80.85,0.156047,기본 유지 혜택 제공
9518-IMLHK,Month-to-month,DSL,0.011084,72.45,0.155804,장기 약정(1~2년) 전환 유도
3733-ZEECP,Month-to-month,DSL,0.009318,51.1,0.155728,장기 약정(1~2년) 전환 유도
4676-MQUEA,One year,Fiber optic,0.008341,101.9,0.155692,결합 쿠폰 제공
0484-JPBRU,Month-to-month,No,0.002669,25.25,0.155671,장기 약정(1~2년) 전환 유도
0723-VSOBE,One year,DSL,0.030781,34.2,0.155463,기본 유지 혜택 제공
0696-UKTOX,Month-to-month,DSL,0.00798,54.15,0.155422,장기 약정(1~2년) 전환 유도
2307-FYNNL,Two year,Fiber optic,0.011934,109.05,0.155187,결합 쿠폰 제공
5120-ZBLAI,One year,DSL,0.01202,75.7,0.155166,기본 유지 혜택 제공
9798-DRYDS,One year,DSL,0.005711,61.95,0.155092,기본 유지 혜택 제공
9294-TDIPC,Month-to-month,No,0.002188,20.2,0.155083,장기 약정(1~2년) 전환 유도
2091-MJTFX,Month-to-month,DSL,0.006304,51.2,0.154824,장기 약정(1~2년) 전환 유도
9972-NKTFD,Month-to-month,DSL,0.005634,54.65,0.154581,장기 약정(1~2년) 전환 유도
2361-FJWNO,One year,DSL,0.003531,36.0,0.15444,기본 유지 혜택 제공
4139-JPIAM,Month-to-month,DSL,0.004206,44.45,0.15398,장기 약정(1~2년) 전환 유도
4011-ARPHK,Month-to-month,DSL,0.006037,50.35,0.153635,장기 약정(1~2년) 전환 유도
8498-XXGWA,Month-to-month,DSL,0.003364,55.15,0.153538,장기 약정(1~2년) 전환 유도
6994-ORCWG,One year,DSL,0.009113,54.25,0.153106,기본 유지 혜택 제공
8467-WYNSR,Month-to-month,DSL,0.003914,55.1,0.153031,장기 약정(1~2년) 전환 유도
7531-GQHME,Month-to-month,No,0.00228,20.05,0.15285,장기 약정(1~2년) 전환 유도
7105-MXJLL,One year,DSL,0.006299,60.7,0.152825,기본 유지 혜택 제공
6147-CBCRA,Month-to-month,No,0.005974,20.05,0.15276,장기 약정(1~2년) 전환 유도
3703-TTEPD,Month-to-month,DSL,0.006385,65.35,0.152635,장기 약정(1~2년) 전환 유도
3407-QGWLG,Month-to-month,No,0.002271,20.05,0.152524,장기 약정(1~2년) 전환 유도
3370-GQEAL,Month-to-month,Fiber optic,0.01536,85.45,0.152424,장기 약정(1~2년) 전환 유도 및 결합 쿠폰 제공
8041-TMEID,Two year,Fiber optic,0.021849,108.5,0.152197,결합 쿠폰 제공
9128-CPXKI,Two year,Fiber optic,0.016678,95.8,0.152105,결합 쿠폰 제공
5539-HIVAK,Month-to-month,No,0.001775,25.7,0.152035,장기 약정(1~2년) 전환 유도
2120-SMPEX,Month-to-month,No,0.002463,20.15,0.151287,장기 약정(1~2년) 전환 유도
5382-TEMLV,Month-to-month,DSL,0.010119,50.9,0.151215,장기 약정(1~2년) 전환 유도
8200-KLNYW,One year,DSL,0.004605,80.9,0.151215,기본 유지 혜택 제공
1237-WIYYZ,Month-to-month,No,0.00445,19.55,0.150719,장기 약정(1~2년) 전환 유도
8350-NYMVI,Month-to-month,DSL,0.005314,41.1,0.15061,장기 약정(1~2년) 전환 유도
3374-TTZTK,Two year,Fiber optic,0.011959,106.3,0.150529,결합 쿠폰 제공
6308-CQRBU,Two year,Fiber optic,0.045673,109.25,0.150435,결합 쿠폰 제공
2277-BKJKN,Two year,Fiber optic,0.032589,99.2,0.150186,결합 쿠폰 제공
6156-UZDLF,One year,Fiber optic,0.007335,87.15,0.15015,결합 쿠폰 제공
0516-QREYC,Month-to-month,No,0.001632,20.3,0.149987,장기 약정(1~2년) 전환 유도
4682-BLBUC,One year,DSL,0.006076,70.95,0.149952,기본 유지 혜택 제공
4647-XXZAM,Month-to-month,DSL,0.009476,45.5,0.149929,장기 약정(1~2년) 전환 유도
2930-UOTMB,Month-to-month,DSL,0.006447,65.25,0.149911,장기 약정(1~2년) 전환 유도
9031-ZVQPT,Two year,Fiber optic,0.012247,108.2,0.149619,결합 쿠폰 제공
4223-BKEOR,One year,DSL,0.014325,64.85,0.149569,기본 유지 혜택 제공
6734-FQAJX,Two year,Fiber optic,0.014461,105.05,0.149317,결합 쿠폰 제공
7750-EYXWZ,One year,DSL,0.012468,60.65,0.149276,기본 유지 혜택 제공
2225-ZRGSG,Two year,Fiber optic,0.011917,93.9,0.148769,결합 쿠폰 제공
2720-FVBQP,Month-to-month,DSL,0.011706,48.95,0.148411,장기 약정(1~2년) 전환 유도
3077-RSNTJ,Month-to-month,No,0.002278,19.7,0.148027,장기 약정(1~2년) 전환 유도
5590-ZSKRV,Month-to-month,DSL,0.00731,54.65,0.147802,장기 약정(1~2년) 전환 유도
6035-BXTTY,Month-to-month,DSL,0.003506,54.65,0.147578,장기 약정(1~2년) 전환 유도
6599-GZWCM,One year,Fiber optic,0.004577,74.65,0.147571,결합 쿠폰 제공
3016-KSVCP,Month-to-month,DSL,0.002257,33.75,0.147568,장기 약정(1~2년) 전환 유도
9314-QDMDW,One year,DSL,0.009284,61.25,0.147371,기본 유지 혜택 제공
7156-MXBJE,One year,DSL,0.005223,85.1,0.14731,기본 유지 혜택 제공
2460-NGXBJ,Month-to-month,Fiber optic,0.010816,75.2,0.147247,장기 약정(1~2년) 전환 유도 및 결합 쿠폰 제공
7233-IOQNP,Month-to-month,DSL,0.005532,34.0,0.146989,장기 약정(1~2년) 전환 유도
7707-PYBBH,Month-to-month,DSL,0.013524,61.9,0.146717,장기 약정(1~2년) 전환 유도
4508-OEBEY,One year,DSL,0.010063,75.5,0.146465,기본 유지 혜택 제공
2925-MXLSX,One year,DSL,0.010047,68.95,0.14642,기본 유지 혜택 제공
6738-ISCBM,One year,DSL,0.006505,54.0,0.146228,기본 유지 혜택 제공
9967-ATRFS,Month-to-month,No,0.00444,19.9,0.146223,장기 약정(1~2년) 전환 유도
7989-AWGEH,Month-to-month,DSL,0.007788,39.2,0.146201,장기 약정(1~2년) 전환 유도
9500-LTVBP,Month-to-month,Fiber optic,0.005352,80.05,0.146136,장기 약정(1~2년) 전환 유도 및 결합 쿠폰 제공
2001-EWBQU,Two year,Fiber optic,0.018479,104.7,0.146061,결합 쿠폰 제공
6861-OKBCE,Month-to-month,No,0.002826,20.1,0.145798,장기 약정(1~2년) 전환 유도
4719-UMSIY,Month-to-month,No,0.00223,19.65,0.145182,장기 약정(1~2년) 전환 유도
1097-FSPVW,Month-to-month,DSL,0.011133,54.55,0.145054,장기 약정(1~2년) 전환 유도
4016-BJKTZ,Two year,Fiber optic,0.009175,108.9,0.144969,결합 쿠폰 제공
3623-FQBOX,Month-to-month,No,0.002526,19.95,0.144829,장기 약정(1~2년) 전환 유도
7874-ECPQJ,Month-to-month,No,0.005974,20.05,0.144565,장기 약정(1~2년) 전환 유도
6082-GLJIX,Month-to-month,No,0.003202,19.25,0.144254,장기 약정(1~2년) 전환 유도
8409-WQJUX,One year,DSL,0.012245,54.2,0.14347,기본 유지 혜택 제공
5025-GOOKI,Month-to-month,No,0.001076,18.9,0.143437,장기 약정(1~2년) 전환 유도
9754-CLVZW,Month-to-month,DSL,0.006681,38.85,0.143402,장기 약정(1~2년) 전환 유도
3186-AJIEK,Two year,Fiber optic,0.019045,105.65,0.143255,결합 쿠폰 제공
0191-ZHSKZ,Month-to-month,DSL,0.011451,74.75,0.143076,장기 약정(1~2년) 전환 유도
1057-FOGLZ,Month-to-month,No,0.002705,19.65,0.142704,장기 약정(1~2년) 전환 유도
7764-BDPEE,Month-to-month,No,0.001871,20.85,0.142348,장기 약정(1~2년) 전환 유도
3865-QBWSJ,Month-to-month,Fiber optic,0.013152,80.45,0.142347,장기 약정(1~2년) 전환 유도 및 결합 쿠폰 제공
2085-JVGAD,Month-to-month,No,0.004689,20.35,0.142206,장기 약정(1~2년) 전환 유도
3156-QLHBO,Month-to-month,No,0.001622,19.25,0.141817,장기 약정(1~2년) 전환 유도
8659-HDIYE,Month-to-month,DSL,0.004584,74.65,0.141665,장기 약정(1~2년) 전환 유도
9578-FOMUK,Month-to-month,No,0.001431,24.8,0.141561,장기 약정(1~2년) 전환 유도
6469-MRVET,One year,No,0.003047,20.2,0.141501,기본 유지 혜택 제공
9504-DSHWM,Month-to-month,DSL,0.006793,59.2,0.141476,장기 약정(1~2년) 전환 유도
0727-BNRLG,Two year,Fiber optic,0.008655,97.65,0.141464,결합 쿠폰 제공
0868-VJRDR,Two year,Fiber optic,0.022899,104.05,0.141432,결합 쿠폰 제공
2338-BQEZT,Month-to-month,DSL,0.002527,50.55,0.141403,장기 약정(1~2년) 전환 유도
0815-MFZGM,Two year,Fiber optic,0.00728,99.0,0.141395,결합 쿠폰 제공
5795-KTGUD,Two year,Fiber optic,0.013707,110.8,0.141287,결합 쿠폰 제공
3092-IGHWF,One year,Fiber optic,0.017004,87.4,0.141121,결합 쿠폰 제공
7136-IHZJA,Month-to-month,DSL,0.009634,71.35,0.140899,장기 약정(1~2년) 전환 유도
2061-VVFST,Month-to-month,No,0.00233,19.5,0.140697,장기 약정(1~2년) 전환 유도
9691-HKOVS,One year,DSL,0.00673,90.15,0.140578,기본 유지 혜택 제공
4079-VTGLK,Two year,DSL,0.010969,74.85,0.140531,기본 유지 혜택 제공
3736-BLEPA,One year,Fiber optic,0.007841,91.25,0.140309,결합 쿠폰 제공
0014-BMAQU,Two year,Fiber optic,0.008968,84.65,0.140195,결합 쿠폰 제공
1866-NXPSP,One year,DSL,0.017069,75.55,0.140019,기본 유지 혜택 제공
2634-HCZGT,One year,DSL,0.005587,60.05,0.139579,기본 유지 혜택 제공
5447-VYTKW,Month-to-month,DSL,0.004738,53.45,0.139444,장기 약정(1~2년) 전환 유도
5968-XQIVE,One year,Fiber optic,0.015923,89.7,0.139335,결합 쿠폰 제공
1099-BTKWT,One year,DSL,0.004977,54.4,0.13929,기본 유지 혜택 제공
0201-MIBOL,Two year,Fiber optic,0.012944,102.4,0.13929,결합 쿠폰 제공
4316-XCSLJ,Month-to-month,DSL,0.002494,50.3,0.139017,장기 약정(1~2년) 전환 유도
7483-IQWIB,Month-to-month,Fiber optic,0.021471,92.95,0.138892,장기 약정(1~2년) 전환 유도 및 결합 쿠폰 제공
8780-RSYYU,Month-to-month,No,0.002236,19.2,0.138869,장기 약정(1~2년) 전환 유도
5989-OMNJE,One year,DSL,0.00515,57.6,0.138729,기본 유지 혜택 제공
4366-CTOUZ,Two year,Fiber optic,0.008149,100.2,0.138635,결합 쿠폰 제공
9391-TTOYH,Month-to-month,No,0.001296,19.5,0.138545,장기 약정(1~2년) 전환 유도
9357-UJRUN,One year,DSL,0.012621,58.35,0.138113,기본 유지 혜택 제공
7629-WFGLW,One year,Fiber optic,0.004743,95.65,0.138101,결합 쿠폰 제공
7951-VRDVK,One year,DSL,0.007735,85.85,0.137652,기본 유지 혜택 제공
0620-XEFWH,Month-to-month,No,0.003175,18.85,0.137616,장기 약정(1~2년) 전환 유도
4429-WYGFR,Month-to-month,DSL,0.009079,49.15,0.136796,장기 약정(1~2년) 전환 유도
7036-TYDEC,Two year,Fiber optic,0.00685,104.0,0.136778,결합 쿠폰 제공
0068-FIGTF,One year,DSL,0.003853,78.2,0.136544,기본 유지 혜택 제공
8457-XIGKN,Month-to-month,No,0.001841,19.6,0.136355,장기 약정(1~2년) 전환 유도
9546-KDTRB,Month-to-month,No,0.003292,24.7,0.136205,장기 약정(1~2년) 전환 유도
4163-KIUHY,Month-to-month,No,0.005908,25.6,0.135686,장기 약정(1~2년) 전환 유도
5998-DZLYR,Two year,Fiber optic,0.011766,94.35,0.135623,결합 쿠폰 제공
2150-WLKUW,One year,DSL,0.012249,63.9,0.134953,기본 유지 혜택 제공
1395-OFUWC,Month-to-month,DSL,0.001799,29.3,0.134705,장기 약정(1~2년) 전환 유도
5286-YHCVC,Two year,Fiber optic,0.017194,104.8,0.134541,결합 쿠폰 제공
6507-DTJZV,Month-to-month,DSL,0.004363,66.4,0.134332,장기 약정(1~2년) 전환 유도
2436-QBZFP,Month-to-month,DSL,0.008866,39.2,0.13432,장기 약정(1~2년) 전환 유도
7785-RDVIG,Month-to-month,No,0.004689,19.3,0.134011,장기 약정(1~2년) 전환 유도
5032-USPKF,One year,DSL,0.010371,84.1,0.133923,기본 유지 혜택 제공
1216-JWVUX,Month-to-month,Fiber optic,0.009227,75.5,0.13392,장기 약정(1~2년) 전환 유도 및 결합 쿠폰 제공
3167-SNQPL,Month-to-month,Fiber optic,0.008483,101.15,0.133897,장기 약정(1~2년) 전환 유도 및 결합 쿠폰 제공
2001-MCUUW,Two year,Fiber optic,0.014137,108.65,0.13388,결합 쿠폰 제공
0533-UCAAU,One year,DSL,0.01393,71.1,0.133824,기본 유지 혜택 제공
0953-LGOVU,Month-to-month,DSL,0.010085,35.5,0.133644,장기 약정(1~2년) 전환 유도
8085-MSNLK,Two year,Fiber optic,0.007355,113.95,0.13338,결합 쿠폰 제공
5693-PIPCS,Two year,Fiber optic,0.018002,99.65,0.133319,결합 쿠폰 제공
0496-AHOOK,One year,DSL,0.008737,74.4,0.133307,기본 유지 혜택 제공
0128-MKWSG,Month-to-month,DSL,0.003467,45.8,0.133286,장기 약정(1~2년) 전환 유도
8996-ZROXE,One year,DSL,0.015489,53.5,0.133023,기본 유지 혜택 제공
9929-PLVPA,Month-to-month,No,0.002326,20.4,0.132968,장기 약정(1~2년) 전환 유도
0076-LVEPS,Month-to-month,DSL,0.006308,45.0,0.132756,장기 약정(1~2년) 전환 유도
2272-WUSPA,Two year,Fiber optic,0.022905,110.75,0.132624,결합 쿠폰 제공
4683-WYDOU,Two year,Fiber optic,0.007195,107.6,0.132545,결합 쿠폰 제공
3639-XJHKQ,Month-to-month,DSL,0.003812,60.6,0.132353,장기 약정(1~2년) 전환 유도
0549-CYCQN,One year,Fiber optic,0.011148,79.6,0.132273,결합 쿠폰 제공
0810-BDHAW,One year,DSL,0.013818,78.4,0.132216,기본 유지 혜택 제공
4111-BNXIF,Two year,DSL,0.004988,59.55,0.132074,기본 유지 혜택 제공
8079-XRJRS,One year,Fiber optic,0.011868,89.75,0.131953,결합 쿠폰 제공
4778-IZARL,Two year,Fiber optic,0.021681,110.1,0.131909,결합 쿠폰 제공
6993-YGFJV,Two year,Fiber optic,0.015087,112.55,0.131787,결합 쿠폰 제공
7674-YTAFD,One year,Fiber optic,0.011782,79.95,0.131756,결합 쿠폰 제공
5651-CRHKQ,One year,Fiber optic,0.010814,86.2,0.131567,결합 쿠폰 제공
8777-MBMTS,Two year,Fiber optic,0.012421,105.85,0.131359,결합 쿠폰 제공
9700-ISPUP,Month-to-month,DSL,0.006211,65.5,0.131329,장기 약정(1~2년) 전환 유도
7623-HKYRK,Month-to-month,No,0.003793,19.7,0.131193,장기 약정(1~2년) 전환 유도
9860-LISIZ,Month-to-month,No,0.003143,20.35,0.130586,장기 약정(1~2년) 전환 유도
9467-ROOLM,Month-to-month,No,0.003791,19.05,0.130184,장기 약정(1~2년) 전환 유도
9738-QLWTP,One year,Fiber optic,0.014665,81.9,0.130018,결합 쿠폰 제공
5155-AZQPB,Month-to-month,DSL,0.006123,49.9,0.129904,장기 약정(1~2년) 전환 유도
4049-ZPALD,Two year,Fiber optic,0.015395,99.0,0.129856,결합 쿠폰 제공
1708-PBBOA,One year,DSL,0.010495,54.75,0.129849,기본 유지 혜택 제공
9496-IVVRP,Month-to-month,DSL,0.005004,51.0,0.129771,장기 약정(1~2년) 전환 유도
2123-VSCOT,Two year,DSL,0.010918,72.1,0.12971,기본 유지 혜택 제공
7266-GSSJX,Month-to-month,No,0.003412,20.45,0.129506,장기 약정(1~2년) 전환 유도
4821-SJHJV,Month-to-month,Fiber optic,0.019993,89.6,0.129471,장기 약정(1~2년) 전환 유도 및 결합 쿠폰 제공
3181-VTHOE,One year,DSL,0.010795,51.05,0.129455,기본 유지 혜택 제공
7047-YXDMZ,Month-to-month,No,0.002296,20.0,0.129292,장기 약정(1~2년) 전환 유도
3137-NYQQI,One year,DSL,0.012526,64.8,0.129213,기본 유지 혜택 제공
0308-IVGOK,One year,DSL,0.005742,40.4,0.129162,기본 유지 혜택 제공
0750-EBAIU,One year,Fiber optic,0.012844,91.25,0.129029,결합 쿠폰 제공
1257-SXUXQ,Month-to-month,No,0.001896,19.45,0.128976,장기 약정(1~2년) 전환 유도
7542-CYDDM,Month-to-month,No,0.002525,20.05,0.128923,장기 약정(1~2년) 전환 유도
0106-UGRDO,Two year,Fiber optic,0.011699,116.0,0.128794,결합 쿠폰 제공
8384-FZBJK,Month-to-month,Fiber optic,0.006277,100.6,0.128227,장기 약정(1~2년) 전환 유도 및 결합 쿠폰 제공
5616-PRTNT,Month-to-month,No,0.003172,19.4,0.128173,장기 약정(1~2년) 전환 유도
7956-XQWGU,Month-to-month,No,0.00203,19.4,0.128123,장기 약정(1~2년) 전환 유도
8314-DPQHL,One year,DSL,0.007814,50.8,0.128103,기본 유지 혜택 제공
9412-ARGBX,Two year,Fiber optic,0.013022,95.5,0.12804,결합 쿠폰 제공
3466-BYAVD,Month-to-month,DSL,0.011193,69.5,0.128035,장기 약정(1~2년) 전환 유도
4797-MIWUM,Month-to-month,No,0.002699,20.25,0.127933,장기 약정(1~2년) 전환 유도
6603-QWSPR,Two year,Fiber optic,0.012254,104.4,0.127866,결합 쿠폰 제공
5804-HYIEZ,Month-to-month,Fiber optic,0.029327,106.05,0.127827,장기 약정(1~2년) 전환 유도 및 결합 쿠폰 제공
6906-MPARY,One year,Fiber optic,0.008413,89.6,0.127804,결합 쿠폰 제공
6075-QMNRR,Month-to-month,DSL,0.013572,49.75,0.127802,장기 약정(1~2년) 전환 유도
1206-EHBDD,Two year,Fiber optic,0.010533,80.3,0.127711,결합 쿠폰 제공
6250-CGGUN,One year,Fiber optic,0.00993,84.4,0.127701,결합 쿠폰 제공
9933-QRGTX,Two year,Fiber optic,0.008691,97.2,0.127695,결합 쿠폰 제공
5343-SGUBI,One year,Fiber optic,0.008586,80.2,0.127695,결합 쿠폰 제공
5724-BIDBU,One year,DSL,0.007833,55.35,0.127561,기본 유지 혜택 제공
1545-JFUML,Two year,Fiber optic,0.011922,99.0,0.127488,결합 쿠폰 제공
3470-BTGQO,Month-to-month,DSL,0.002686,45.65,0.127488,장기 약정(1~2년) 전환 유도
5018-LXQQG,Month-to-month,DSL,0.006883,66.3,0.127238,장기 약정(1~2년) 전환 유도
6635-MYYYZ,One year,DSL,0.016774,85.35,0.127126,기본 유지 혜택 제공
0027-KWYKW,Month-to-month,Fiber optic,0.021354,83.75,0.127107,장기 약정(1~2년) 전환 유도 및 결합 쿠폰 제공
7521-YXVZY,Month-to-month,No,0.002662,19.95,0.127063,장기 약정(1~2년) 전환 유도
4611-ANLQC,One year,DSL,0.002825,50.05,0.127058,기본 유지 혜택 제공
9513-DXHDA,One year,DSL,0.011486,81.7,0.126966,기본 유지 혜택 제공
4119-ZYPZY,Two year,Fiber optic,0.017285,106.8,0.126834,결합 쿠폰 제공
3043-SUDUA,Month-to-month,No,0.00332,19.9,0.126792,장기 약정(1~2년) 전환 유도
5186-PEIZU,Month-to-month,No,0.002869,19.25,0.126738,장기 약정(1~2년) 전환 유도
4801-KFYKL,Month-to-month,No,0.001956,19.45,0.126692,장기 약정(1~2년) 전환 유도
7049-GKVZY,One year,DSL,0.009604,79.85,0.126617,기본 유지 혜택 제공
1552-TKMXS,Month-to-month,No,0.004284,20.35,0.126306,장기 약정(1~2년) 전환 유도
3999-WRNGR,Month-to-month,DSL,0.00668,49.75,0.126222,장기 약정(1~2년) 전환 유도
2243-FNMMI,Month-to-month,No,0.002505,19.4,0.125895,장기 약정(1~2년) 전환 유도
8097-VBQTZ,Month-to-month,DSL,0.008624,69.9,0.125727,장기 약정(1~2년) 전환 유도
6050-FFXES,Two year,Fiber optic,0.015862,105.35,0.125564,결합 쿠폰 제공
2812-ENYMO,One year,DSL,0.016537,54.55,0.125485,기본 유지 혜택 제공
0208-BPQEJ,Month-to-month,No,0.002959,19.4,0.125484,장기 약정(1~2년) 전환 유도
3374-PZLXD,Month-to-month,No,0.002862,19.7,0.12535,장기 약정(1~2년) 전환 유도
8404-VLQFB,Month-to-month,No,0.005813,25.25,0.125334,장기 약정(1~2년) 전환 유도
4328-VUFWD,One year,DSL,0.006806,59.3,0.125275,기본 유지 혜택 제공
1159-WFSGR,Month-to-month,No,0.001925,20.4,0.125266,장기 약정(1~2년) 전환 유도
6968-URWQU,One year,DSL,0.006577,56.35,0.125125,기본 유지 혜택 제공
1371-WEPDS,One year,DSL,0.009835,55.8,0.125037,기본 유지 혜택 제공
2546-KZAAT,One year,DSL,0.007976,75.4,0.124921,기본 유지 혜택 제공
6231-WFGFH,Month-to-month,No,0.00203,20.5,0.124612,장기 약정(1~2년) 전환 유도
2419-FSORS,Two year,Fiber optic,0.013334,108.4,0.124455,결합 쿠폰 제공
5944-UGLLK,One year,DSL,0.005532,54.9,0.124348,기본 유지 혜택 제공
5915-DGNVC,One year,DSL,0.008637,71.8,0.124274,기본 유지 혜택 제공
0565-JUPYD,One year,Fiber optic,0.010346,104.5,0.124127,결합 쿠폰 제공
5360-LJCNJ,Two year,Fiber optic,0.012304,105.15,0.124076,결합 쿠폰 제공
0564-MUUQK,Month-to-month,Fiber optic,0.013352,95.5,0.12397,장기 약정(1~2년) 전환 유도 및 결합 쿠폰 제공
9565-JSNFM,One year,Fiber optic,0.013786,70.45,0.123955,결합 쿠폰 제공
9313-QOLTZ,Month-to-month,No,0.004967,20.9,0.123472,장기 약정(1~2년) 전환 유도
3062-ICYZQ,Month-to-month,Fiber optic,0.006902,93.8,0.123426,장기 약정(1~2년) 전환 유도 및 결합 쿠폰 제공
7690-KPNCU,One year,DSL,0.018549,73.05,0.123388,기본 유지 혜택 제공
0568-ONFPC,Month-to-month,No,0.0023,25.9,0.12308,장기 약정(1~2년) 전환 유도
9134-WYRVP,One year,Fiber optic,0.010937,86.35,0.122878,결합 쿠폰 제공
3181-MIZBN,Month-to-month,No,0.001925,19.75,0.12283,장기 약정(1~2년) 전환 유도
4742-DRORA,One year,Fiber optic,0.023716,95.4,0.122737,결합 쿠폰 제공
8741-LQOBK,Month-to-month,DSL,0.004871,35.05,0.122551,장기 약정(1~2년) 전환 유도
0265-PSUAE,Month-to-month,Fiber optic,0.011671,100.7,0.122469,장기 약정(1~2년) 전환 유도 및 결합 쿠폰 제공
7459-IMVYU,Month-to-month,DSL,0.006643,69.95,0.122365,장기 약정(1~2년) 전환 유도
2325-ZUSFD,One year,DSL,0.005205,70.1,0.122325,기본 유지 혜택 제공
3701-SFMUH,Month-to-month,DSL,0.003959,69.7,0.121966,장기 약정(1~2년) 전환 유도
1360-RCYRT,Month-to-month,DSL,0.002738,30.35,0.121522,장기 약정(1~2년) 전환 유도
0635-WKOLD,One year,DSL,0.01053,70.75,0.121517,기본 유지 혜택 제공
7445-WMRBW,One year,DSL,0.017386,73.85,0.121383,기본 유지 혜택 제공
8627-ZYGSZ,One year,Fiber optic,0.011499,78.9,0.121368,결합 쿠폰 제공
8318-LCNBW,One year,DSL,0.01056,53.15,0.121362,기본 유지 혜택 제공
7954-MLBUN,Two year,Fiber optic,0.008267,99.45,0.121041,결합 쿠폰 제공
9554-DFKIC,Month-to-month,DSL,0.003231,54.45,0.12089,장기 약정(1~2년) 전환 유도
0670-ANMUU,One year,Fiber optic,0.009274,97.65,0.120683,결합 쿠폰 제공
9592-ERDKV,One year,DSL,0.017594,79.25,0.120605,기본 유지 혜택 제공
2746-DIJLO,One year,DSL,0.008191,56.3,0.120475,기본 유지 혜택 제공
0565-IYCGT,One year,DSL,0.005165,78.6,0.120462,기본 유지 혜택 제공
9480-BQJEI,One year,Fiber optic,0.005724,92.3,0.120424,결합 쿠폰 제공
9330-VOFSZ,Two year,Fiber optic,0.01927,110.8,0.120188,결합 쿠폰 제공
5791-KAJFD,One year,DSL,0.004971,68.75,0.120174,기본 유지 혜택 제공
7909-FIOIY,Month-to-month,DSL,0.001516,24.85,0.11997,장기 약정(1~2년) 전환 유도
4043-MKDTV,Two year,Fiber optic,0.011764,105.25,0.119959,결합 쿠폰 제공
2167-FQSTQ,Two year,DSL,0.010487,92.4,0.119854,기본 유지 혜택 제공
3682-YEUWS,Month-to-month,No,0.005894,24.4,0.119753,장기 약정(1~2년) 전환 유도
2887-JPYLU,Month-to-month,DSL,0.004083,45.2,0.119748,장기 약정(1~2년) 전환 유도
4075-JFPGR,One year,Fiber optic,0.012164,93.5,0.119726,결합 쿠폰 제공
0134-XWXCE,One year,DSL,0.007367,74.85,0.119577,기본 유지 혜택 제공
5149-CUZUJ,One year,Fiber optic,0.009689,92.9,0.119576,결합 쿠폰 제공
5294-DMSFH,Month-to-month,Fiber optic,0.008368,87.8,0.11921,장기 약정(1~2년) 전환 유도 및 결합 쿠폰 제공
4686-GEFRM,Two year,Fiber optic,0.020144,98.7,0.119207,결합 쿠폰 제공
3572-UOLYZ,Month-to-month,Fiber optic,0.006665,84.8,0.119135,장기 약정(1~2년) 전환 유도 및 결합 쿠폰 제공
6620-HVDUJ,Month-to-month,DSL,0.022137,60.45,0.118837,장기 약정(1~2년) 전환 유도
7833-PKIHD,One year,DSL,0.01308,76.4,0.118594,기본 유지 혜택 제공
0098-BOWSO,Month-to-month,No,0.001367,19.4,0.118577,장기 약정(1~2년) 전환 유도
2200-DSAAL,Two year,DSL,0.005723,80.65,0.118215,기본 유지 혜택 제공
2073-QBVBI,One year,DSL,0.002062,35.45,0.118163,기본 유지 혜택 제공
9470-XCCEM,Month-to-month,Fiber optic,0.010003,89.65,0.117977,장기 약정(1~2년) 전환 유도 및 결합 쿠폰 제공
8016-ZMGMO,One year,DSL,0.012696,70.85,0.117955,기본 유지 혜택 제공
8738-JOKAR,One year,DSL,0.00796,67.7,0.117842,기본 유지 혜택 제공
7868-TMWMZ,Two year,Fiber optic,0.012013,110.0,0.117633,결합 쿠폰 제공
3541-ZNUHK,Month-to-month,Fiber optic,0.007288,85.1,0.11762,장기 약정(1~2년) 전환 유도 및 결합 쿠폰 제공
6766-HFKLA,Two year,Fiber optic,0.015695,103.2,0.117496,결합 쿠폰 제공
9405-GPBBG,Two year,Fiber optic,0.013681,110.5,0.117452,결합 쿠폰 제공
4730-AWNAU,One year,DSL,0.011454,60.7,0.117376,기본 유지 혜택 제공
8788-DOXSU,One year,DSL,0.010959,61.35,0.11714,기본 유지 혜택 제공
0716-BQNDX,Two year,Fiber optic,0.015685,93.75,0.117071,결합 쿠폰 제공
0289-IVARM,Month-to-month,DSL,0.01388,60.55,0.116943,장기 약정(1~2년) 전환 유도
4829-ZLJTK,Two year,Fiber optic,0.012685,112.4,0.116796,결합 쿠폰 제공
5337-IIWKZ,Month-to-month,DSL,0.01254,44.85,0.116555,장기 약정(1~2년) 전환 유도
1707-HABPF,One year,Fiber optic,0.008969,91.3,0.116527,결합 쿠폰 제공
0687-ZVTHB,One year,DSL,0.007822,72.45,0.116517,기본 유지 혜택 제공
3585-YNADK,One year,DSL,0.004207,74.6,0.116373,기본 유지 혜택 제공
5913-INRQV,One year,Fiber optic,0.0117,90.15,0.116349,결합 쿠폰 제공
1930-WNXSB,Month-to-month,Fiber optic,0.0108,92.85,0.116315,장기 약정(1~2년) 전환 유도 및 결합 쿠폰 제공
1576-PFZIW,Two year,Fiber optic,0.029021,105.35,0.116064,결합 쿠폰 제공
8513-OLYGY,Two year,Fiber optic,0.021816,115.8,0.116061,결합 쿠폰 제공
8035-BUYVG,One year,DSL,0.006236,42.35,0.116015,기본 유지 혜택 제공
1850-AKQEP,Month-to-month,No,0.002017,20.35,0.115512,장기 약정(1~2년) 전환 유도
2639-UGMAZ,One year,DSL,0.006707,56.45,0.115389,기본 유지 혜택 제공
5524-KHNJP,One year,DSL,0.013893,74.75,0.115349,기본 유지 혜택 제공
7619-PLRLP,One year,DSL,0.004869,74.1,0.115319,기본 유지 혜택 제공
7407-SUJIZ,Month-to-month,No,0.004049,20.6,0.115297,장기 약정(1~2년) 전환 유도
9060-HJJRW,One year,DSL,0.00553,56.4,0.115037,기본 유지 혜택 제공
2054-PJOCK,One year,DSL,0.007164,80.55,0.115032,기본 유지 혜택 제공
0254-KCJGT,One year,DSL,0.00662,81.4,0.114954,기본 유지 혜택 제공
4389-UEFCZ,Two year,Fiber optic,0.014801,105.5,0.114603,결합 쿠폰 제공
8201-AAXCB,Month-to-month,DSL,0.008857,60.35,0.114514,장기 약정(1~2년) 전환 유도
2361-UPSND,One year,DSL,0.012629,70.6,0.114502,기본 유지 혜택 제공
6732-FZUGP,One year,Fiber optic,0.00678,94.9,0.114347,결합 쿠폰 제공
5274-XHAKY,Month-to-month,Fiber optic,0.014429,94.3,0.114197,장기 약정(1~2년) 전환 유도 및 결합 쿠폰 제공
7123-WQUHX,One year,Fiber optic,0.010327,95.0,0.11414,결합 쿠폰 제공
7838-LAZFO,One year,DSL,0.012438,78.8,0.114138,기본 유지 혜택 제공
5161-XEUVX,Two year,Fiber optic,0.015049,94.3,0.113982,결합 쿠폰 제공
8401-EMUWF,Month-to-month,DSL,0.011067,69.4,0.113916,장기 약정(1~2년) 전환 유도
0840-DCNZE,One year,DSL,0.004987,86.95,0.113837,기본 유지 혜택 제공
8152-VETUR,Two year,Fiber optic,0.014425,97.7,0.113764,결합 쿠폰 제공
4903-CNOZC,One year,DSL,0.003518,70.9,0.113564,기본 유지 혜택 제공
0628-CNQRM,One year,DSL,0.009343,67.5,0.113391,기본 유지 혜택 제공
2208-NQBCT,Month-to-month,Fiber optic,0.004809,81.95,0.113167,장기 약정(1~2년) 전환 유도 및 결합 쿠폰 제공
1845-CSBRZ,Month-to-month,Fiber optic,0.012492,85.35,0.113165,장기 약정(1~2년) 전환 유도 및 결합 쿠폰 제공
5832-EXGTT,Month-to-month,DSL,0.007858,60.2,0.113039,장기 약정(1~2년) 전환 유도
3209-ZPKFI,Month-to-month,DSL,0.008795,54.25,0.112936,장기 약정(1~2년) 전환 유도
0997-YTLNY,Month-to-month,DSL,0.004695,48.8,0.112915,장기 약정(1~2년) 전환 유도
6402-SSEJG,One year,DSL,0.007019,61.05,0.112771,기본 유지 혜택 제공
2824-MYYBN,Month-to-month,Fiber optic,0.012432,95.25,0.112694,장기 약정(1~2년) 전환 유도 및 결합 쿠폰 제공
6366-XIVKZ,Month-to-month,DSL,0.007318,63.15,0.112678,장기 약정(1~2년) 전환 유도
5049-MUBWG,One year,DSL,0.009286,75.0,0.112677,기본 유지 혜택 제공
5996-NRVXR,One year,Fiber optic,0.00867,98.15,0.112602,결합 쿠폰 제공
3417-TSCIC,One year,DSL,0.002504,24.85,0.112375,기본 유지 혜택 제공
6728-CZFEI,One year,DSL,0.004943,56.15,0.112293,기본 유지 혜택 제공
9142-XMYJH,Month-to-month,No,0.0058,19.35,0.112179,장기 약정(1~2년) 전환 유도
2988-QRAJY,Two year,Fiber optic,0.013449,110.05,0.112013,결합 쿠폰 제공
6791-YBNAK,Month-to-month,DSL,0.002617,25.55,0.112001,장기 약정(1~2년) 전환 유도
9626-VFRGG,Month-to-month,Fiber optic,0.014655,88.5,0.111704,장기 약정(1~2년) 전환 유도 및 결합 쿠폰 제공
1891-QRQSA,Two year,Fiber optic,0.015217,111.6,0.111694,결합 쿠폰 제공
4189-NAKJS,One year,DSL,0.008104,51.55,0.111631,기본 유지 혜택 제공
1744-JHKYS,Month-to-month,No,0.00189,24.7,0.111588,장기 약정(1~2년) 전환 유도
9309-BZGNT,One year,DSL,0.002499,29.8,0.111325,기본 유지 혜택 제공
5985-TBABQ,One year,DSL,0.012471,74.75,0.111299,기본 유지 혜택 제공
2896-TBNBE,One year,Fiber optic,0.014422,80.8,0.111108,결합 쿠폰 제공
0396-UKGAI,Month-to-month,DSL,0.004187,55.3,0.111085,장기 약정(1~2년) 전환 유도
0799-DDIHE,Month-to-month,DSL,0.009348,46.3,0.110453,장기 약정(1~2년) 전환 유도
8166-ZZTFS,Two year,DSL,0.009125,80.55,0.110386,기본 유지 혜택 제공
2150-UWTFY,Month-to-month,DSL,0.004253,61.15,0.110331,장기 약정(1~2년) 전환 유도
4182-BGSIQ,Month-to-month,No,0.002864,19.8,0.110051,장기 약정(1~2년) 전환 유도
1623-NLDOT,One year,DSL,0.006508,33.55,0.109869,기본 유지 혜택 제공
3640-JQGJG,Month-to-month,DSL,0.006122,44.8,0.109811,장기 약정(1~2년) 전환 유도
1345-GKDZZ,Month-to-month,No,0.003115,19.55,0.109666,장기 약정(1~2년) 전환 유도
9577-WJVCQ,Month-to-month,DSL,0.006348,54.45,0.109614,장기 약정(1~2년) 전환 유도
9199-PWQVC,One year,DSL,0.011879,79.7,0.109586,기본 유지 혜택 제공
3655-SNQYZ,Two year,Fiber optic,0.025779,113.25,0.109431,결합 쿠폰 제공
5256-SKJGO,Two year,DSL,0.004793,54.6,0.109423,기본 유지 혜택 제공
4063-EIKNQ,Month-to-month,No,0.002179,20.95,0.109412,장기 약정(1~2년) 전환 유도
6784-XYJAE,One year,DSL,0.008798,55.8,0.109382,기본 유지 혜택 제공
4694-PHWFW,Month-to-month,No,0.001064,19.95,0.109255,장기 약정(1~2년) 전환 유도
5160-UXJED,One year,DSL,0.005845,44.6,0.109117,기본 유지 혜택 제공
9445-ZUEQE,Month-to-month,Fiber optic,0.010474,85.2,0.108923,장기 약정(1~2년) 전환 유도 및 결합 쿠폰 제공
1488-SYSFC,Month-to-month,No,0.002461,20.65,0.10876,장기 약정(1~2년) 전환 유도
4710-NKCAW,Month-to-month,DSL,0.007578,64.4,0.108566,장기 약정(1~2년) 전환 유도
9063-ZGTUY,Month-to-month,No,0.00339,19.4,0.108374,장기 약정(1~2년) 전환 유도
1661-CZBAU,One year,DSL,0.015346,70.95,0.108169,기본 유지 혜택 제공
4431-EDMIQ,Month-to-month,DSL,0.017919,75.7,0.108108,장기 약정(1~2년) 전환 유도
5393-HJZSM,Month-to-month,DSL,0.004144,76.3,0.10807,장기 약정(1~2년) 전환 유도
9411-TPQQV,One year,DSL,0.005307,54.55,0.10804,기본 유지 혜택 제공
2890-WFBHU,One year,DSL,0.015235,79.85,0.107739,기본 유지 혜택 제공
2931-SVLTV,Month-to-month,Fiber optic,0.014247,110.1,0.107555,장기 약정(1~2년) 전환 유도 및 결합 쿠폰 제공
1338-CECEE,One year,DSL,0.008483,68.5,0.107471,기본 유지 혜택 제공
3638-WEABW,Two year,DSL,0.006919,59.9,0.107453,기본 유지 혜택 제공
1045-LTCYT,Month-to-month,No,0.001654,21.05,0.107366,장기 약정(1~2년) 전환 유도
7191-ADRGF,Two year,DSL,0.006058,54.3,0.107331,기본 유지 혜택 제공
1353-GHZOS,One year,DSL,0.009053,59.75,0.107328,기본 유지 혜택 제공
2931-VUVJN,One year,Fiber optic,0.009877,94.05,0.10727,결합 쿠폰 제공
7682-AZNDK,Month-to-month,Fiber optic,0.011335,89.85,0.107141,장기 약정(1~2년) 전환 유도 및 결합 쿠폰 제공
3724-UCSHY,Month-to-month,No,0.003578,19.55,0.1068,장기 약정(1~2년) 전환 유도
6048-UWKAL,Two year,Fiber optic,0.021037,105.4,0.106694,결합 쿠폰 제공
2023-VQFDL,Month-to-month,No,0.001877,19.0,0.106534,장기 약정(1~2년) 전환 유도
6648-INWPS,Month-to-month,No,0.004463,20.15,0.10649,장기 약정(1~2년) 전환 유도
1222-LRYKO,Month-to-month,No,0.005621,26.35,0.106361,장기 약정(1~2년) 전환 유도
4020-KIUDI,Month-to-month,No,0.004469,19.85,0.106352,장기 약정(1~2년) 전환 유도
2967-MXRAV,One year,No,0.004026,18.8,0.106219,기본 유지 혜택 제공
5651-YLPRD,Month-to-month,Fiber optic,0.00459,86.1,0.10616,장기 약정(1~2년) 전환 유도 및 결합 쿠폰 제공
0835-JKADZ,Two year,Fiber optic,0.007299,111.25,0.106152,결합 쿠폰 제공
1621-YNCJH,Two year,Fiber optic,0.019024,106.05,0.105891,결합 쿠폰 제공
2958-NHPPS,Month-to-month,No,0.002754,20.85,0.105848,장기 약정(1~2년) 전환 유도
8224-UAXBZ,One year,DSL,0.00634,45.35,0.105487,기본 유지 혜택 제공
0820-FNRNX,Month-to-month,DSL,0.003413,66.7,0.105377,장기 약정(1~2년) 전환 유도
0621-JFHOL,Two year,DSL,0.003451,29.6,0.105238,기본 유지 혜택 제공
7102-JJVTX,One year,DSL,0.007191,48.6,0.105207,기본 유지 혜택 제공
3705-RHRFR,Two year,Fiber optic,0.017053,99.15,0.105073,결합 쿠폰 제공
6322-HRPFA,Month-to-month,DSL,0.008189,59.6,0.105044,장기 약정(1~2년) 전환 유도
1898-JSNDC,One year,DSL,0.006009,58.6,0.104863,기본 유지 혜택 제공
5562-BETPV,One year,No,0.005205,19.65,0.104851,기본 유지 혜택 제공
4504-YOULA,Month-to-month,DSL,0.004421,59.45,0.104851,장기 약정(1~2년) 전환 유도
8869-LIHMK,Two year,Fiber optic,0.018275,115.1,0.104725,결합 쿠폰 제공
8822-KNBHV,One year,DSL,0.016968,83.45,0.1047,기본 유지 혜택 제공
9170-GYZJC,Month-to-month,DSL,0.007504,79.9,0.104555,장기 약정(1~2년) 전환 유도
0983-TATYJ,One year,DSL,0.005409,51.45,0.104485,기본 유지 혜택 제공
6732-VAILE,Two year,DSL,0.013094,85.95,0.104477,기본 유지 혜택 제공
9308-ANMVE,Month-to-month,DSL,0.004648,55.3,0.104156,장기 약정(1~2년) 전환 유도
7566-DSRLQ,Two year,Fiber optic,0.01157,110.15,0.10401,결합 쿠폰 제공
6419-ZTTLE,One year,No,0.003098,20.75,0.103854,기본 유지 혜택 제공
4732-RRJZC,Month-to-month,No,0.006139,20.25,0.103695,장기 약정(1~2년) 전환 유도
9644-KVCNC,One year,Fiber optic,0.009596,92.15,0.103659,결합 쿠폰 제공
5020-ZSTTY,One year,DSL,0.013013,82.45,0.103576,기본 유지 혜택 제공
3059-NGMXB,Month-to-month,DSL,0.004466,69.2,0.103553,장기 약정(1~2년) 전환 유도
9415-TPKRV,Month-to-month,DSL,0.050176,55.75,0.103425,장기 약정(1~2년) 전환 유도
3255-GRXMG,Month-to-month,DSL,0.004079,45.65,0.103414,장기 약정(1~2년) 전환 유도
8383-SGHJU,One year,DSL,0.00674,59.4,0.103192,기본 유지 혜택 제공
4137-JOPHL,Two year,Fiber optic,0.01459,89.7,0.102981,결합 쿠폰 제공
3696-XRIEN,One year,DSL,0.005325,82.5,0.102881,기본 유지 혜택 제공
0536-ACXIP,Two year,Fiber optic,0.012553,109.55,0.102839,결합 쿠폰 제공
5386-THSLQ,One year,DSL,0.003436,45.55,0.102807,기본 유지 혜택 제공
6473-ULUHT,Month-to-month,DSL,0.008028,84.9,0.102779,장기 약정(1~2년) 전환 유도
8268-YDIXR,One year,Fiber optic,0.017212,93.15,0.102734,결합 쿠폰 제공
6999-CHVCF,Two year,Fiber optic,0.013011,102.1,0.10261,결합 쿠폰 제공
9589-ABEPT,Two year,Fiber optic,0.00736,92.45,0.102599,결합 쿠폰 제공
5384-ZTTWP,Month-to-month,No,0.003366,19.8,0.10258,장기 약정(1~2년) 전환 유도
4627-MIHJH,Two year,Fiber optic,0.019458,110.25,0.102487,결합 쿠폰 제공
3280-MRDOF,Two year,DSL,0.004243,69.1,0.102371,기본 유지 혜택 제공
7901-IIDQV,One year,DSL,0.005776,54.6,0.102355,기본 유지 혜택 제공
3752-CQSJI,Month-to-month,No,0.001325,20.45,0.102219,장기 약정(1~2년) 전환 유도
3982-DQLUS,Month-to-month,Fiber optic,0.010473,85.75,0.102181,장기 약정(1~2년) 전환 유도 및 결합 쿠폰 제공
6598-RFFVI,One year,No,0.003459,19.3,0.102159,기본 유지 혜택 제공
5872-OEQNH,One year,DSL,0.006162,44.45,0.101961,기본 유지 혜택 제공
9481-SFCQY,Month-to-month,DSL,0.005341,59.8,0.101781,장기 약정(1~2년) 전환 유도
1735-XMJVH,Month-to-month,No,0.001965,19.35,0.101742,장기 약정(1~2년) 전환 유도
9251-WNSOD,One year,DSL,0.007751,75.1,0.101697,기본 유지 혜택 제공
6837-BJYDQ,One year,No,0.003865,19.6,0.101602,기본 유지 혜택 제공
1088-CNNKB,One year,DSL,0.006802,80.0,0.101417,기본 유지 혜택 제공
8198-RKSZG,Month-to-month,DSL,0.007511,80.45,0.101199,장기 약정(1~2년) 전환 유도
7876-AEHIG,One year,DSL,0.005681,60.15,0.101009,기본 유지 혜택 제공
2959-EEXWB,Month-to-month,DSL,0.003896,50.9,0.100573,장기 약정(1~2년) 전환 유도
1984-GPTEH,Month-to-month,No,0.002848,25.15,0.10033,장기 약정(1~2년) 전환 유도
7217-JYHOQ,Month-to-month,DSL,0.007672,70.3,0.100317,장기 약정(1~2년) 전환 유도
7923-IYJWY,Two year,Fiber optic,0.016019,116.1,0.10031,결합 쿠폰 제공
5546-BYZSM,Month-to-month,No,0.002223,20.45,0.100136,장기 약정(1~2년) 전환 유도
7771-ZONAT,Two year,DSL,0.002947,56.75,0.100085,기본 유지 혜택 제공
5414-OFQCB,Two year,Fiber optic,0.014277,90.45,0.099913,결합 쿠폰 제공
8930-XOTDP,Month-to-month,DSL,0.010142,55.95,0.099782,장기 약정(1~2년) 전환 유도
2450-ZKEED,One year,DSL,0.006115,53.8,0.099585,기본 유지 혜택 제공
8107-RZLNV,Two year,Fiber optic,0.017088,106.3,0.099457,결합 쿠폰 제공
6727-IOTLZ,Two year,DSL,0.011199,81.95,0.099365,기본 유지 혜택 제공
2164-SOQXL,Month-to-month,No,0.003713,20.05,0.099282,장기 약정(1~2년) 전환 유도
5898-IGSLP,Month-to-month,Fiber optic,0.006001,89.3,0.099236,장기 약정(1~2년) 전환 유도 및 결합 쿠폰 제공
2096-XOTMO,Month-to-month,No,0.003328,19.35,0.099131,장기 약정(1~2년) 전환 유도
7812-FZHPE,Month-to-month,No,0.002821,24.1,0.099111,장기 약정(1~2년) 전환 유도
1226-JZNKR,One year,No,0.002082,19.8,0.09908,기본 유지 혜택 제공
4922-CVPDX,Two year,DSL,0.010306,73.5,0.098964,기본 유지 혜택 제공
3011-WQKSZ,Month-to-month,No,0.002299,20.0,0.09894,장기 약정(1~2년) 전환 유도
0384-LPITE,One year,DSL,0.006502,62.05,0.098757,기본 유지 혜택 제공
2578-JQPHZ,Two year,Fiber optic,0.013728,100.1,0.098699,결합 쿠폰 제공
0980-PVMRC,Month-to-month,DSL,0.012251,50.85,0.098377,장기 약정(1~2년) 전환 유도
4355-HBJHH,Two year,DSL,0.013066,79.7,0.09836,기본 유지 혜택 제공
7576-JMYWV,Month-to-month,Fiber optic,0.008341,110.2,0.09836,장기 약정(1~2년) 전환 유도 및 결합 쿠폰 제공
6408-OTUBZ,One year,Fiber optic,0.009165,104.55,0.098328,결합 쿠폰 제공
6202-JVYEU,One year,No,0.002317,19.9,0.098278,기본 유지 혜택 제공
7929-SKFGK,Two year,Fiber optic,0.017619,114.3,0.098271,결합 쿠폰 제공
1936-UAFEH,Two year,Fiber optic,0.015692,110.25,0.098256,결합 쿠폰 제공
2316-ESMLS,One year,DSL,0.007133,33.15,0.098197,기본 유지 혜택 제공
5442-BXVND,Month-to-month,No,0.002807,24.25,0.098124,장기 약정(1~2년) 전환 유도
3915-ODIYG,One year,DSL,0.008442,71.75,0.09812,기본 유지 혜택 제공
8879-ZKJOF,One year,DSL,0.010681,79.85,0.097997,기본 유지 혜택 제공
9730-DRTMJ,One year,DSL,0.009942,72.8,0.097977,기본 유지 혜택 제공
7691-XVTZH,Two year,Fiber optic,0.008256,89.95,0.097971,결합 쿠폰 제공
3224-DFQNQ,One year,Fiber optic,0.007189,89.0,0.097707,결합 쿠폰 제공
6319-QSUSR,Month-to-month,No,0.002224,19.7,0.097652,장기 약정(1~2년) 전환 유도
6257-DTAYD,Two year,Fiber optic,0.01123,104.15,0.09756,결합 쿠폰 제공
1183-CANVH,One year,DSL,0.014454,60.0,0.097431,기본 유지 혜택 제공
8815-LMFLX,Month-to-month,No,0.002455,25.4,0.097389,장기 약정(1~2년) 전환 유도
3055-VTCGS,One year,DSL,0.007052,58.55,0.097272,기본 유지 혜택 제공
3404-JNXAX,Month-to-month,Fiber optic,0.013888,80.75,0.097237,장기 약정(1~2년) 전환 유도 및 결합 쿠폰 제공
7945-HLKEA,One year,DSL,0.005053,64.75,0.097225,기본 유지 혜택 제공
8387-UGUSU,Month-to-month,No,0.001959,20.05,0.097179,장기 약정(1~2년) 전환 유도
1397-XKKWR,One year,DSL,0.004754,35.3,0.096965,기본 유지 혜택 제공
3190-FZATL,Month-to-month,No,0.002218,19.95,0.096753,장기 약정(1~2년) 전환 유도
9209-NWPGU,One year,DSL,0.034709,65.4,0.096726,기본 유지 혜택 제공
3259-KNMRR,Two year,DSL,0.013269,79.75,0.096588,기본 유지 혜택 제공
5855-EIBDE,Two year,Fiber optic,0.013236,106.65,0.096398,결합 쿠폰 제공
2294-SALNE,One year,Fiber optic,0.011545,86.8,0.096396,결합 쿠폰 제공
5176-LDKUH,One year,Fiber optic,0.004418,75.15,0.096219,결합 쿠폰 제공
0907-HQNTS,Two year,Fiber optic,0.014191,113.0,0.096214,결합 쿠폰 제공
1936-CZAKF,Two year,DSL,0.005665,49.65,0.096184,기본 유지 혜택 제공
0594-UFTUL,Month-to-month,No,0.001655,19.85,0.096127,장기 약정(1~2년) 전환 유도
3658-QQJYD,One year,DSL,0.008077,74.3,0.095902,기본 유지 혜택 제공
1061-PNTHC,Month-to-month,Fiber optic,0.008297,109.6,0.09584,장기 약정(1~2년) 전환 유도 및 결합 쿠폰 제공
8929-KSWIH,Two year,Fiber optic,0.011747,99.3,0.095415,결합 쿠폰 제공
5989-AXPUC,Two year,Fiber optic,0.014393,118.6,0.095193,결합 쿠폰 제공
9330-DHBFL,One year,DSL,0.004983,66.25,0.095052,기본 유지 혜택 제공
4039-PIMHX,Two year,DSL,0.007736,49.8,0.094999,기본 유지 혜택 제공
1325-USMEC,Two year,Fiber optic,0.015972,99.35,0.094877,결합 쿠폰 제공
4547-FZJWE,One year,DSL,0.009245,59.45,0.094807,기본 유지 혜택 제공
1452-XRSJV,Month-to-month,DSL,0.008274,51.05,0.09467,장기 약정(1~2년) 전환 유도
6933-FHBZC,One year,DSL,0.006728,56.05,0.094635,기본 유지 혜택 제공
2402-TAIRZ,One year,Fiber optic,0.014367,80.05,0.094596,결합 쿠폰 제공
5555-RNPGT,Month-to-month,No,0.00356,24.8,0.094578,장기 약정(1~2년) 전환 유도
2469-DTSGX,Two year,Fiber optic,0.008536,111.65,0.094467,결합 쿠폰 제공
9762-YAQAA,One year,Fiber optic,0.011445,81.4,0.094451,결합 쿠폰 제공
0547-HURJB,Month-to-month,No,0.002451,21.05,0.094328,장기 약정(1~2년) 전환 유도
8313-AFGBW,Two year,DSL,0.014281,73.6,0.094216,기본 유지 혜택 제공
0866-QLSIR,One year,DSL,0.009488,64.4,0.094141,기본 유지 혜택 제공
7595-EHCDL,Month-to-month,DSL,0.007448,50.6,0.094132,장기 약정(1~2년) 전환 유도
6435-VWCCY,Two year,Fiber optic,0.013744,92.7,0.09398,결합 쿠폰 제공
8734-FNWVH,Month-to-month,DSL,0.007556,59.7,0.093828,장기 약정(1~2년) 전환 유도
9522-ZSINC,One year,No,0.002219,19.95,0.093686,기본 유지 혜택 제공
3750-YHRYO,One year,No,0.001944,20.65,0.093433,기본 유지 혜택 제공
8405-IGQFX,One year,Fiber optic,0.008942,90.05,0.093333,결합 쿠폰 제공
5448-VWNAM,Month-to-month,DSL,0.013887,75.9,0.093288,장기 약정(1~2년) 전환 유도
2558-BUOZZ,One year,Fiber optic,0.015343,94.8,0.09313,결합 쿠폰 제공
6164-HXUGH,Month-to-month,No,0.001976,19.85,0.093041,장기 약정(1~2년) 전환 유도
3397-AVTKU,Two year,DSL,0.004401,60.0,0.092909,기본 유지 혜택 제공
7989-VCQOH,Month-to-month,DSL,0.012805,83.25,0.092861,장기 약정(1~2년) 전환 유도
4054-CUMIA,Month-to-month,No,0.002475,20.25,0.092705,장기 약정(1~2년) 전환 유도
0657-DOGUM,One year,DSL,0.005076,60.6,0.092532,기본 유지 혜택 제공
7746-QYVCO,One year,DSL,0.009748,55.85,0.092196,기본 유지 혜택 제공
9000-PLFUZ,Two year,DSL,0.008335,49.45,0.092152,기본 유지 혜택 제공
1410-RSCMR,Month-to-month,DSL,0.012192,71.35,0.092107,장기 약정(1~2년) 전환 유도
4353-HYOJD,Month-to-month,DSL,0.006196,49.85,0.092073,장기 약정(1~2년) 전환 유도
4418-LZMSV,Month-to-month,DSL,0.011996,61.8,0.092065,장기 약정(1~2년) 전환 유도
7055-JCGNI,Two year,Fiber optic,0.013477,111.95,0.092022,결합 쿠폰 제공
9904-EHEVJ,Month-to-month,Fiber optic,0.014621,91.35,0.092016,장기 약정(1~2년) 전환 유도 및 결합 쿠폰 제공
5934-TSSAU,Month-to-month,Fiber optic,0.01893,75.3,0.091953,장기 약정(1~2년) 전환 유도 및 결합 쿠폰 제공
8735-NBLWT,Month-to-month,No,0.002345,20.4,0.091946,장기 약정(1~2년) 전환 유도
9995-HOTOH,Two year,DSL,0.007409,59.0,0.091824,기본 유지 혜택 제공
0742-LAFQK,Two year,Fiber optic,0.010421,99.15,0.091527,결합 쿠폰 제공
7356-AYNJP,One year,No,0.002555,23.9,0.091507,기본 유지 혜택 제공
6506-EYCNH,Month-to-month,No,0.002978,19.55,0.09145,장기 약정(1~2년) 전환 유도
1641-BYBTK,Month-to-month,No,0.004018,20.2,0.091229,장기 약정(1~2년) 전환 유도
7581-EBBOU,One year,DSL,0.006847,70.15,0.091125,기본 유지 혜택 제공
3249-VHRIP,Two year,DSL,0.005783,43.6,0.091088,기본 유지 혜택 제공
7654-YWJUF,One year,Fiber optic,0.010289,84.25,0.090942,결합 쿠폰 제공
4712-UYOOI,Month-to-month,No,0.00221,20.0,0.090906,장기 약정(1~2년) 전환 유도
6461-PPAXN,One year,DSL,0.006269,54.95,0.0909,기본 유지 혜택 제공
2239-CGBUZ,One year,DSL,0.007099,60.5,0.090893,기본 유지 혜택 제공
7029-IJEJK,One year,DSL,0.009424,44.1,0.090882,기본 유지 혜택 제공
2811-POVEX,Month-to-month,Fiber optic,0.014192,88.45,0.090751,장기 약정(1~2년) 전환 유도 및 결합 쿠폰 제공
1043-UXOVO,Two year,Fiber optic,0.009988,113.15,0.09069,결합 쿠폰 제공
0377-JBKKT,Month-to-month,DSL,0.005072,57.95,0.090685,장기 약정(1~2년) 전환 유도
7317-GGVPB,Two year,Fiber optic,0.012587,108.6,0.090581,결합 쿠폰 제공
0104-PPXDV,One year,DSL,0.009764,50.3,0.090298,기본 유지 혜택 제공
2522-WLNSF,One year,DSL,0.005396,64.2,0.090288,기본 유지 혜택 제공
4946-EDSEW,Month-to-month,No,0.003167,19.25,0.090131,장기 약정(1~2년) 전환 유도
8963-MQVYN,Month-to-month,No,0.005287,20.55,0.089919,장기 약정(1~2년) 전환 유도
7587-AOVVU,Month-to-month,Fiber optic,0.022762,100.75,0.089694,장기 약정(1~2년) 전환 유도 및 결합 쿠폰 제공
6195-MELTI,One year,DSL,0.004599,54.65,0.089681,기본 유지 혜택 제공
0080-EMYVY,One year,DSL,0.007517,51.45,0.089397,기본 유지 혜택 제공
3733-UOCWF,One year,Fiber optic,0.008922,85.55,0.089178,결합 쿠폰 제공
5203-XEHAX,One year,DSL,0.016337,64.35,0.089124,기본 유지 혜택 제공
1492-QGCLU,Month-to-month,DSL,0.008421,85.7,0.089092,장기 약정(1~2년) 전환 유도
8123-QBNAZ,Month-to-month,Fiber optic,0.011923,104.5,0.088901,장기 약정(1~2년) 전환 유도 및 결합 쿠폰 제공
5038-ETMLM,Two year,Fiber optic,0.020387,113.65,0.088687,결합 쿠폰 제공
4667-QONEA,One year,DSL,0.006635,74.85,0.088627,기본 유지 혜택 제공
9845-PEEKO,Two year,Fiber optic,0.010404,79.2,0.088623,결합 쿠폰 제공
7088-FBAWU,Month-to-month,DSL,0.025287,74.55,0.088487,장기 약정(1~2년) 전환 유도
3387-PLKUI,Month-to-month,No,0.001294,18.8,0.088388,장기 약정(1~2년) 전환 유도
5278-PNYOX,Two year,Fiber optic,0.009364,100.65,0.088274,결합 쿠폰 제공
7094-MSZAO,Month-to-month,No,0.001789,20.05,0.088102,장기 약정(1~2년) 전환 유도
2511-MORQY,One year,DSL,0.006987,54.9,0.088085,기본 유지 혜택 제공
7110-BDTWG,Two year,DSL,0.003376,47.05,0.087979,기본 유지 혜택 제공
2351-RRBUE,One year,No,0.004989,20.65,0.087979,기본 유지 혜택 제공
0454-OKRCT,Two year,Fiber optic,0.003997,80.6,0.087751,결합 쿠폰 제공
0074-HDKDG,One year,DSL,0.005731,61.6,0.087748,기본 유지 혜택 제공
7492-TAFJD,Two year,DSL,0.004035,38.55,0.08765,기본 유지 혜택 제공
2672-TGEFF,Month-to-month,Fiber optic,0.024127,88.8,0.087458,장기 약정(1~2년) 전환 유도 및 결합 쿠폰 제공
1171-TYKUR,Month-to-month,No,0.003004,25.4,0.087411,장기 약정(1~2년) 전환 유도
4697-LUPSU,One year,No,0.002804,20.2,0.087238,기본 유지 혜택 제공
0872-CASZJ,One year,DSL,0.011796,69.1,0.087135,기본 유지 혜택 제공
9680-NIAUV,Two year,Fiber optic,0.008707,109.7,0.087114,결합 쿠폰 제공
5954-BDFSG,Two year,Fiber optic,0.011946,107.5,0.087056,결합 쿠폰 제공
8311-UEUAB,Two year,DSL,0.011371,75.5,0.086893,기본 유지 혜택 제공
0292-WEGCH,Month-to-month,DSL,0.010961,86.2,0.086848,장기 약정(1~2년) 전환 유도
5504-WSIUR,One year,Fiber optic,0.005677,90.25,0.086832,결합 쿠폰 제공
2368-GAKKQ,Two year,Fiber optic,0.0139,113.65,0.086471,결합 쿠폰 제공
7777-UNYHB,Month-to-month,No,0.005461,20.1,0.086449,장기 약정(1~2년) 전환 유도
5061-PBXFW,Month-to-month,DSL,0.003765,61.4,0.086168,장기 약정(1~2년) 전환 유도
4464-JCOLN,One year,No,0.004537,19.85,0.085875,기본 유지 혜택 제공
0516-UXRMT,One year,Fiber optic,0.012652,92.05,0.085824,결합 쿠폰 제공
0701-RFGFI,Month-to-month,Fiber optic,0.009922,95.4,0.085637,장기 약정(1~2년) 전환 유도 및 결합 쿠폰 제공
0487-VVUVK,Month-to-month,No,0.001863,19.15,0.085594,장기 약정(1~2년) 전환 유도
0022-TCJCI,One year,DSL,0.005922,62.7,0.085474,기본 유지 혜택 제공
5574-NXZIU,Two year,Fiber optic,0.016552,109.2,0.08525,결합 쿠폰 제공
9610-WCESF,Two year,DSL,0.006442,43.9,0.085147,기본 유지 혜택 제공
2040-OBMLJ,One year,Fiber optic,0.007139,81.7,0.085118,결합 쿠폰 제공
4598-ZADCK,One year,DSL,0.00711,53.6,0.085005,기본 유지 혜택 제공
9146-JRIOX,Month-to-month,No,0.002162,25.55,0.084994,장기 약정(1~2년) 전환 유도
7107-UBYKY,Month-to-month,No,0.003211,25.75,0.084868,장기 약정(1~2년) 전환 유도
7520-HQWJU,Month-to-month,DSL,0.012078,67.45,0.084833,장기 약정(1~2년) 전환 유도
4450-MDZFX,Month-to-month,Fiber optic,0.009242,74.35,0.084827,장기 약정(1~2년) 전환 유도 및 결합 쿠폰 제공
5709-LVOEQ,Two year,DSL,0.007938,80.85,0.084758,기본 유지 혜택 제공
6296-DDOOR,One year,DSL,0.004764,58.2,0.084669,기본 유지 혜택 제공
9917-KWRBE,One year,DSL,0.005933,78.35,0.084666,기본 유지 혜택 제공
6500-JVEGC,One year,Fiber optic,0.013238,101.35,0.084662,결합 쿠폰 제공
9470-YFUYI,One year,DSL,0.035919,71.0,0.08445,기본 유지 혜택 제공
2434-EEVDB,Two year,Fiber optic,0.018975,94.6,0.084285,결합 쿠폰 제공
8668-KNZTI,One year,DSL,0.00637,53.75,0.084027,기본 유지 혜택 제공
3474-BAFSJ,Two year,DSL,0.00639,57.5,0.083962,기본 유지 혜택 제공
6016-LVTJQ,Month-to-month,No,0.003375,20.65,0.083916,장기 약정(1~2년) 전환 유도
8059-UDZFY,Month-to-month,Fiber optic,0.02192,105.35,0.08364,장기 약정(1~2년) 전환 유도 및 결합 쿠폰 제공
8089-UZWLX,Two year,Fiber optic,0.021847,104.05,0.08352,결합 쿠폰 제공
9040-KZVWO,One year,Fiber optic,0.0117,75.5,0.083484,결합 쿠폰 제공
9139-TWBAS,One year,DSL,0.018523,47.85,0.083348,기본 유지 혜택 제공
4859-ZSRDZ,Two year,DSL,0.006079,55.5,0.083219,기본 유지 혜택 제공
3957-HHLMR,One year,DSL,0.009835,65.2,0.083146,기본 유지 혜택 제공
2580-ASVVY,Two year,DSL,0.007806,45.4,0.083094,기본 유지 혜택 제공
3280-NMUVX,One year,No,0.002681,19.6,0.083074,기본 유지 혜택 제공
6682-VCIXC,One year,DSL,0.007905,51.25,0.083038,기본 유지 혜택 제공
8434-PNQZX,Two year,DSL,0.006441,78.45,0.082978,기본 유지 혜택 제공
0129-QMPDR,One year,No,0.002842,20.5,0.082923,기본 유지 혜택 제공
9959-WOFKT,Two year,Fiber optic,0.017318,106.7,0.08292,결합 쿠폰 제공
6661-EIPZC,Month-to-month,DSL,0.004233,29.5,0.08287,장기 약정(1~2년) 전환 유도
0164-APGRB,Two year,Fiber optic,0.014596,114.9,0.082608,결합 쿠폰 제공
6476-YHMGA,Month-to-month,DSL,0.013444,76.5,0.082448,장기 약정(1~2년) 전환 유도
0913-XWSCN,Month-to-month,Fiber optic,0.009619,85.5,0.082364,장기 약정(1~2년) 전환 유도 및 결합 쿠폰 제공
3926-YZVVX,One year,DSL,0.009837,50.05,0.082259,기본 유지 혜택 제공
2040-LDIWQ,Two year,DSL,0.009299,84.2,0.082039,기본 유지 혜택 제공
5060-TQUQN,Month-to-month,Fiber optic,0.008776,83.55,0.081951,장기 약정(1~2년) 전환 유도 및 결합 쿠폰 제공
5468-BPMMO,Month-to-month,No,0.001943,19.6,0.081913,장기 약정(1~2년) 전환 유도
6827-IEAUQ,One year,DSL,0.007559,66.15,0.081802,기본 유지 혜택 제공
5304-EFJLP,Two year,Fiber optic,0.022405,111.65,0.081573,결합 쿠폰 제공
1684-FLBGS,Month-to-month,DSL,0.008719,69.5,0.081365,장기 약정(1~2년) 전환 유도
4830-FAXFM,Month-to-month,No,0.002779,24.1,0.081206,장기 약정(1~2년) 전환 유도
9127-QRZMH,One year,DSL,0.006983,59.85,0.081194,기본 유지 혜택 제공
5777-KJIRB,One year,DSL,0.003163,50.25,0.081129,기본 유지 혜택 제공
5716-EZXZN,Two year,Fiber optic,0.006952,99.05,0.081105,결합 쿠폰 제공
2129-ALKBS,Month-to-month,No,0.007847,26.2,0.081088,장기 약정(1~2년) 전환 유도
3340-QBBFM,One year,DSL,0.005718,54.1,0.080981,기본 유지 혜택 제공
5090-EMGTC,Two year,Fiber optic,0.006393,100.05,0.080914,결합 쿠폰 제공
0993-OSGPT,One year,DSL,0.014406,60.65,0.080897,기본 유지 혜택 제공
8552-OBVRU,Month-to-month,Fiber optic,0.024077,104.5,0.080845,장기 약정(1~2년) 전환 유도 및 결합 쿠폰 제공
5307-UVGNB,Month-to-month,DSL,0.007098,48.7,0.080817,장기 약정(1~2년) 전환 유도
5339-TJFEK,Month-to-month,Fiber optic,0.015278,105.5,0.080762,장기 약정(1~2년) 전환 유도 및 결합 쿠폰 제공
8630-QSGXK,Two year,DSL,0.013576,75.2,0.080737,기본 유지 혜택 제공
5671-RQRLP,Two year,Fiber optic,0.012521,75.65,0.080624,결합 쿠폰 제공
1794-SWWKL,Month-to-month,DSL,0.015153,59.65,0.080623,장기 약정(1~2년) 전환 유도
4456-RHSNB,Month-to-month,DSL,0.022379,49.6,0.080622,장기 약정(1~2년) 전환 유도
9359-UGBTK,One year,DSL,0.009966,72.35,0.080323,기본 유지 혜택 제공
8189-DUKMV,One year,No,0.001578,20.5,0.08029,기본 유지 혜택 제공
7994-XIRTR,One year,DSL,0.005726,65.25,0.08019,기본 유지 혜택 제공
1271-UODNO,Two year,DSL,0.004232,53.85,0.080156,기본 유지 혜택 제공
1043-YCUTE,Two year,No,0.0028,25.15,0.080039,기본 유지 혜택 제공
7997-EASSD,One year,Fiber optic,0.006662,81.2,0.080026,결합 쿠폰 제공
1568-LJSZU,Two year,DSL,0.013414,92.2,0.080004,기본 유지 혜택 제공
8752-IMQOS,One year,No,0.002558,20.1,0.079907,기본 유지 혜택 제공
8879-XUAHX,Two year,Fiber optic,0.011358,116.25,0.079666,결합 쿠폰 제공
5512-IDZEI,One year,No,0.003538,24.9,0.0796,기본 유지 혜택 제공
5397-TUPSH,One year,Fiber optic,0.007884,70.95,0.079475,결합 쿠폰 제공
2282-YGNOR,One year,DSL,0.008062,58.0,0.079393,기본 유지 혜택 제공
4001-TSBTV,Month-to-month,Fiber optic,0.012798,91.55,0.079338,장기 약정(1~2년) 전환 유도 및 결합 쿠폰 제공
9906-NHHVC,Two year,DSL,0.013583,53.5,0.079337,기본 유지 혜택 제공
7426-WEIJX,Month-to-month,Fiber optic,0.00604,80.95,0.079314,장기 약정(1~2년) 전환 유도 및 결합 쿠폰 제공
5173-ZXXXL,One year,No,0.001732,19.95,0.079291,기본 유지 혜택 제공
4560-WQAQW,One year,DSL,0.014971,68.7,0.079075,기본 유지 혜택 제공
5846-QFDFI,Month-to-month,Fiber optic,0.00743,88.6,0.079067,장기 약정(1~2년) 전환 유도 및 결합 쿠폰 제공
1334-PDUKM,One year,Fiber optic,0.006787,86.45,0.078901,결합 쿠폰 제공
4198-VFOEA,One year,DSL,0.004853,33.6,0.078661,기본 유지 혜택 제공
3442-ZHHCC,One year,DSL,0.010502,76.9,0.078646,기본 유지 혜택 제공
9770-KXGQU,One year,Fiber optic,0.009744,98.6,0.078621,결합 쿠폰 제공
9924-JPRMC,Two year,Fiber optic,0.016282,118.2,0.078567,결합 쿠폰 제공
9909-IDLEK,Month-to-month,Fiber optic,0.005904,96.8,0.078473,장기 약정(1~2년) 전환 유도 및 결합 쿠폰 제공
1474-JUWSM,One year,DSL,0.010916,68.4,0.078309,기본 유지 혜택 제공
0788-DXBFY,One year,No,0.002322,19.55,0.078219,기본 유지 혜택 제공
6131-IUNXN,Month-to-month,No,0.001855,20.2,0.078138,장기 약정(1~2년) 전환 유도
7089-RKVSZ,One year,No,0.005885,24.4,0.078104,기본 유지 혜택 제공
2192-OZITF,Two year,DSL,0.008114,73.55,0.078062,기본 유지 혜택 제공
7244-QWYHG,One year,DSL,0.005621,44.45,0.078035,기본 유지 혜택 제공
9541-PWTWO,Two year,DSL,0.020555,80.95,0.078014,기본 유지 혜택 제공
2683-JXWQQ,Month-to-month,DSL,0.004881,33.6,0.077955,장기 약정(1~2년) 전환 유도
3740-RLMVT,One year,DSL,0.005244,60.95,0.07794,기본 유지 혜택 제공
5753-QQWPW,One year,DSL,0.005222,59.9,0.077911,기본 유지 혜택 제공
6674-KVJHG,One year,No,0.002859,25.2,0.077898,기본 유지 혜택 제공
3146-JTQHR,One year,No,0.001665,19.6,0.077884,기본 유지 혜택 제공
3530-VWVGU,Month-to-month,No,0.002039,19.9,0.077879,장기 약정(1~2년) 전환 유도
5327-XOKKY,Two year,DSL,0.011712,73.45,0.077835,기본 유지 혜택 제공
3518-FSTWG,Two year,Fiber optic,0.019034,109.55,0.077657,결합 쿠폰 제공
8378-LKJAF,Month-to-month,Fiber optic,0.012165,101.15,0.077575,장기 약정(1~2년) 전환 유도 및 결합 쿠폰 제공
3239-TPHPZ,Two year,No,0.002667,20.05,0.077536,기본 유지 혜택 제공
0604-THJFP,Two year,DSL,0.004287,75.95,0.077482,기본 유지 혜택 제공
5820-PTRYM,One year,DSL,0.006351,68.45,0.077423,기본 유지 혜택 제공
9297-FVVDH,Two year,DSL,0.015901,84.5,0.07741,기본 유지 혜택 제공
5641-DMBFJ,Two year,DSL,0.012985,84.3,0.077144,기본 유지 혜택 제공
6252-DFGTK,One year,DSL,0.010242,68.1,0.07673,기본 유지 혜택 제공
9089-UOWJG,Month-to-month,DSL,0.006763,58.35,0.076473,장기 약정(1~2년) 전환 유도
4277-UDIEF,Month-to-month,DSL,0.009033,81.0,0.076443,장기 약정(1~2년) 전환 유도
8184-WMOFI,One year,DSL,0.018141,71.4,0.076424,기본 유지 혜택 제공
4803-LBYPN,Month-to-month,No,0.00256,20.8,0.076237,장기 약정(1~2년) 전환 유도
7446-SFAOA,One year,No,0.002875,19.85,0.0762,기본 유지 혜택 제공
9732-OUYRN,One year,No,0.001705,19.0,0.076194,기본 유지 혜택 제공
1247-QBVSH,Month-to-month,DSL,0.007695,50.2,0.076176,장기 약정(1~2년) 전환 유도
9619-GSATL,One year,DSL,0.049906,55.45,0.076094,기본 유지 혜택 제공
4660-IRIBM,Month-to-month,Fiber optic,0.011718,87.9,0.076064,장기 약정(1~2년) 전환 유도 및 결합 쿠폰 제공
3354-OADJP,One year,DSL,0.006416,54.25,0.076035,기본 유지 혜택 제공
6211-WWLTF,Two year,Fiber optic,0.014735,99.7,0.075965,결합 쿠폰 제공
4973-RLZVI,One year,DSL,0.017331,74.65,0.075926,기본 유지 혜택 제공
9894-QMIMJ,One year,DSL,0.006506,55.8,0.075844,기본 유지 혜택 제공
8727-XDPUD,Two year,DSL,0.004076,35.8,0.075742,기본 유지 혜택 제공
7951-QKZPL,Two year,No,0.002108,24.5,0.075501,기본 유지 혜택 제공
3378-AJRAO,One year,No,0.003016,24.85,0.075463,기본 유지 혜택 제공
7148-XZPHA,Month-to-month,Fiber optic,0.010648,79.4,0.075042,장기 약정(1~2년) 전환 유도 및 결합 쿠폰 제공
9720-JJJOR,One year,DSL,0.010368,60.3,0.07501,기본 유지 혜택 제공
3800-LYTRK,One year,DSL,0.008131,55.7,0.074988,기본 유지 혜택 제공
1154-HYWWO,One year,DSL,0.007565,70.6,0.074964,기본 유지 혜택 제공
4115-UMJFQ,One year,DSL,0.002837,35.75,0.074912,기본 유지 혜택 제공
3739-YBWAB,One year,DSL,0.005637,35.35,0.074699,기본 유지 혜택 제공
0233-FTHAV,One year,Fiber optic,0.01246,79.2,0.074592,결합 쿠폰 제공
6869-FGJJC,One year,Fiber optic,0.012952,79.6,0.07459,결합 쿠폰 제공
0357-NVCRI,Month-to-month,No,0.003251,20.05,0.074557,장기 약정(1~2년) 전환 유도
0373-AIVNJ,One year,DSL,0.008143,39.55,0.074531,기본 유지 혜택 제공
4393-OBCRR,One year,No,0.002632,20.25,0.074528,기본 유지 혜택 제공
9575-IWCAZ,One year,No,0.001929,25.1,0.074473,기본 유지 혜택 제공
5844-QVTAT,One year,DSL,0.004773,58.45,0.074453,기본 유지 혜택 제공
2364-UFROM,One year,DSL,0.006374,70.4,0.074356,기본 유지 혜택 제공
5777-ZPQNC,One year,No,0.002344,20.15,0.074094,기본 유지 혜택 제공
0392-BZIUW,Two year,Fiber optic,0.019134,105.0,0.07396,결합 쿠폰 제공
9313-CDOGY,Month-to-month,No,0.00274,19.6,0.073946,장기 약정(1~2년) 전환 유도
3205-MXZRA,One year,DSL,0.007839,59.45,0.073893,기본 유지 혜택 제공
7803-XOCCZ,Month-to-month,Fiber optic,0.011158,84.05,0.073854,장기 약정(1~2년) 전환 유도 및 결합 쿠폰 제공
9018-PCIOK,Two year,DSL,0.004596,64.75,0.073853,기본 유지 혜택 제공
0248-PGHBZ,Two year,Fiber optic,0.009906,92.45,0.073749,결합 쿠폰 제공
2348-KCJLT,One year,DSL,0.005432,61.5,0.073667,기본 유지 혜택 제공
4884-TVUQF,Two year,Fiber optic,0.010064,101.3,0.073517,결합 쿠폰 제공
0946-FKYTX,One year,DSL,0.004972,30.1,0.073252,기본 유지 혜택 제공
2676-SSLTO,Two year,DSL,0.010389,66.15,0.07302,기본 유지 혜택 제공
8049-WJCLQ,Month-to-month,DSL,0.007895,60.2,0.072966,장기 약정(1~2년) 전환 유도
9362-MWODR,Month-to-month,DSL,0.003999,64.1,0.072951,장기 약정(1~2년) 전환 유도
9926-PJHDQ,Two year,DSL,0.011632,76.8,0.072879,기본 유지 혜택 제공
1022-RKXDR,One year,No,0.004367,24.85,0.072755,기본 유지 혜택 제공
1841-YSJGV,Two year,Fiber optic,0.019324,109.95,0.072739,결합 쿠폰 제공
0178-SZBHO,Month-to-month,Fiber optic,0.014097,87.2,0.072655,장기 약정(1~2년) 전환 유도 및 결합 쿠폰 제공
1038-ZAGBI,One year,No,0.002281,19.8,0.072627,기본 유지 혜택 제공
8681-ICONS,Month-to-month,No,0.002855,20.65,0.072557,장기 약정(1~2년) 전환 유도
1680-VDCWW,One year,No,0.004023,19.8,0.072519,기본 유지 혜택 제공
0257-KXZGU,Month-to-month,DSL,0.00381,62.45,0.072497,장기 약정(1~2년) 전환 유도
6353-BRMMA,Month-to-month,Fiber optic,0.010707,104.1,0.072301,장기 약정(1~2년) 전환 유도 및 결합 쿠폰 제공
9544-PYPSJ,Month-to-month,Fiber optic,0.015167,96.1,0.072296,장기 약정(1~2년) 전환 유도 및 결합 쿠폰 제공
8174-TBVCF,Two year,DSL,0.013291,94.8,0.07227,기본 유지 혜택 제공
4098-NAUKP,Month-to-month,Fiber optic,0.014057,84.65,0.072259,장기 약정(1~2년) 전환 유도 및 결합 쿠폰 제공
6924-TDGMT,One year,No,0.008458,20.55,0.072041,기본 유지 혜택 제공
4404-HIBDJ,One year,DSL,0.005237,74.3,0.071886,기본 유지 혜택 제공
7375-WMVMT,Two year,Fiber optic,0.010807,95.5,0.071872,결합 쿠폰 제공
1162-ECVII,Two year,Fiber optic,0.017983,109.75,0.071668,결합 쿠폰 제공
3400-ESFUW,Two year,DSL,0.002991,57.55,0.071504,기본 유지 혜택 제공
1291-CUOCY,Two year,Fiber optic,0.022629,110.6,0.071284,결합 쿠폰 제공
7311-MQJCH,One year,No,0.001747,19.55,0.071278,기본 유지 혜택 제공
8853-TZDGH,Two year,Fiber optic,0.011117,111.6,0.071225,결합 쿠폰 제공
3161-GETRM,Month-to-month,Fiber optic,0.011251,90.05,0.071161,장기 약정(1~2년) 전환 유도 및 결합 쿠폰 제공
3486-KHMLI,Month-to-month,No,0.004316,24.7,0.071112,장기 약정(1~2년) 전환 유도
4472-LVYGI,Two year,DSL,0.009228,52.55,0.071013,기본 유지 혜택 제공
9388-ZEYVT,One year,DSL,0.006851,44.15,0.070772,기본 유지 혜택 제공
1525-LNLOJ,Two year,DSL,0.017565,63.3,0.070571,기본 유지 혜택 제공
6440-DKQGE,One year,DSL,0.006828,64.5,0.070474,기본 유지 혜택 제공
4565-EVZMJ,One year,DSL,0.005392,58.9,0.07025,기본 유지 혜택 제공
2612-PHGOX,Two year,DSL,0.008682,76.1,0.070115,기본 유지 혜택 제공
2907-ILJBN,One year,No,0.002407,20.6,0.070097,기본 유지 혜택 제공
8680-CGLTP,One year,DSL,0.004558,58.75,0.070066,기본 유지 혜택 제공
2302-OUZXB,Two year,DSL,0.011192,82.15,0.069867,기본 유지 혜택 제공
1760-CAZHT,Month-to-month,No,0.002588,20.8,0.069866,장기 약정(1~2년) 전환 유도
9027-TMATR,Two year,DSL,0.016465,78.8,0.06986,기본 유지 혜택 제공
0334-ZFJSR,One year,DSL,0.00598,66.05,0.06982,기본 유지 혜택 제공
3908-MKIMJ,Two year,DSL,0.007745,41.95,0.06982,기본 유지 혜택 제공
6286-ZHAOK,Month-to-month,No,0.006385,25.55,0.069592,장기 약정(1~2년) 전환 유도
6794-HKIAJ,Month-to-month,Fiber optic,0.006792,90.7,0.069484,장기 약정(1~2년) 전환 유도 및 결합 쿠폰 제공
8646-JCOMS,One year,Fiber optic,0.017765,90.55,0.069468,결합 쿠폰 제공
1877-HKBQX,One year,DSL,0.004854,54.6,0.069439,기본 유지 혜택 제공
8898-KASCD,One year,DSL,0.004711,35.55,0.069401,기본 유지 혜택 제공
4163-NCJAK,One year,No,0.004186,24.45,0.069375,기본 유지 혜택 제공
6266-QHOJZ,One year,Fiber optic,0.011441,89.85,0.069357,결합 쿠폰 제공
1964-SVLEA,One year,No,0.002557,19.7,0.069355,기본 유지 혜택 제공
0089-IIQKO,Month-to-month,Fiber optic,0.019482,99.95,0.069332,장기 약정(1~2년) 전환 유도 및 결합 쿠폰 제공
7010-ZMVBF,Month-to-month,No,0.006349,20.45,0.06917,장기 약정(1~2년) 전환 유도
0111-KLBQG,Month-to-month,Fiber optic,0.021702,93.95,0.06909,장기 약정(1~2년) 전환 유도 및 결합 쿠폰 제공
1952-DVVSW,One year,No,0.002746,20.1,0.069074,기본 유지 혜택 제공
8075-GXIUB,One year,No,0.002105,19.85,0.069035,기본 유지 혜택 제공
4213-HKBJO,Two year,No,0.002484,25.7,0.069028,기본 유지 혜택 제공
5893-PYOLZ,Two year,DSL,0.010433,81.8,0.068981,기본 유지 혜택 제공
7134-HBPBS,Two year,Fiber optic,0.018889,108.1,0.068922,결합 쿠폰 제공
1179-INLAT,One year,No,0.001686,19.45,0.068902,기본 유지 혜택 제공
9220-ZNKJI,Two year,Fiber optic,0.012686,88.8,0.068865,결합 쿠폰 제공
3524-WQDSG,Month-to-month,Fiber optic,0.005119,99.3,0.068817,장기 약정(1~2년) 전환 유도 및 결합 쿠폰 제공
4890-VMUAV,One year,DSL,0.007515,71.5,0.06868,기본 유지 혜택 제공
8065-QBYTO,One year,Fiber optic,0.015726,99.65,0.068654,결합 쿠폰 제공
3705-PSNGL,One year,No,0.001814,20.4,0.068396,기본 유지 혜택 제공
8400-WZICQ,Month-to-month,DSL,0.012258,55.7,0.068329,장기 약정(1~2년) 전환 유도
8080-POTJR,One year,DSL,0.005302,79.3,0.068309,기본 유지 혜택 제공
3161-ONRWK,One year,DSL,0.008161,65.85,0.068301,기본 유지 혜택 제공
4378-BZYFP,One year,No,0.002815,20.5,0.068273,기본 유지 혜택 제공
1866-DIOQZ,One year,DSL,0.007318,66.8,0.068234,기본 유지 혜택 제공
0023-UYUPN,One year,No,0.00395,25.2,0.068174,기본 유지 혜택 제공
6754-LZUKA,Two year,DSL,0.012683,80.9,0.068148,기본 유지 혜택 제공
7801-CEDNV,One year,DSL,0.009113,48.7,0.068124,기본 유지 혜택 제공
6371-NZYEG,Two year,DSL,0.007367,64.25,0.06808,기본 유지 혜택 제공
9880-TDQAC,Two year,DSL,0.009728,60.0,0.06807,기본 유지 혜택 제공
2252-ISRNH,One year,Fiber optic,0.023397,90.35,0.068028,결합 쿠폰 제공
8461-EFQYM,One year,No,0.001669,24.25,0.067946,기본 유지 혜택 제공
1810-MVMAI,Month-to-month,DSL,0.005348,67.6,0.067787,장기 약정(1~2년) 전환 유도
1642-HMARX,Two year,DSL,0.00737,91.7,0.067765,기본 유지 혜택 제공
5977-CKHON,Month-to-month,Fiber optic,0.011045,92.55,0.067677,장기 약정(1~2년) 전환 유도 및 결합 쿠폰 제공
7025-WCBNE,Two year,DSL,0.00553,59.6,0.067664,기본 유지 혜택 제공
4472-VESGY,Month-to-month,Fiber optic,0.014195,98.15,0.067641,장기 약정(1~2년) 전환 유도 및 결합 쿠폰 제공
2550-QHZGP,One year,No,0.004704,19.5,0.067626,기본 유지 혜택 제공
4654-GGUII,One year,DSL,0.004614,40.2,0.067487,기본 유지 혜택 제공
9495-SKLKD,Month-to-month,Fiber optic,0.016501,95.95,0.067427,장기 약정(1~2년) 전환 유도 및 결합 쿠폰 제공
9558-IHEZX,Two year,Fiber optic,0.012249,106.75,0.06731,결합 쿠폰 제공
9555-SAHUZ,Month-to-month,DSL,0.013093,54.5,0.067268,장기 약정(1~2년) 전환 유도
5701-GUXDC,One year,DSL,0.007716,35.4,0.067177,기본 유지 혜택 제공
8332-OSJDW,One year,No,0.005155,26.4,0.066991,기본 유지 혜택 제공
0519-DRGTI,Month-to-month,No,0.002175,20.35,0.066896,장기 약정(1~2년) 전환 유도
9207-ZPANB,One year,DSL,0.011719,67.45,0.066788,기본 유지 혜택 제공
3154-CFSZG,Month-to-month,Fiber optic,0.018543,90.05,0.066714,장기 약정(1~2년) 전환 유도 및 결합 쿠폰 제공
5619-XZZKR,One year,No,0.002937,19.95,0.066707,기본 유지 혜택 제공
8309-PPCED,Two year,Fiber optic,0.011955,110.45,0.06663,결합 쿠폰 제공
5995-WWKKG,One year,No,0.002916,19.8,0.066547,기본 유지 혜택 제공
8869-TORSS,One year,DSL,0.006122,60.35,0.06637,기본 유지 혜택 제공
6508-NJYRO,One year,No,0.001374,18.8,0.066224,기본 유지 혜택 제공
7633-MVPUY,Two year,DSL,0.006792,59.75,0.066179,기본 유지 혜택 제공
7338-ERIVA,One year,DSL,0.008406,45.05,0.066129,기본 유지 혜택 제공
0516-VRYBW,One year,No,0.002825,20.15,0.066075,기본 유지 혜택 제공
7184-LRUUR,One year,DSL,0.011664,65.25,0.066066,기본 유지 혜택 제공
6752-APNJL,Month-to-month,DSL,0.013747,54.5,0.065969,장기 약정(1~2년) 전환 유도
3174-AKMAS,Two year,DSL,0.029322,64.2,0.065799,기본 유지 혜택 제공
5372-FBKBN,Month-to-month,No,0.002455,20.75,0.065738,장기 약정(1~2년) 전환 유도
8909-BOLNL,One year,No,0.001164,21.2,0.065734,기본 유지 혜택 제공
0756-MPZRL,One year,DSL,0.004357,33.7,0.065639,기본 유지 혜택 제공
2091-GPPIQ,Two year,DSL,0.013421,78.95,0.065547,기본 유지 혜택 제공
8752-GHJFU,One year,Fiber optic,0.011016,92.0,0.065436,결합 쿠폰 제공
9987-LUTYD,One year,DSL,0.005736,55.15,0.065266,기본 유지 혜택 제공
3452-FLHYD,One year,No,0.004359,20.95,0.06524,기본 유지 혜택 제공
0083-PIVIK,One year,DSL,0.019628,81.25,0.06515,기본 유지 혜택 제공
9621-OUPYD,One year,No,0.002267,20.2,0.065118,기본 유지 혜택 제공
3512-IZIKN,Two year,DSL,0.011748,65.3,0.064997,기본 유지 혜택 제공
5245-VDBUR,One year,DSL,0.003131,35.45,0.064977,기본 유지 혜택 제공
3082-WQRVY,One year,No,0.003719,19.65,0.064977,기본 유지 혜택 제공
9066-QRSDU,One year,No,0.003162,26.3,0.064892,기본 유지 혜택 제공
4648-YPBTM,Two year,DSL,0.008806,73.9,0.064844,기본 유지 혜택 제공
0617-AQNWT,Two year,DSL,0.007051,47.85,0.064843,기본 유지 혜택 제공
0556-FJEGU,Two year,DSL,0.003587,70.1,0.06482,기본 유지 혜택 제공
2834-JKOOW,One year,DSL,0.011069,45.9,0.06482,기본 유지 혜택 제공
0956-SYCWG,One year,No,0.001444,19.65,0.064592,기본 유지 혜택 제공
5499-ECUTN,One year,DSL,0.011081,66.05,0.064461,기본 유지 혜택 제공
7677-SJJJK,One year,No,0.001303,19.9,0.064446,기본 유지 혜택 제공
8763-KIAFH,One year,No,0.001804,20.55,0.064437,기본 유지 혜택 제공
1036-GUDCL,Month-to-month,DSL,0.005817,79.05,0.064286,장기 약정(1~2년) 전환 유도
8469-SNFFH,One year,DSL,0.012472,79.4,0.06421,기본 유지 혜택 제공
1635-NZATJ,Two year,No,0.002388,25.45,0.064088,기본 유지 혜택 제공
6891-JPYFF,Month-to-month,Fiber optic,0.008386,105.25,0.063933,장기 약정(1~2년) 전환 유도 및 결합 쿠폰 제공
0930-EHUZA,One year,DSL,0.00445,76.35,0.06384,기본 유지 혜택 제공
6516-NKQBO,Two year,DSL,0.009305,81.0,0.063835,기본 유지 혜택 제공
7325-ENZFI,One year,DSL,0.003995,40.3,0.063735,기본 유지 혜택 제공
3551-GAEGL,One year,DSL,0.004493,30.4,0.06373,기본 유지 혜택 제공
7253-UVNDW,Two year,DSL,0.00283,54.35,0.063653,기본 유지 혜택 제공
3778-FOAQW,One year,No,0.001237,20.15,0.06361,기본 유지 혜택 제공
1696-HXOWK,One year,Fiber optic,0.00945,95.65,0.063554,결합 쿠폰 제공
7995-ZHHNZ,One year,DSL,0.007141,56.1,0.063551,기본 유지 혜택 제공
2408-PSJVE,Month-to-month,DSL,0.005879,61.9,0.063485,장기 약정(1~2년) 전환 유도
5260-UMPWX,Month-to-month,No,0.004143,20.25,0.063465,장기 약정(1~2년) 전환 유도
7005-CYUIL,Two year,Fiber optic,0.028101,99.4,0.063428,결합 쿠폰 제공
2581-VKIRT,One year,DSL,0.011241,65.5,0.063292,기본 유지 혜택 제공
9847-HNVGP,One year,No,0.003134,19.95,0.063281,기본 유지 혜택 제공
4709-LKHYG,One year,No,0.002235,20.0,0.063258,기본 유지 혜택 제공
8231-BSWXX,One year,Fiber optic,0.016719,79.05,0.063205,결합 쿠폰 제공
2380-DAMQP,Two year,Fiber optic,0.011851,115.15,0.06311,결합 쿠폰 제공
8883-GRDWQ,One year,DSL,0.004877,54.0,0.063081,기본 유지 혜택 제공
1414-YADCW,Two year,Fiber optic,0.005948,84.6,0.063078,결합 쿠폰 제공
2521-NPUZR,Two year,Fiber optic,0.016105,101.0,0.062995,결합 쿠폰 제공
9570-KYEUA,Two year,Fiber optic,0.007045,99.25,0.062934,결합 쿠폰 제공
2121-JAFOM,Two year,Fiber optic,0.00616,115.55,0.062898,결합 쿠폰 제공
7670-ZBPOQ,One year,DSL,0.007494,61.05,0.062874,기본 유지 혜택 제공
6691-CCIHA,Two year,DSL,0.015307,84.95,0.06276,기본 유지 혜택 제공
3500-NSDOA,Two year,DSL,0.013737,70.8,0.062672,기본 유지 혜택 제공
7032-LMBHI,One year,DSL,0.013922,64.65,0.062645,기본 유지 혜택 제공
0121-SNYRK,One year,DSL,0.017909,35.4,0.062642,기본 유지 혜택 제공
5917-HBSDW,Month-to-month,No,0.001106,19.35,0.062626,장기 약정(1~2년) 전환 유도
7993-NQLJE,Month-to-month,Fiber optic,0.018117,75.1,0.062616,장기 약정(1~2년) 전환 유도 및 결합 쿠폰 제공
2242-MFOTG,One year,Fiber optic,0.006465,80.1,0.062603,결합 쿠폰 제공
4751-ERMAN,Two year,DSL,0.012268,75.4,0.062519,기본 유지 혜택 제공
7963-SHNDT,Two year,DSL,0.002011,39.1,0.062493,기본 유지 혜택 제공
5110-CHOPY,Two year,DSL,0.003918,53.6,0.062441,기본 유지 혜택 제공
3422-WJOYD,One year,DSL,0.003232,54.35,0.062321,기본 유지 혜택 제공
2171-UDMFD,Month-to-month,No,0.003428,19.45,0.062314,장기 약정(1~2년) 전환 유도
6174-NRBTZ,One year,DSL,0.002943,30.75,0.062174,기본 유지 혜택 제공
4999-IEZLT,One year,DSL,0.004877,29.45,0.062144,기본 유지 혜택 제공
6563-VRERX,One year,No,0.001818,20.6,0.062143,기본 유지 혜택 제공
8034-RYTVV,One year,Fiber optic,0.006628,84.25,0.061942,결합 쿠폰 제공
9782-LGXMC,Month-to-month,DSL,0.003979,61.75,0.061877,장기 약정(1~2년) 전환 유도
3413-DHLPB,Month-to-month,Fiber optic,0.017229,103.75,0.061877,장기 약정(1~2년) 전환 유도 및 결합 쿠폰 제공
3115-JPJDD,One year,Fiber optic,0.009397,81.25,0.061764,결합 쿠폰 제공
2126-GSEGL,Two year,DSL,0.008588,84.8,0.061757,기본 유지 혜택 제공
4500-HKANN,Two year,DSL,0.005164,59.7,0.061548,기본 유지 혜택 제공
9861-PDSZP,Two year,Fiber optic,0.019585,108.05,0.061536,결합 쿠폰 제공
6974-DAFLI,One year,No,0.00207,19.7,0.061525,기본 유지 혜택 제공
7435-ZNUYY,One year,No,0.003831,20.6,0.0615,기본 유지 혜택 제공
9225-BZLNZ,Two year,DSL,0.017149,85.25,0.061365,기본 유지 혜택 제공
6194-HBGQN,One year,DSL,0.016854,81.15,0.061306,기본 유지 혜택 제공
6681-ZSEXG,Two year,DSL,0.004581,59.5,0.061269,기본 유지 혜택 제공
2499-AJYUA,Two year,Fiber optic,0.019472,110.8,0.061171,결합 쿠폰 제공
4018-KJYUY,Month-to-month,No,0.003294,20.15,0.061093,장기 약정(1~2년) 전환 유도
4203-QGNZA,Month-to-month,No,0.007541,20.25,0.06105,장기 약정(1~2년) 전환 유도
9498-FIMXL,One year,No,0.002796,19.2,0.060986,기본 유지 혜택 제공
6416-JNVRK,One year,DSL,0.007324,55.65,0.060811,기본 유지 혜택 제공
8329-GWVPJ,Month-to-month,Fiber optic,0.003563,69.75,0.060662,장기 약정(1~2년) 전환 유도 및 결합 쿠폰 제공
7297-DVYGA,One year,No,0.002314,19.85,0.060639,기본 유지 혜택 제공
8884-MRNSU,One year,No,0.003032,19.9,0.060629,기본 유지 혜택 제공
9788-HNGUT,Two year,Fiber optic,0.028815,116.95,0.060601,결합 쿠폰 제공
8809-XKHMD,Two year,Fiber optic,0.014755,100.55,0.0604,결합 쿠폰 제공
7776-QGYJC,Month-to-month,Fiber optic,0.0145,81.5,0.060264,장기 약정(1~2년) 전환 유도 및 결합 쿠폰 제공
3963-RYFNS,Two year,Fiber optic,0.011385,116.45,0.060164,결합 쿠폰 제공
2144-ESWKO,One year,DSL,0.003496,35.2,0.059966,기본 유지 혜택 제공
8361-LBRDI,Two year,No,0.002095,24.35,0.059895,기본 유지 혜택 제공
3166-PNEOF,Two year,DSL,0.007648,86.45,0.059858,기본 유지 혜택 제공
9766-HGEDE,One year,No,0.003362,19.35,0.059756,기본 유지 혜택 제공
1074-AMIOH,Month-to-month,Fiber optic,0.006065,108.25,0.059747,장기 약정(1~2년) 전환 유도 및 결합 쿠폰 제공
2192-CKRLV,Two year,DSL,0.003659,49.2,0.059685,기본 유지 혜택 제공
8595-SIZNC,One year,No,0.003518,25.6,0.059654,기본 유지 혜택 제공
6872-HXFNF,One year,DSL,0.005164,58.35,0.059627,기본 유지 혜택 제공
6260-XLACS,One year,No,0.001398,19.7,0.059621,기본 유지 혜택 제공
8106-GWQOK,Two year,DSL,0.012537,60.0,0.059559,기본 유지 혜택 제공
0378-CJKPV,Two year,Fiber optic,0.008248,112.1,0.059543,결합 쿠폰 제공
3556-BVQGL,One year,No,0.002861,20.0,0.05949,기본 유지 혜택 제공
8406-LNMHF,One year,Fiber optic,0.015162,82.95,0.059424,결합 쿠폰 제공
0595-ITUDF,Month-to-month,Fiber optic,0.007578,91.8,0.059307,장기 약정(1~2년) 전환 유도 및 결합 쿠폰 제공
7353-YOWFP,One year,No,0.00266,20.25,0.059211,기본 유지 혜택 제공
6685-GBWJZ,One year,DSL,0.012265,70.8,0.059193,기본 유지 혜택 제공
2245-ADZFJ,Two year,DSL,0.01993,80.55,0.059187,기본 유지 혜택 제공
1038-RQOST,Month-to-month,No,0.008612,20.6,0.059172,장기 약정(1~2년) 전환 유도
8984-HPEMB,Two year,Fiber optic,0.01648,118.65,0.059098,결합 쿠폰 제공
5975-BAICR,One year,DSL,0.009511,63.7,0.059037,기본 유지 혜택 제공
2680-XKKNJ,One year,DSL,0.003663,58.2,0.05899,기본 유지 혜택 제공
8672-OAUPW,One year,DSL,0.004318,47.85,0.058933,기본 유지 혜택 제공
4872-VXRIL,One year,DSL,0.007257,64.65,0.058867,기본 유지 혜택 제공
6082-OQFBA,One year,No,0.003005,19.65,0.058809,기본 유지 혜택 제공
6810-VCAEX,One year,DSL,0.003514,39.65,0.058708,기본 유지 혜택 제공
4835-YSJMR,Two year,DSL,0.007412,49.8,0.058672,기본 유지 혜택 제공
0707-HOVVN,Two year,DSL,0.009842,75.5,0.058572,기본 유지 혜택 제공
8331-ZXFOE,One year,DSL,0.004104,71.1,0.058569,기본 유지 혜택 제공
8958-JPTRR,One year,No,0.001571,24.3,0.058535,기본 유지 혜택 제공
0979-MOZQI,Two year,DSL,0.004413,39.0,0.058527,기본 유지 혜택 제공
6551-ZCOTS,One year,No,0.002373,24.9,0.058525,기본 유지 혜택 제공
5522-NYKPB,Month-to-month,Fiber optic,0.0192,85.9,0.058501,장기 약정(1~2년) 전환 유도 및 결합 쿠폰 제공
1352-VHKAJ,Month-to-month,DSL,0.009648,71.6,0.058477,장기 약정(1~2년) 전환 유도
5961-VUSRV,One year,No,0.001999,19.35,0.058469,기본 유지 혜택 제공
4909-JOUPP,Two year,Fiber optic,0.013807,109.7,0.05845,결합 쿠폰 제공
4163-HFTUK,One year,No,0.002625,19.1,0.058399,기본 유지 혜택 제공
5876-QMYLD,One year,No,0.006416,20.05,0.058345,기본 유지 혜택 제공
1839-UMACK,One year,No,0.003339,25.05,0.058334,기본 유지 혜택 제공
9805-FILKB,One year,No,0.003586,20.2,0.058262,기본 유지 혜택 제공
2673-ZALNP,One year,No,0.003887,19.9,0.058258,기본 유지 혜택 제공
0042-JVWOJ,One year,No,0.001428,19.6,0.058176,기본 유지 혜택 제공
7501-IWUNG,Two year,DSL,0.008914,73.8,0.058142,기본 유지 혜택 제공
9070-BCKQP,Two year,Fiber optic,0.021723,110.15,0.058049,결합 쿠폰 제공
3347-YJZZE,Month-to-month,DSL,0.008811,80.1,0.058019,장기 약정(1~2년) 전환 유도
8169-SAEJD,Two year,DSL,0.009645,56.55,0.057957,기본 유지 혜택 제공
2798-NYLMZ,Two year,Fiber optic,0.019404,108.55,0.057786,결합 쿠폰 제공
9637-CDTKZ,Two year,Fiber optic,0.023867,114.1,0.057772,결합 쿠폰 제공
1265-HVPZB,One year,DSL,0.008554,66.4,0.057721,기본 유지 혜택 제공
4311-QTTAI,One year,No,0.003112,19.35,0.057559,기본 유지 혜택 제공
0064-YIJGF,Month-to-month,Fiber optic,0.015178,75.75,0.057556,장기 약정(1~2년) 전환 유도 및 결합 쿠폰 제공
8084-OIVBS,One year,No,0.002306,20.0,0.057452,기본 유지 혜택 제공
7449-HVPIV,Month-to-month,Fiber optic,0.008387,90.4,0.057439,장기 약정(1~2년) 전환 유도 및 결합 쿠폰 제공
9239-GZHZE,Two year,Fiber optic,0.012358,113.65,0.057358,결합 쿠폰 제공
4115-BNPJY,Two year,DSL,0.013648,75.55,0.057272,기본 유지 혜택 제공
7269-JISCY,One year,DSL,0.003979,45.05,0.057223,기본 유지 혜택 제공
8573-JGCZW,One year,No,0.003197,19.65,0.05721,기본 유지 혜택 제공
8060-HIWJJ,Two year,DSL,0.009246,86.55,0.057194,기본 유지 혜택 제공
2250-IVBWA,Month-to-month,Fiber optic,0.010915,81.05,0.057171,장기 약정(1~2년) 전환 유도 및 결합 쿠폰 제공
5127-BZENZ,One year,DSL,0.012734,65.2,0.057153,기본 유지 혜택 제공
9253-VIFJQ,One year,DSL,0.011082,67.05,0.057113,기본 유지 혜택 제공
9867-JCZSP,One year,No,0.001844,20.75,0.056976,기본 유지 혜택 제공
1131-ALZWV,One year,No,0.002666,24.6,0.056952,기본 유지 혜택 제공
0853-TWRVK,Two year,Fiber optic,0.019142,105.6,0.056932,결합 쿠폰 제공
5248-KWLAR,Two year,DSL,0.04795,90.35,0.056844,기본 유지 혜택 제공
0835-DUUIQ,One year,No,0.001975,21.05,0.056841,기본 유지 혜택 제공
0422-OHQHQ,One year,No,0.003072,20.55,0.05684,기본 유지 혜택 제공
5546-QUERU,One year,No,0.002259,19.95,0.0568,기본 유지 혜택 제공
9073-ZZIAY,Two year,DSL,0.013044,86.1,0.056745,기본 유지 혜택 제공
4808-YNLEU,One year,DSL,0.012193,62.15,0.056691,기본 유지 혜택 제공
4403-BWPAY,One year,No,0.005645,24.8,0.056621,기본 유지 혜택 제공
5451-MHQOF,One year,No,0.00465,24.45,0.056528,기본 유지 혜택 제공
4980-URKXC,One year,No,0.003287,20.85,0.056392,기본 유지 혜택 제공
7061-OVMIM,One year,No,0.003273,19.55,0.056224,기본 유지 혜택 제공
3823-KYNQY,One year,No,0.003817,24.95,0.056191,기본 유지 혜택 제공
9675-ICXCT,Two year,DSL,0.0131,80.8,0.056091,기본 유지 혜택 제공
8628-MFKAX,Two year,Fiber optic,0.016284,116.75,0.05606,결합 쿠폰 제공
5135-GRQJV,Two year,Fiber optic,0.032247,114.5,0.055972,결합 쿠폰 제공
7817-OMJNA,One year,No,0.002319,20.4,0.055875,기본 유지 혜택 제공
8109-YUOHE,One year,DSL,0.00454,56.1,0.055789,기본 유지 혜택 제공
8871-JLMHM,Two year,Fiber optic,0.017731,90.2,0.055762,결합 쿠폰 제공
0378-XSZPU,One year,DSL,0.006219,60.3,0.055675,기본 유지 혜택 제공
2812-REYAT,One year,No,0.00196,20.05,0.055667,기본 유지 혜택 제공
2926-JEJJC,One year,No,0.001666,20.2,0.055633,기본 유지 혜택 제공
3244-CQPHU,Two year,Fiber optic,0.012924,110.1,0.055556,결합 쿠폰 제공
7649-PHJVR,One year,No,0.002389,19.5,0.055486,기본 유지 혜택 제공
5762-TJXGK,Two year,DSL,0.007353,58.75,0.05546,기본 유지 혜택 제공
3649-JPUGY,Two year,DSL,0.011307,88.6,0.05545,기본 유지 혜택 제공
6893-ODYYE,One year,Fiber optic,0.01281,90.1,0.055374,결합 쿠폰 제공
1552-CZCLL,Month-to-month,No,0.00232,20.0,0.05528,장기 약정(1~2년) 전환 유도
9447-YPTBX,One year,No,0.002672,19.85,0.055121,기본 유지 혜택 제공
6114-TCFID,One year,DSL,0.004014,39.5,0.0551,기본 유지 혜택 제공
0487-CRLZF,Two year,DSL,0.006009,74.45,0.05507,기본 유지 혜택 제공
5914-GXMDA,One year,No,0.006931,19.3,0.055056,기본 유지 혜택 제공
4597-ELFTS,One year,No,0.00335,24.9,0.055047,기본 유지 혜택 제공
4670-TABXH,Two year,Fiber optic,0.016813,109.75,0.055043,결합 쿠폰 제공
0187-WZNAB,Month-to-month,Fiber optic,0.016168,74.4,0.055005,장기 약정(1~2년) 전환 유도 및 결합 쿠폰 제공
5183-KLYEM,Two year,Fiber optic,0.010527,112.75,0.054991,결합 쿠폰 제공
6726-NNFWD,Two year,Fiber optic,0.009394,89.45,0.054955,결합 쿠폰 제공
4425-OWHWB,One year,No,0.002277,19.35,0.054931,기본 유지 혜택 제공
0557-ASKVU,One year,DSL,0.003476,54.4,0.054829,기본 유지 혜택 제공
2749-CTKAJ,One year,No,0.004435,20.15,0.054764,기본 유지 혜택 제공
1544-JJMYL,One year,DSL,0.004772,69.35,0.054736,기본 유지 혜택 제공
6463-MVYRY,Two year,DSL,0.003464,69.85,0.054717,기본 유지 혜택 제공
7277-KAMWT,Two year,No,0.002551,20.0,0.054694,기본 유지 혜택 제공
3115-CZMZD,Two year,No,0.003331,20.25,0.054569,기본 유지 혜택 제공
2388-LAESQ,Two year,Fiber optic,0.020061,114.85,0.054405,결합 쿠폰 제공
7925-PNRGI,Month-to-month,DSL,0.005114,81.3,0.054403,장기 약정(1~2년) 전환 유도
7813-TKCVO,One year,No,0.001497,20.35,0.054402,기본 유지 혜택 제공
9891-NQDBD,One year,No,0.002436,25.55,0.054401,기본 유지 혜택 제공
2682-KEVRP,One year,No,0.005057,20.05,0.054401,기본 유지 혜택 제공
1915-OAKWD,One year,No,0.000941,19.3,0.054379,기본 유지 혜택 제공
8200-LGKSR,Two year,DSL,0.010772,83.2,0.054377,기본 유지 혜택 제공
5602-BVFMK,One year,No,0.003175,19.3,0.05436,기본 유지 혜택 제공
5394-MEITZ,Two year,DSL,0.00553,80.6,0.054334,기본 유지 혜택 제공
2387-KDZQY,One year,No,0.003669,20.1,0.054296,기본 유지 혜택 제공
8792-AOROI,Two year,DSL,0.006168,65.5,0.054282,기본 유지 혜택 제공
8076-FEZKJ,One year,No,0.002013,19.5,0.054243,기본 유지 혜택 제공
6870-ECSHE,One year,No,0.004252,20.45,0.054187,기본 유지 혜택 제공
0219-QAERP,One year,No,0.002721,19.8,0.054149,기본 유지 혜택 제공
0810-DHDBD,One year,DSL,0.008944,74.0,0.054096,기본 유지 혜택 제공
6870-ZWMNX,Two year,DSL,0.006058,76.1,0.05408,기본 유지 혜택 제공
4121-AGSIN,One year,No,0.002817,24.5,0.054055,기본 유지 혜택 제공
9974-JFBHQ,Month-to-month,Fiber optic,0.021546,99.15,0.054008,장기 약정(1~2년) 전환 유도 및 결합 쿠폰 제공
5781-BKHOP,Two year,Fiber optic,0.014778,100.65,0.053968,결합 쿠폰 제공
1763-KUAAW,One year,No,0.004834,20.35,0.053835,기본 유지 혜택 제공
8823-RLPWL,Two year,Fiber optic,0.017148,110.65,0.05382,결합 쿠폰 제공
6384-VMJHP,Two year,DSL,0.011684,73.0,0.053571,기본 유지 혜택 제공
4750-UKWJK,One year,No,0.001715,19.6,0.053537,기본 유지 혜택 제공
5297-MDOIR,One year,Fiber optic,0.01128,81.15,0.053468,결합 쿠폰 제공
2863-IMQDR,Two year,DSL,0.00523,89.65,0.053442,기본 유지 혜택 제공
6919-ELBGL,Two year,Fiber optic,0.020499,114.95,0.053322,결합 쿠폰 제공
0428-AXXLJ,One year,No,0.002972,19.5,0.05326,기본 유지 혜택 제공
9442-JTWDL,One year,No,0.00334,20.05,0.053257,기본 유지 혜택 제공
1104-FEJAM,Month-to-month,DSL,0.017624,64.4,0.053246,장기 약정(1~2년) 전환 유도
9347-AERRL,One year,No,0.004287,19.3,0.053245,기본 유지 혜택 제공
6509-TSGWN,Month-to-month,No,0.007375,26.45,0.053241,장기 약정(1~2년) 전환 유도
4849-PYRLQ,Two year,DSL,0.005243,73.25,0.05318,기본 유지 혜택 제공
9866-OCCKE,Two year,Fiber optic,0.013467,109.75,0.053168,결합 쿠폰 제공
6288-CHQJB,Two year,DSL,0.012535,69.95,0.053094,기본 유지 혜택 제공
6603-YRDCJ,Two year,DSL,0.0091,61.05,0.053088,기본 유지 혜택 제공
3134-DSHVC,Two year,Fiber optic,0.019494,98.0,0.053056,결합 쿠폰 제공
3243-ZHOHY,One year,No,0.002974,20.1,0.053007,기본 유지 혜택 제공
0744-GKNGE,Month-to-month,Fiber optic,0.01124,86.8,0.052976,장기 약정(1~2년) 전환 유도 및 결합 쿠폰 제공
4385-ZKVNW,Month-to-month,DSL,0.010902,54.9,0.05294,장기 약정(1~2년) 전환 유도
2190-PHBHR,Two year,Fiber optic,0.043138,94.45,0.05289,결합 쿠폰 제공
4584-LBNMK,One year,No,0.005468,24.7,0.052864,기본 유지 혜택 제공
0078-XZMHT,Two year,DSL,0.012369,85.15,0.052742,기본 유지 혜택 제공
1345-ZUKID,One year,No,0.003789,19.35,0.052693,기본 유지 혜택 제공
4616-EWBNJ,One year,No,0.002531,20.1,0.052674,기본 유지 혜택 제공
1930-BZLHI,One year,No,0.003042,20.35,0.052655,기본 유지 혜택 제공
5816-JMLGY,Two year,DSL,0.014601,80.4,0.0526,기본 유지 혜택 제공
3721-CNZHX,One year,No,0.00474,19.8,0.052578,기본 유지 혜택 제공
7073-QETQY,One year,No,0.001636,20.35,0.052534,기본 유지 혜택 제공
4957-TIALW,One year,DSL,0.005208,65.6,0.05249,기본 유지 혜택 제공
8745-PVESG,One year,DSL,0.002637,41.1,0.052386,기본 유지 혜택 제공
6188-UXBBR,One year,No,0.002313,20.25,0.052364,기본 유지 혜택 제공
9928-BZVLZ,Two year,DSL,0.004893,49.85,0.052348,기본 유지 혜택 제공
7328-OWMOM,One year,No,0.002421,20.1,0.052293,기본 유지 혜택 제공
8766-PAFNE,Two year,DSL,0.0083,79.1,0.052284,기본 유지 혜택 제공
8975-SKGRX,Two year,Fiber optic,0.011932,116.1,0.052152,결합 쿠폰 제공
2088-IEBAU,Two year,DSL,0.007115,88.15,0.0521,기본 유지 혜택 제공
4737-HOBAX,Two year,DSL,0.009006,79.8,0.052038,기본 유지 혜택 제공
8050-WYBND,One year,DSL,0.005909,49.45,0.052011,기본 유지 혜택 제공
4318-RAJVY,One year,No,0.001335,19.8,0.051921,기본 유지 혜택 제공
8144-DGHXP,Two year,DSL,0.016041,80.6,0.051906,기본 유지 혜택 제공
2878-RMWXY,Two year,Fiber optic,0.014449,102.65,0.051888,결합 쿠폰 제공
9617-UDPEU,One year,No,0.004265,19.25,0.05188,기본 유지 혜택 제공
4767-HZZHQ,Month-to-month,Fiber optic,0.007705,82.05,0.05187,장기 약정(1~2년) 전환 유도 및 결합 쿠폰 제공
1430-SFQSA,One year,DSL,0.003824,35.6,0.051836,기본 유지 혜택 제공
9184-GALIL,Month-to-month,No,0.00489,20.45,0.051676,장기 약정(1~2년) 전환 유도
3482-ABPKK,One year,DSL,0.006055,54.3,0.051616,기본 유지 혜택 제공
3131-NWVFJ,One year,No,0.002783,19.55,0.051505,기본 유지 혜택 제공
2753-JMMCV,Two year,DSL,0.009091,74.2,0.05144,기본 유지 혜택 제공
4933-IKULF,One year,No,0.003728,20.65,0.05144,기본 유지 혜택 제공
6048-NJXHX,Two year,No,0.00356,19.75,0.051398,기본 유지 혜택 제공
9046-JBFWA,Month-to-month,No,0.005903,19.15,0.051311,장기 약정(1~2년) 전환 유도
6176-YJWAS,Two year,Fiber optic,0.014216,97.95,0.051299,결합 쿠폰 제공
1658-XUHBX,Month-to-month,Fiber optic,0.011128,88.75,0.051176,장기 약정(1~2년) 전환 유도 및 결합 쿠폰 제공
5458-CQJTA,Two year,DSL,0.008737,74.8,0.051154,기본 유지 혜택 제공
8033-ATFAS,Month-to-month,DSL,0.003734,59.85,0.051117,장기 약정(1~2년) 전환 유도
8496-DMZUK,One year,Fiber optic,0.011138,90.4,0.051057,결합 쿠폰 제공
9152-AMKAK,Two year,DSL,0.012871,80.25,0.050911,기본 유지 혜택 제공
2000-DHJUY,Two year,DSL,0.005108,92.2,0.050904,기본 유지 혜택 제공
4702-HDRKD,One year,DSL,0.009606,49.35,0.050806,기본 유지 혜택 제공
5474-LAMUQ,One year,No,0.003991,20.1,0.050782,기본 유지 혜택 제공
1790-NESIO,Two year,No,0.002184,20.4,0.050734,기본 유지 혜택 제공
4981-FLTMF,Month-to-month,DSL,0.007875,65.2,0.050707,장기 약정(1~2년) 전환 유도
7826-VVKWT,Two year,Fiber optic,0.011847,96.55,0.050629,결합 쿠폰 제공
5505-OVWQW,One year,No,0.004023,20.15,0.050484,기본 유지 혜택 제공
9796-MVYXX,Two year,DSL,0.009914,39.7,0.05047,기본 유지 혜택 제공
8780-YRMTT,Two year,DSL,0.007077,47.4,0.050395,기본 유지 혜택 제공
0455-ENTCR,Two year,DSL,0.015035,85.25,0.050379,기본 유지 혜택 제공
0536-ESJEP,Two year,DSL,0.008667,74.55,0.050361,기본 유지 혜택 제공
5451-YHYPW,Two year,Fiber optic,0.006286,115.75,0.050167,결합 쿠폰 제공
5642-MHDQT,One year,No,0.004407,19.85,0.05016,기본 유지 혜택 제공
5176-OLSKT,Two year,DSL,0.005716,66.9,0.050145,기본 유지 혜택 제공
0942-KOWSM,Two year,DSL,0.013954,80.8,0.05011,기본 유지 혜택 제공
7795-CFOCW,One year,DSL,0.00783,42.3,0.049965,기본 유지 혜택 제공
8029-XYPWT,Two year,Fiber optic,0.014194,115.05,0.049942,결합 쿠폰 제공
3489-VSFRD,One year,DSL,0.009084,60.25,0.049813,기본 유지 혜택 제공
2990-OGYTD,Two year,DSL,0.01158,86.15,0.049807,기본 유지 혜택 제공
1439-LCGVL,One year,No,0.002194,19.2,0.049715,기본 유지 혜택 제공
0320-DWVTU,Two year,Fiber optic,0.016507,99.5,0.049645,결합 쿠폰 제공
5315-CKEQK,One year,DSL,0.004767,51.0,0.049639,기본 유지 혜택 제공
3654-ARMGP,Two year,DSL,0.007858,88.65,0.049575,기본 유지 혜택 제공
4376-KFVRS,Two year,Fiber optic,0.022123,114.05,0.04957,결합 쿠폰 제공
2969-VAPYH,One year,DSL,0.009913,60.5,0.049535,기본 유지 혜택 제공
0019-EFAEP,Two year,Fiber optic,0.013086,101.3,0.049491,결합 쿠폰 제공
7305-ZWMAJ,One year,No,0.002672,20.7,0.049384,기본 유지 혜택 제공
7665-VIGUD,One year,No,0.00106,20.35,0.049323,기본 유지 혜택 제공
2845-KDHVX,Two year,DSL,0.008539,68.3,0.049291,기본 유지 혜택 제공
1133-KXCGE,One year,No,0.002806,20.1,0.049262,기본 유지 혜택 제공
4657-FWVFY,Month-to-month,Fiber optic,0.016536,96.35,0.049134,장기 약정(1~2년) 전환 유도 및 결합 쿠폰 제공
6023-GSSXW,Two year,DSL,0.018309,61.45,0.049133,기본 유지 혜택 제공
7609-NRNCA,One year,No,0.002387,19.55,0.049117,기본 유지 혜택 제공
6614-FHDBO,Two year,Fiber optic,0.01147,109.2,0.049053,결합 쿠폰 제공
0829-DDVLK,One year,No,0.003019,20.1,0.049023,기본 유지 혜택 제공
3258-SYSWS,Two year,Fiber optic,0.012652,113.8,0.04901,결합 쿠폰 제공
5575-GNVDE,One year,DSL,0.011579,56.95,0.048967,기본 유지 혜택 제공
6242-FEGFD,Two year,Fiber optic,0.01848,96.6,0.048961,결합 쿠폰 제공
4664-NJCMS,Two year,DSL,0.008196,59.55,0.048951,기본 유지 혜택 제공
9531-NSBMR,One year,No,0.00314,19.25,0.04894,기본 유지 혜택 제공
8969-PRHFK,One year,No,0.003569,19.65,0.04893,기본 유지 혜택 제공
3067-SVMTC,One year,DSL,0.007395,55.9,0.048911,기본 유지 혜택 제공
0048-PIHNL,One year,No,0.006534,20.45,0.048667,기본 유지 혜택 제공
0774-IFUVM,Month-to-month,DSL,0.025203,65.15,0.048655,장기 약정(1~2년) 전환 유도
6701-DHKWQ,Two year,DSL,0.008544,51.35,0.048337,기본 유지 혜택 제공
5093-FEGLU,Two year,No,0.001048,19.65,0.048311,기본 유지 혜택 제공
0559-CKHUS,Two year,No,0.001228,19.55,0.04816,기본 유지 혜택 제공
5129-HHMZC,Two year,DSL,0.013041,86.45,0.048047,기본 유지 혜택 제공
1779-PWPMG,Two year,Fiber optic,0.007695,114.65,0.047957,결합 쿠폰 제공
8510-BBWMU,One year,No,0.00957,19.75,0.047938,기본 유지 혜택 제공
6121-TNHBO,One year,DSL,0.011475,83.0,0.047912,기본 유지 혜택 제공
1480-BKXGA,Two year,Fiber optic,0.017889,116.05,0.047829,결합 쿠폰 제공
2829-HYVZP,One year,No,0.001635,19.8,0.047716,기본 유지 혜택 제공
3594-BDSOA,One year,No,0.001901,20.4,0.047504,기본 유지 혜택 제공
5039-LZRQT,One year,No,0.002577,20.2,0.047421,기본 유지 혜택 제공
6746-WAUWT,One year,No,0.00249,19.7,0.047385,기본 유지 혜택 제공
7369-TRPFD,One year,No,0.00189,18.8,0.047355,기본 유지 혜택 제공
4947-DSMXK,Month-to-month,Fiber optic,0.019327,97.7,0.047315,장기 약정(1~2년) 전환 유도 및 결합 쿠폰 제공
4359-INNWN,One year,No,0.005226,20.05,0.047273,기본 유지 혜택 제공
5313-FPXWG,One year,No,0.003436,24.6,0.04724,기본 유지 혜택 제공
9750-BOOHV,One year,DSL,0.003894,30.15,0.047173,기본 유지 혜택 제공
7137-NAXML,One year,No,0.002426,20.15,0.047154,기본 유지 혜택 제공
0379-DJQHR,Two year,DSL,0.006167,81.35,0.047083,기본 유지 혜택 제공
9499-XPZXM,Two year,DSL,0.010135,64.75,0.047033,기본 유지 혜택 제공
6016-NXBNJ,One year,No,0.004519,19.15,0.046987,기본 유지 혜택 제공
0619-OLYUR,Two year,Fiber optic,0.01358,111.9,0.046962,결합 쿠폰 제공
9351-HXDMR,Two year,Fiber optic,0.015404,110.9,0.046962,결합 쿠폰 제공
3429-IFLEM,Two year,DSL,0.008612,77.35,0.046815,기본 유지 혜택 제공
9534-NSXEM,One year,No,0.00272,20.65,0.046792,기본 유지 혜택 제공
1051-EQPZR,Month-to-month,No,0.002831,19.6,0.046716,장기 약정(1~2년) 전환 유도
3572-UUHRS,One year,No,0.001762,18.85,0.046665,기본 유지 혜택 제공
8499-BRXTD,One year,No,0.004829,20.1,0.046619,기본 유지 혜택 제공
5924-SNGKP,One year,No,0.001627,20.25,0.046568,기본 유지 혜택 제공
8570-KLJYJ,One year,DSL,0.00591,54.45,0.046497,기본 유지 혜택 제공
8932-CZHRQ,One year,DSL,0.015116,76.75,0.046487,기본 유지 혜택 제공
1752-OZXFY,One year,DSL,0.005342,59.8,0.046433,기본 유지 혜택 제공
2788-CJQAQ,One year,No,0.00406,19.45,0.046398,기본 유지 혜택 제공
7299-GNVPL,Month-to-month,Fiber optic,0.017738,84.4,0.046375,장기 약정(1~2년) 전환 유도 및 결합 쿠폰 제공
7570-WELNY,Two year,Fiber optic,0.009285,84.7,0.046361,결합 쿠폰 제공
9746-UGFAC,One year,No,0.00451,20.85,0.046298,기본 유지 혜택 제공
0307-BCOPK,One year,No,0.001912,19.05,0.046294,기본 유지 혜택 제공
0916-KNFAJ,Two year,DSL,0.0059,69.9,0.046242,기본 유지 혜택 제공
1429-UYJSV,One year,No,0.001356,19.7,0.046221,기본 유지 혜택 제공
3727-OWVYD,One year,DSL,0.01175,61.2,0.046129,기본 유지 혜택 제공
8717-VCTXJ,One year,No,0.001531,19.55,0.046128,기본 유지 혜택 제공
3506-OVLKD,One year,No,0.005167,26.2,0.046123,기본 유지 혜택 제공
0945-TSONX,Two year,DSL,0.005751,85.3,0.046058,기본 유지 혜택 제공
7026-YMSBE,One year,No,0.004716,19.7,0.045879,기본 유지 혜택 제공
4538-WNTMJ,One year,No,0.003998,24.95,0.04586,기본 유지 혜택 제공
4250-WAROZ,Month-to-month,Fiber optic,0.034149,93.25,0.04576,장기 약정(1~2년) 전환 유도 및 결합 쿠폰 제공
7691-KGKGP,Month-to-month,DSL,0.005667,65.0,0.045734,장기 약정(1~2년) 전환 유도
0943-ZQPXH,Month-to-month,Fiber optic,0.009438,92.95,0.045701,장기 약정(1~2년) 전환 유도 및 결합 쿠폰 제공
3796-ENZGF,Two year,DSL,0.005843,67.25,0.045589,기본 유지 혜택 제공
6922-NCEDI,One year,No,0.002334,21.2,0.045488,기본 유지 혜택 제공
2294-DMMUS,Month-to-month,DSL,0.008836,70.45,0.045311,장기 약정(1~2년) 전환 유도
9885-MFVSU,Two year,DSL,0.003741,46.35,0.045259,기본 유지 혜택 제공
8746-BFOAJ,One year,No,0.001802,20.5,0.045143,기본 유지 혜택 제공
9509-MPYOD,One year,No,0.001967,20.75,0.045132,기본 유지 혜택 제공
9968-FFVVH,One year,DSL,0.009985,68.8,0.04511,기본 유지 혜택 제공
1755-FZQEC,One year,No,0.002711,19.9,0.045033,기본 유지 혜택 제공
2710-WYVXG,Two year,DSL,0.010905,71.1,0.044966,기본 유지 혜택 제공
3533-UVMOM,Two year,DSL,0.008479,70.95,0.044945,기본 유지 혜택 제공
2039-JONDJ,One year,DSL,0.006408,55.45,0.044935,기본 유지 혜택 제공
6374-AFWOX,Two year,DSL,0.006581,65.65,0.044932,기본 유지 혜택 제공
8559-WNQZS,Two year,No,0.00359,20.45,0.044907,기본 유지 혜택 제공
6234-RAAPL,Two year,Fiber optic,0.019507,99.9,0.044809,결합 쿠폰 제공
4549-ZDQYY,One year,DSL,0.006016,57.95,0.044789,기본 유지 혜택 제공
4102-HLENU,Two year,DSL,0.009229,65.65,0.044764,기본 유지 혜택 제공
8181-YHCMF,Two year,DSL,0.006271,60.3,0.044701,기본 유지 혜택 제공
1122-YJBCS,One year,DSL,0.007823,53.65,0.044685,기본 유지 혜택 제공
4815-TUMEQ,One year,No,0.00308,19.3,0.04464,기본 유지 혜택 제공
7138-GIRSH,Two year,DSL,0.006168,69.5,0.044615,기본 유지 혜택 제공
1934-MKPXS,One year,No,0.003499,20.1,0.044612,기본 유지 혜택 제공
8197-BFWVU,Two year,DSL,0.035789,93.25,0.044593,기본 유지 혜택 제공
9548-LIGTA,Two year,DSL,0.009628,81.05,0.044583,기본 유지 혜택 제공
2592-HODOV,One year,No,0.001363,19.3,0.044365,기본 유지 혜택 제공
3027-YNWZU,Two year,No,0.001623,25.0,0.044209,기본 유지 혜택 제공
8859-YSTWS,One year,No,0.002643,19.95,0.044204,기본 유지 혜택 제공
7663-YJHSN,Two year,Fiber optic,0.025246,103.95,0.044171,결합 쿠폰 제공
6223-DHJGV,One year,No,0.001862,20.65,0.044157,기본 유지 혜택 제공
8221-HVAYI,Two year,DSL,0.012618,69.15,0.044139,기본 유지 혜택 제공
3178-CIFOT,One year,No,0.002508,19.65,0.044107,기본 유지 혜택 제공
8430-TWCBX,One year,No,0.001929,20.7,0.044068,기본 유지 혜택 제공
0795-LAFGP,Two year,DSL,0.007543,90.4,0.044044,기본 유지 혜택 제공
8631-NBHFZ,Two year,DSL,0.011692,79.4,0.044035,기본 유지 혜택 제공
5387-ASZNZ,One year,DSL,0.009503,63.85,0.04393,기본 유지 혜택 제공
6166-YIPFO,Two year,DSL,0.017746,64.7,0.043905,기본 유지 혜택 제공
0440-EKDCF,Two year,DSL,0.01076,60.15,0.043798,기본 유지 혜택 제공
7173-TETGO,Two year,Fiber optic,0.010904,78.5,0.043739,결합 쿠폰 제공
0230-WEQUW,Two year,DSL,0.005112,56.6,0.043696,기본 유지 혜택 제공
4194-WHFCB,Month-to-month,Fiber optic,0.008871,96.65,0.043669,장기 약정(1~2년) 전환 유도 및 결합 쿠폰 제공
7622-FWGEW,Two year,DSL,0.008996,85.65,0.043579,기본 유지 혜택 제공
3967-KXAPS,Two year,DSL,0.018144,92.3,0.043546,기본 유지 혜택 제공
9824-QCJPK,One year,No,0.001766,20.0,0.043457,기본 유지 혜택 제공
2077-DDHJK,Two year,DSL,0.009449,70.9,0.043359,기본 유지 혜택 제공
0052-YNYOT,One year,No,0.004958,20.55,0.043324,기본 유지 혜택 제공
3508-CFVZL,Two year,Fiber optic,0.021467,111.3,0.043188,결합 쿠폰 제공
2150-OEGBV,One year,No,0.003258,20.1,0.043157,기본 유지 혜택 제공
2277-AXSDC,One year,No,0.004305,19.75,0.04314,기본 유지 혜택 제공
3891-NLXJB,Two year,DSL,0.002858,40.55,0.0431,기본 유지 혜택 제공
3401-URHDA,One year,DSL,0.004393,59.9,0.043037,기본 유지 혜택 제공
4825-FUREZ,Two year,No,0.001453,20.25,0.042945,기본 유지 혜택 제공
3298-QEICA,Two year,DSL,0.003603,34.6,0.042866,기본 유지 혜택 제공
1178-PZGAB,One year,No,0.002278,20.25,0.042798,기본 유지 혜택 제공
2320-TZRRH,One year,No,0.002723,19.5,0.042786,기본 유지 혜택 제공
0214-JHPFW,Two year,DSL,0.014869,57.8,0.042769,기본 유지 혜택 제공
2188-SXWVT,One year,DSL,0.005377,55.0,0.042691,기본 유지 혜택 제공
8022-BECSI,One year,No,0.00351,19.6,0.042661,기본 유지 혜택 제공
1998-VHJHK,One year,No,0.002549,19.15,0.042632,기본 유지 혜택 제공
4893-GYUJU,One year,No,0.002981,19.35,0.042609,기본 유지 혜택 제공
0902-RFHOF,One year,No,0.002046,20.1,0.04257,기본 유지 혜택 제공
9560-BBZXK,Two year,DSL,0.00374,31.05,0.042547,기본 유지 혜택 제공
5324-KTGCG,One year,No,0.002081,20.85,0.042516,기본 유지 혜택 제공
3284-SVCRO,Two year,No,0.001493,25.5,0.042465,기본 유지 혜택 제공
8348-JLBUG,One year,Fiber optic,0.01821,80.3,0.042434,결합 쿠폰 제공
5716-LIBJC,One year,Fiber optic,0.021738,104.15,0.042391,결합 쿠폰 제공
7359-WWYJV,Two year,Fiber optic,0.025766,114.45,0.042381,결합 쿠폰 제공
4544-RXFMG,One year,DSL,0.009853,43.45,0.042277,기본 유지 혜택 제공
0013-SMEOE,Two year,Fiber optic,0.01564,109.7,0.042215,결합 쿠폰 제공
7054-DMVAS,Two year,DSL,0.010277,65.3,0.042147,기본 유지 혜택 제공
6814-ZPWFQ,One year,No,0.002141,25.0,0.042114,기본 유지 혜택 제공
8884-FEEWR,One year,No,0.001494,20.6,0.042006,기본 유지 혜택 제공
1139-WUOAH,Two year,DSL,0.00501,53.35,0.041954,기본 유지 혜택 제공
5075-JSDKI,Two year,No,0.003126,24.45,0.041951,기본 유지 혜택 제공
2296-DKZFP,Two year,DSL,0.005195,71.0,0.041947,기본 유지 혜택 제공
5993-BQHEA,One year,No,0.001576,20.05,0.041935,기본 유지 혜택 제공
7349-ALMUX,Two year,DSL,0.008535,65.6,0.041834,기본 유지 혜택 제공
2706-QZIHY,Two year,No,0.006119,25.2,0.041817,기본 유지 혜택 제공
1293-HHSHJ,One year,No,0.003511,21.1,0.041812,기본 유지 혜택 제공
5310-NOOVA,Two year,No,0.00314,19.95,0.0418,기본 유지 혜택 제공
7359-SSBJK,Two year,DSL,0.008455,70.2,0.041768,기본 유지 혜택 제공
6103-QCKFX,Month-to-month,DSL,0.02331,56.25,0.041563,장기 약정(1~2년) 전환 유도
9102-OXKFY,Two year,DSL,0.017789,54.15,0.041448,기본 유지 혜택 제공
7605-BDWDC,Two year,DSL,0.005194,49.85,0.041335,기본 유지 혜택 제공
9451-WLYRI,One year,No,0.006417,19.05,0.041324,기본 유지 혜택 제공
6080-LNESI,Two year,No,0.002295,24.75,0.041314,기본 유지 혜택 제공
2239-CFOUJ,One year,No,0.003274,20.4,0.041231,기본 유지 혜택 제공
7639-OPLNG,Two year,DSL,0.008407,79.25,0.041229,기본 유지 혜택 제공
0459-SPZHJ,Two year,DSL,0.012303,83.5,0.041117,기본 유지 혜택 제공
8873-TMKGR,One year,No,0.004521,19.1,0.041063,기본 유지 혜택 제공
1328-EUZHC,Two year,No,0.002128,20.1,0.041052,기본 유지 혜택 제공
0608-JDVEC,Two year,No,0.00173,19.8,0.041049,기본 유지 혜택 제공
5918-VUKWP,One year,No,0.002327,20.55,0.041025,기본 유지 혜택 제공
0318-ZOPWS,Two year,No,0.001229,20.15,0.040993,기본 유지 혜택 제공
5130-YPIRV,Two year,DSL,0.007617,72.0,0.040957,기본 유지 혜택 제공
4024-CSNBY,Two year,Fiber optic,0.006913,94.25,0.040922,결합 쿠폰 제공
5197-LQXXH,Two year,DSL,0.018185,83.3,0.040876,기본 유지 혜택 제공
0513-RBGPE,Two year,DSL,0.007285,62.8,0.040875,기본 유지 혜택 제공
3982-JGSFD,One year,No,0.003915,20.35,0.04077,기본 유지 혜택 제공
6447-EGDIV,One year,No,0.002277,20.95,0.040745,기본 유지 혜택 제공
2999-AANRQ,Two year,DSL,0.008719,71.05,0.04072,기본 유지 혜택 제공
3486-NPGST,One year,No,0.001118,19.55,0.040672,기본 유지 혜택 제공
8098-TDCBU,Two year,No,0.004263,25.25,0.040669,기본 유지 혜택 제공
6461-SZMCV,Two year,DSL,0.004534,87.95,0.040652,기본 유지 혜택 제공
1682-VCOIO,One year,No,0.002701,20.45,0.040637,기본 유지 혜택 제공
9677-AVKED,One year,DSL,0.009743,84.6,0.040628,기본 유지 혜택 제공
5676-CFLYY,Two year,DSL,0.011498,73.35,0.040615,기본 유지 혜택 제공
2324-AALNO,One year,No,0.004934,24.55,0.040586,기본 유지 혜택 제공
1023-BQXZE,Two year,DSL,0.01407,74.35,0.040542,기본 유지 혜택 제공
5792-JALQC,Two year,DSL,0.006227,59.85,0.040494,기본 유지 혜택 제공
8390-FESFV,Two year,DSL,0.009309,84.5,0.040349,기본 유지 혜택 제공
1813-JYWTO,Two year,Fiber optic,0.010439,80.45,0.040281,결합 쿠폰 제공
6339-TBELP,Two year,Fiber optic,0.011175,86.4,0.040271,결합 쿠폰 제공
9489-DEDVP,Two year,DSL,0.015579,69.2,0.040215,기본 유지 혜택 제공
2933-XEUJM,Two year,DSL,0.006583,79.2,0.040179,기본 유지 혜택 제공
9236-NDUCW,Two year,DSL,0.004563,35.1,0.040103,기본 유지 혜택 제공
2773-MADBQ,Two year,DSL,0.008898,53.1,0.040094,기본 유지 혜택 제공
2636-SJDOU,One year,Fiber optic,0.011853,84.3,0.040047,결합 쿠폰 제공
8652-YHIYU,One year,Fiber optic,0.005935,79.5,0.040042,결합 쿠폰 제공
7401-JIXNM,Two year,DSL,0.022261,91.3,0.039996,기본 유지 혜택 제공
6152-ONASV,One year,DSL,0.014644,58.25,0.039952,기본 유지 혜택 제공
6980-CDGFC,One year,No,0.001686,20.85,0.039926,기본 유지 혜택 제공
7860-KSUGX,Two year,DSL,0.009764,64.45,0.039907,기본 유지 혜택 제공
1245-HARPS,Two year,No,0.003072,20.4,0.039798,기본 유지 혜택 제공
8580-QVLOC,Two year,DSL,0.017082,92.45,0.039717,기본 유지 혜택 제공
1227-UDMZR,Two year,DSL,0.006524,91.15,0.039558,기본 유지 혜택 제공
2332-TODQS,One year,No,0.002202,25.05,0.03954,기본 유지 혜택 제공
0771-CHWSK,Two year,DSL,0.01508,74.6,0.039468,기본 유지 혜택 제공
9194-GFVOI,Two year,DSL,0.010617,84.35,0.039384,기본 유지 혜택 제공
3638-VBZTA,Two year,DSL,0.012796,86.5,0.039382,기본 유지 혜택 제공
6510-UPNKS,One year,No,0.001819,24.8,0.039376,기본 유지 혜택 제공
6061-PQHMK,One year,No,0.004592,19.9,0.039327,기본 유지 혜택 제공
7779-ORAEL,Two year,DSL,0.009796,75.15,0.039306,기본 유지 혜택 제공
3911-RSNHI,Two year,DSL,0.005336,61.4,0.039301,기본 유지 혜택 제공
2197-OMWGI,Two year,DSL,0.020516,53.0,0.039259,기본 유지 혜택 제공
8039-EQPIM,Two year,DSL,0.007255,60.25,0.039242,기본 유지 혜택 제공
7284-ZZLOH,Two year,DSL,0.006518,53.3,0.039236,기본 유지 혜택 제공
9798-OPFEM,Two year,No,0.005493,21.1,0.039228,기본 유지 혜택 제공
6631-HMANX,Two year,DSL,0.016389,85.45,0.039222,기본 유지 혜택 제공
1194-BHJYC,Two year,DSL,0.005552,62.15,0.039162,기본 유지 혜택 제공
7205-BAIAD,Two year,No,0.002664,20.6,0.039142,기본 유지 혜택 제공
2252-NKNSI,Two year,DSL,0.012752,85.15,0.039118,기본 유지 혜택 제공
1074-WVEVG,One year,No,0.007579,20.35,0.03911,기본 유지 혜택 제공
4825-XJGDM,One year,DSL,0.010451,43.7,0.038944,기본 유지 혜택 제공
3933-DQPWX,Two year,DSL,0.007701,39.7,0.038926,기본 유지 혜택 제공
7190-XHTWJ,One year,No,0.001554,19.3,0.038868,기본 유지 혜택 제공
9170-ARBTB,One year,No,0.001817,19.6,0.038828,기본 유지 혜택 제공
1872-EBWSC,One year,No,0.002448,20.35,0.038782,기본 유지 혜택 제공
9350-VLHMB,Month-to-month,Fiber optic,0.008741,89.55,0.038734,장기 약정(1~2년) 전환 유도 및 결합 쿠폰 제공
5131-PONJI,Month-to-month,Fiber optic,0.010364,90.4,0.038713,장기 약정(1~2년) 전환 유도 및 결합 쿠폰 제공
5214-CHIWJ,One year,No,0.003868,20.3,0.038701,기본 유지 혜택 제공
1371-OJCEK,One year,No,0.003211,24.35,0.038681,기본 유지 혜택 제공
4795-UXVCJ,One year,No,0.003058,19.8,0.038612,기본 유지 혜택 제공
6479-OAUSD,One year,No,0.002829,19.9,0.038612,기본 유지 혜택 제공
9479-HYNYL,Two year,DSL,0.006577,80.7,0.038579,기본 유지 혜택 제공
5095-ETBRJ,Two year,DSL,0.009544,56.8,0.038575,기본 유지 혜택 제공
6586-MYGKD,Two year,DSL,0.005564,76.95,0.038553,기본 유지 혜택 제공
3230-IUALN,Two year,DSL,0.017954,81.0,0.038552,기본 유지 혜택 제공
4188-PCPIG,Two year,DSL,0.005406,70.35,0.038501,기본 유지 혜택 제공
5862-BRIXZ,Two year,DSL,0.009687,60.75,0.038496,기본 유지 혜택 제공
8626-PTQGE,Two year,DSL,0.006892,60.05,0.038448,기본 유지 혜택 제공
5380-XPJNZ,One year,No,0.002066,20.05,0.038439,기본 유지 혜택 제공
0906-QVPMS,Two year,Fiber optic,0.01303,115.15,0.038437,결합 쿠폰 제공
9150-KPBJQ,Two year,No,0.003483,19.65,0.038421,기본 유지 혜택 제공
0420-TXVSG,Two year,DSL,0.008902,66.1,0.038418,기본 유지 혜택 제공
6967-QIQRV,One year,Fiber optic,0.009322,101.9,0.03841,결합 쿠폰 제공
5232-NXPAY,Two year,DSL,0.011707,74.45,0.038403,기본 유지 혜택 제공
6120-RJKLU,Two year,DSL,0.006684,79.95,0.03838,기본 유지 혜택 제공
9150-HEPMB,One year,DSL,0.006054,52.7,0.038369,기본 유지 혜택 제공
7554-NEWDD,Two year,No,0.002576,25.7,0.038325,기본 유지 혜택 제공
1568-BEKZM,Two year,DSL,0.013321,90.05,0.038265,기본 유지 혜택 제공
8999-YPYBV,Two year,DSL,0.013631,84.35,0.03824,기본 유지 혜택 제공
5656-MJEFC,Two year,DSL,0.00659,48.15,0.038202,기본 유지 혜택 제공
6837-HAEVO,Two year,Fiber optic,0.012604,105.0,0.038148,결합 쿠폰 제공
3125-RAHBV,One year,No,0.001764,20.3,0.037923,기본 유지 혜택 제공
5329-KRDTM,Two year,DSL,0.013679,77.35,0.037894,기본 유지 혜택 제공
4012-YCFAI,Two year,DSL,0.004985,61.35,0.037802,기본 유지 혜택 제공
6549-BTYPG,Two year,DSL,0.006698,60.8,0.037775,기본 유지 혜택 제공
0602-DDUML,Two year,DSL,0.007521,69.75,0.037761,기본 유지 혜택 제공
1937-OTUKY,Two year,Fiber optic,0.013818,98.2,0.037735,결합 쿠폰 제공
7639-LIAYI,Two year,DSL,0.021351,79.75,0.03771,기본 유지 혜택 제공
8388-DMKAE,Two year,No,0.003305,20.25,0.037653,기본 유지 혜택 제공
0343-QLUZP,Two year,DSL,0.004685,39.6,0.037621,기본 유지 혜택 제공
0254-FNMCI,Two year,Fiber optic,0.014985,109.9,0.037589,결합 쿠폰 제공
6574-MCOEH,One year,DSL,0.009084,79.15,0.037581,기본 유지 혜택 제공
1459-QNFQT,Two year,DSL,0.006895,59.5,0.037553,기본 유지 혜택 제공
6064-ZATLR,Two year,DSL,0.007063,52.85,0.037314,기본 유지 혜택 제공
1686-STUHN,One year,No,0.001617,19.8,0.037301,기본 유지 혜택 제공
9602-WCXPI,One year,No,0.003286,20.15,0.037266,기본 유지 혜택 제공
4568-KNYWR,Two year,DSL,0.008502,63.25,0.037243,기본 유지 혜택 제공
6418-HNFED,Two year,DSL,0.007675,83.25,0.037219,기본 유지 혜택 제공
7196-LIWRH,Two year,No,0.00441,19.55,0.03717,기본 유지 혜택 제공
3546-GHEAE,Two year,No,0.004188,19.45,0.037158,기본 유지 혜택 제공
4884-LEVMQ,Two year,No,0.002737,20.45,0.037117,기본 유지 혜택 제공
5148-HKFIR,Two year,No,0.0025,19.7,0.037098,기본 유지 혜택 제공
6094-ZIVKX,One year,DSL,0.008856,54.45,0.037079,기본 유지 혜택 제공
9500-WBGRP,Two year,No,0.001018,19.1,0.036994,기본 유지 혜택 제공
2649-HWLYB,Two year,DSL,0.010447,76.15,0.036986,기본 유지 혜택 제공
8205-VSLRB,Two year,DSL,0.007903,77.3,0.036947,기본 유지 혜택 제공
9359-JANWS,Two year,DSL,0.00868,58.9,0.03691,기본 유지 혜택 제공
8039-ACLPL,Two year,DSL,0.005731,68.75,0.036886,기본 유지 혜택 제공
7244-KXYZN,One year,No,0.002564,20.45,0.036818,기본 유지 혜택 제공
9350-ZXYJC,Two year,No,0.002167,25.3,0.036773,기본 유지 혜택 제공
7301-ABVAD,Two year,DSL,0.011826,86.6,0.036763,기본 유지 혜택 제공
0164-XAIRP,Two year,No,0.00214,19.55,0.036734,기본 유지 혜택 제공
7560-QRBXH,One year,No,0.003012,19.95,0.036731,기본 유지 혜택 제공
9565-FLVCG,Two year,DSL,0.024975,69.55,0.036723,기본 유지 혜택 제공
6253-WRFHY,One year,DSL,0.016525,64.75,0.036684,기본 유지 혜택 제공
8413-YNHNV,Two year,DSL,0.014178,90.65,0.03662,기본 유지 혜택 제공
5003-XZWWO,Two year,DSL,0.007183,84.2,0.036556,기본 유지 혜택 제공
4452-ROHMO,Two year,No,0.001794,19.6,0.036534,기본 유지 혜택 제공
6177-PEVRA,Two year,DSL,0.011435,55.5,0.036518,기본 유지 혜택 제공
1862-QRWPE,Two year,No,0.001306,20.65,0.036517,기본 유지 혜택 제공
3669-WHAFY,Two year,Fiber optic,0.013151,115.15,0.03649,결합 쿠폰 제공
9919-FZDED,Two year,DSL,0.017289,84.1,0.036466,기본 유지 혜택 제공
3251-YMVWZ,One year,No,0.006371,24.05,0.036451,기본 유지 혜택 제공
0383-CLDDA,Two year,DSL,0.012327,85.35,0.036419,기본 유지 혜택 제공
9140-CZQZZ,Two year,DSL,0.007873,79.6,0.036357,기본 유지 혜택 제공
1813-JLKWR,One year,No,0.002437,19.8,0.036307,기본 유지 혜택 제공
7564-GHCVB,Two year,Fiber optic,0.017366,79.05,0.036252,결합 쿠폰 제공
6625-IUTTT,Two year,DSL,0.004692,65.55,0.036239,기본 유지 혜택 제공
2451-YMUXS,Two year,DSL,0.007858,64.55,0.036197,기본 유지 혜택 제공
8454-AATJP,Two year,Fiber optic,0.014554,115.05,0.036118,결합 쿠폰 제공
6418-PIQSP,Two year,DSL,0.012243,81.0,0.036068,기본 유지 혜택 제공
4716-MRVEN,One year,No,0.004585,20.0,0.036061,기본 유지 혜택 제공
2882-WDTBA,Two year,DSL,0.013702,75.75,0.036042,기본 유지 혜택 제공
8917-FAEMR,Two year,No,0.003648,19.85,0.036025,기본 유지 혜택 제공
9297-EONCV,Two year,DSL,0.006538,91.35,0.035988,기본 유지 혜택 제공
3308-JSGML,Two year,DSL,0.008311,64.05,0.035957,기본 유지 혜택 제공
5176-LMJXE,Two year,No,0.002522,20.55,0.035955,기본 유지 혜택 제공
6339-RZCBJ,Two year,DSL,0.013321,78.9,0.035945,기본 유지 혜택 제공
7322-OCWHC,Two year,Fiber optic,0.009632,93.05,0.035893,결합 쿠폰 제공
7279-NMVJC,One year,No,0.0029,19.9,0.035868,기본 유지 혜택 제공
4381-MHQDC,Two year,DSL,0.006583,65.0,0.035863,기본 유지 혜택 제공
2400-XIWIO,Two year,DSL,0.018747,90.1,0.035805,기본 유지 혜택 제공
5726-CVNYA,Two year,No,0.003986,19.85,0.035789,기본 유지 혜택 제공
3399-BMLVW,Two year,DSL,0.011266,60.5,0.035749,기본 유지 혜택 제공
6388-TABGU,One year,DSL,0.011417,56.15,0.03574,기본 유지 혜택 제공
8587-XYZSF,Two year,DSL,0.007706,50.55,0.035637,기본 유지 혜택 제공
2996-XAUVF,Two year,DSL,0.011995,40.05,0.035635,기본 유지 혜택 제공
4565-NLZBV,Two year,No,0.003108,24.65,0.035577,기본 유지 혜택 제공
4654-ULTTN,Two year,DSL,0.009675,74.8,0.035551,기본 유지 혜택 제공
9553-DLCLU,Two year,DSL,0.014129,88.95,0.035534,기본 유지 혜택 제공
3712-PKXZA,One year,No,0.002996,20.55,0.035526,기본 유지 혜택 제공
5736-YEJAX,Two year,DSL,0.019301,79.45,0.035517,기본 유지 혜택 제공
4513-CXYIX,Two year,Fiber optic,0.007917,80.7,0.035506,결합 쿠폰 제공
3902-MIVLE,Two year,DSL,0.00873,75.7,0.035472,기본 유지 혜택 제공
7601-DHFWZ,Two year,No,0.002302,24.0,0.035442,기본 유지 혜택 제공
2057-BOYKM,Two year,Fiber optic,0.01251,96.6,0.035367,결합 쿠폰 제공
5296-PSYVW,Two year,No,0.003575,24.55,0.035355,기본 유지 혜택 제공
3910-MRQOY,Two year,No,0.005881,19.4,0.035334,기본 유지 혜택 제공
9068-VPWQQ,Two year,DSL,0.008817,75.35,0.035183,기본 유지 혜택 제공
2122-SZZZD,One year,No,0.002311,19.5,0.035119,기본 유지 혜택 제공
4525-VZCZG,One year,Fiber optic,0.023783,105.85,0.035108,결합 쿠폰 제공
9674-EHPPG,Two year,DSL,0.002278,40.4,0.035092,기본 유지 혜택 제공
4178-EGMON,Two year,Fiber optic,0.009815,88.0,0.035091,결합 쿠폰 제공
2292-XQWSV,One year,DSL,0.006981,60.3,0.035082,기본 유지 혜택 제공
6122-EFVKN,Two year,DSL,0.003237,35.75,0.035024,기본 유지 혜택 제공
9620-QJREV,One year,No,0.005132,20.55,0.034902,기본 유지 혜택 제공
9135-MGVPY,Two year,DSL,0.012881,84.7,0.034881,기본 유지 혜택 제공
5811-IWXYM,One year,Fiber optic,0.010727,101.25,0.034881,결합 쿠폰 제공
3567-PQTSO,One year,Fiber optic,0.025,105.25,0.034814,결합 쿠폰 제공
4291-HYEBC,One year,DSL,0.009764,39.1,0.034802,기본 유지 혜택 제공
1087-GRUYI,Two year,No,0.002494,20.4,0.034796,기본 유지 혜택 제공
8208-EUMTE,Two year,DSL,0.003254,54.85,0.034768,기본 유지 혜택 제공
1187-WILMM,Two year,DSL,0.017773,89.4,0.034698,기본 유지 혜택 제공
8590-YFFQO,Two year,DSL,0.004776,64.95,0.03468,기본 유지 혜택 제공
1265-ZFOSD,Two year,DSL,0.039393,81.3,0.034671,기본 유지 혜택 제공
9030-QGZNL,Two year,No,0.001882,20.85,0.034658,기본 유지 혜택 제공
9795-NREXC,Two year,DSL,0.00913,85.0,0.034625,기본 유지 혜택 제공
3410-YOQBQ,Two year,DSL,0.01303,79.2,0.034621,기본 유지 혜택 제공
4776-XSKYQ,One year,DSL,0.002725,30.25,0.034594,기본 유지 혜택 제공
9052-DHNKM,One year,DSL,0.00578,61.55,0.034562,기본 유지 혜택 제공
4254-QPEDE,Two year,DSL,0.0127,66.25,0.034544,기본 유지 혜택 제공
9227-UAQFT,Two year,No,0.00358,19.75,0.034521,기본 유지 혜택 제공
0731-EBJQB,One year,No,0.002402,20.4,0.03452,기본 유지 혜택 제공
8417-GSODA,One year,Fiber optic,0.009044,92.2,0.034497,결합 쿠폰 제공
2589-AYCRP,One year,No,0.001916,19.75,0.034466,기본 유지 혜택 제공
7815-PDTHL,Two year,No,0.003047,20.2,0.034399,기본 유지 혜택 제공
6925-BAYGL,Two year,No,0.004137,25.1,0.034376,기본 유지 혜택 제공
6345-FZOQH,Two year,No,0.000987,19.9,0.034351,기본 유지 혜택 제공
0361-HJRDX,Two year,DSL,0.006647,64.35,0.034297,기본 유지 혜택 제공
3795-GWTRD,Two year,DSL,0.00876,75.55,0.034213,기본 유지 혜택 제공
7596-ZYWBB,Two year,DSL,0.006263,59.6,0.034158,기본 유지 혜택 제공
6203-HBZPA,Two year,DSL,0.007001,63.9,0.034109,기본 유지 혜택 제공
8191-XWSZG,One year,No,0.003942,20.65,0.034093,기본 유지 혜택 제공
9339-FIIJL,Two year,DSL,0.018726,85.95,0.034088,기본 유지 혜택 제공
4937-QPZPO,One year,Fiber optic,0.015826,99.9,0.034086,결합 쿠폰 제공
9091-WTUUY,Two year,DSL,0.007413,69.25,0.034078,기본 유지 혜택 제공
6698-OXETB,Two year,No,0.003676,20.4,0.034048,기본 유지 혜택 제공
5915-ANOEI,Two year,DSL,0.016307,79.15,0.034022,기본 유지 혜택 제공
7552-KEYGT,Two year,No,0.008046,19.55,0.033952,기본 유지 혜택 제공
7975-JMZNT,Two year,DSL,0.020118,91.7,0.033896,기본 유지 혜택 제공
0626-QXNGV,Two year,No,0.005456,24.15,0.033827,기본 유지 혜택 제공
2535-PBCGC,Two year,DSL,0.007456,64.55,0.033728,기본 유지 혜택 제공
3057-VJJQE,Two year,DSL,0.004322,55.25,0.033648,기본 유지 혜택 제공
6695-FRVEC,Two year,DSL,0.006841,60.4,0.033554,기본 유지 혜택 제공
3720-DBRWL,Two year,DSL,0.014193,83.85,0.033546,기본 유지 혜택 제공
0839-JTCUD,Two year,DSL,0.007649,89.9,0.033538,기본 유지 혜택 제공
1042-HFUCW,One year,DSL,0.007821,54.75,0.033354,기본 유지 혜택 제공
8319-QBEHW,One year,DSL,0.002354,39.95,0.033325,기본 유지 혜택 제공
4671-VJLCL,Two year,DSL,0.009955,79.85,0.033274,기본 유지 혜택 제공
8024-XNAFQ,Two year,Fiber optic,0.01721,107.4,0.033262,결합 쿠폰 제공
3779-OSWCF,Two year,DSL,0.005338,93.2,0.033255,기본 유지 혜택 제공
7471-WNSUF,One year,No,0.002173,24.15,0.033195,기본 유지 혜택 제공
0784-GTUUK,One year,No,0.003598,23.75,0.033192,기본 유지 혜택 제공
0114-IGABW,Two year,DSL,0.007007,58.25,0.033186,기본 유지 혜택 제공
2977-CEBSX,Two year,DSL,0.0158,90.05,0.033131,기본 유지 혜택 제공
7163-OCEQI,One year,DSL,0.006958,78.65,0.033018,기본 유지 혜택 제공
7609-YBPXG,Two year,DSL,0.006467,87.1,0.032953,기본 유지 혜택 제공
5614-DNZCE,Two year,DSL,0.010902,64.9,0.032886,기본 유지 혜택 제공
4851-BQDNX,One year,Fiber optic,0.009573,85.05,0.032885,결합 쿠폰 제공
3557-HTYWR,Two year,DSL,0.013715,74.05,0.032863,기본 유지 혜택 제공
0123-CRBRT,Two year,DSL,0.013841,88.1,0.032854,기본 유지 혜택 제공
2796-UUZZO,Month-to-month,Fiber optic,0.01316,80.3,0.032826,장기 약정(1~2년) 전환 유도 및 결합 쿠폰 제공
5014-GSOUQ,Two year,No,0.003628,19.95,0.032813,기본 유지 혜택 제공
8398-TBIYD,Two year,Fiber optic,0.004781,84.7,0.032767,결합 쿠폰 제공
8908-NMQTX,Two year,DSL,0.007829,65.6,0.032731,기본 유지 혜택 제공
9993-LHIEB,Two year,DSL,0.005452,67.85,0.032688,기본 유지 혜택 제공
3719-TDVQB,Two year,No,0.002029,18.95,0.03268,기본 유지 혜택 제공
5318-YKDPV,Two year,DSL,0.007878,79.15,0.032661,기본 유지 혜택 제공
5837-LXSDN,One year,DSL,0.006053,58.85,0.032598,기본 유지 혜택 제공
7919-ZODZZ,One year,DSL,0.009174,65.9,0.032565,기본 유지 혜택 제공
7274-CGTOD,Two year,DSL,0.002487,43.7,0.032534,기본 유지 혜택 제공
6650-BWFRT,Two year,Fiber optic,0.014092,117.15,0.032514,결합 쿠폰 제공
2990-IAJSV,Two year,DSL,0.006972,92.0,0.032483,기본 유지 혜택 제공
5056-FIMPT,One year,Fiber optic,0.022522,106.0,0.032466,결합 쿠폰 제공
5317-FLPJF,Two year,DSL,0.005457,61.35,0.032441,기본 유지 혜택 제공
2428-HYUNX,Two year,No,0.00219,19.35,0.032419,기본 유지 혜택 제공
1775-KWJKQ,Two year,DSL,0.007797,89.85,0.032378,기본 유지 혜택 제공
1357-MVDOZ,Month-to-month,DSL,0.014906,59.65,0.032325,장기 약정(1~2년) 전환 유도
0436-TWFFZ,Two year,DSL,0.013934,85.25,0.032237,기본 유지 혜택 제공
9953-ZMKSM,Two year,No,0.002372,25.25,0.032201,기본 유지 혜택 제공
1073-XXCZD,Two year,No,0.004939,25.7,0.032166,기본 유지 혜택 제공
3887-PBQAO,One year,No,0.001867,25.9,0.031976,기본 유지 혜택 제공
9067-YGSCA,One year,No,0.003426,26.05,0.031959,기본 유지 혜택 제공
6119-SPUDB,Two year,DSL,0.005775,38.25,0.031945,기본 유지 혜택 제공
3192-LNKRK,Month-to-month,Fiber optic,0.018317,84.05,0.031921,장기 약정(1~2년) 전환 유도 및 결합 쿠폰 제공
7416-CKTEP,Two year,No,0.00256,19.6,0.031854,기본 유지 혜택 제공
8421-WZOOW,Month-to-month,Fiber optic,0.013034,95.3,0.031792,장기 약정(1~2년) 전환 유도 및 결합 쿠폰 제공
5495-GPSRW,Two year,No,0.00355,19.7,0.031767,기본 유지 혜택 제공
6904-JLBGY,Two year,Fiber optic,0.017575,117.35,0.031766,결합 쿠폰 제공
0732-OCQOC,Two year,No,0.003185,25.05,0.031749,기본 유지 혜택 제공
4006-HKYHO,Two year,DSL,0.008949,86.7,0.031724,기본 유지 혜택 제공
2987-BJXIK,Two year,DSL,0.01399,84.7,0.031702,기본 유지 혜택 제공
9668-PUGNU,Two year,No,0.003841,24.5,0.031657,기본 유지 혜택 제공
8042-RNLKO,One year,No,0.003352,25.45,0.03165,기본 유지 혜택 제공
2176-OSJUV,Two year,DSL,0.009338,65.15,0.031624,기본 유지 혜택 제공
6169-PGNCD,Two year,DSL,0.01353,74.3,0.031601,기본 유지 혜택 제공
8812-ZRHFP,One year,Fiber optic,0.011898,86.45,0.031595,결합 쿠폰 제공
8316-BBQAY,Two year,DSL,0.006161,59.95,0.031579,기본 유지 혜택 제공
8207-VVMYB,Two year,No,0.001847,26.0,0.031578,기본 유지 혜택 제공
5485-ITNPC,Two year,DSL,0.016411,85.9,0.031574,기본 유지 혜택 제공
6248-TKCQV,Two year,DSL,0.009241,80.6,0.031505,기본 유지 혜택 제공
8174-LNWMW,Two year,No,0.001717,20.9,0.031441,기본 유지 혜택 제공
4774-HHGGS,Two year,No,0.002869,19.05,0.031382,기본 유지 혜택 제공
7233-PAHHL,Two year,DSL,0.013503,84.0,0.031372,기본 유지 혜택 제공
8845-LWKGE,One year,DSL,0.007094,64.5,0.031314,기본 유지 혜택 제공
6695-AMZUF,Two year,DSL,0.00924,86.45,0.031314,기본 유지 혜택 제공
6729-FZWSY,One year,No,0.002753,19.45,0.031314,기본 유지 혜택 제공
0973-KYVNF,Two year,DSL,0.006438,70.65,0.031246,기본 유지 혜택 제공
8592-PLTMQ,One year,No,0.003802,24.7,0.031186,기본 유지 혜택 제공
5472-CVMDX,Two year,DSL,0.004601,38.9,0.031122,기본 유지 혜택 제공
1985-MBRYP,Two year,No,0.00221,19.65,0.031106,기본 유지 혜택 제공
8327-WKMIE,One year,No,0.00385,20.15,0.031105,기본 유지 혜택 제공
2234-EOFPT,Two year,DSL,0.013493,79.35,0.031104,기본 유지 혜택 제공
6719-FGEDO,Two year,Fiber optic,0.01159,97.0,0.031087,결합 쿠폰 제공
7197-VOJMM,Two year,DSL,0.004033,69.2,0.031065,기본 유지 혜택 제공
1174-FGIFN,One year,Fiber optic,0.021792,90.45,0.031046,결합 쿠폰 제공
6967-PEJLL,One year,DSL,0.003086,40.2,0.031045,기본 유지 혜택 제공
8465-SBRXP,Two year,Fiber optic,0.014038,94.9,0.031017,결합 쿠폰 제공
5965-GGPRW,Two year,Fiber optic,0.011946,105.25,0.031001,결합 쿠폰 제공
1470-PSXNM,One year,Fiber optic,0.010144,93.65,0.03099,결합 쿠폰 제공
6668-CNMFP,One year,Fiber optic,0.007092,89.35,0.030954,결합 쿠폰 제공
4837-PZTIC,Two year,DSL,0.004675,41.9,0.030883,기본 유지 혜택 제공
4713-ZBURT,Two year,Fiber optic,0.007661,99.7,0.030868,결합 쿠폰 제공
0369-ZGOVK,One year,Fiber optic,0.006491,70.4,0.030842,결합 쿠폰 제공
0327-WFZSY,One year,Fiber optic,0.015238,100.0,0.030719,결합 쿠폰 제공
9871-ELEYA,Two year,DSL,0.014701,67.65,0.030703,기본 유지 혜택 제공
6437-UDQJM,Two year,DSL,0.017089,84.1,0.030578,기본 유지 혜택 제공
5469-NUJUR,Two year,No,0.00834,19.95,0.030568,기본 유지 혜택 제공
5827-MWCZK,Month-to-month,Fiber optic,0.025769,96.95,0.030555,장기 약정(1~2년) 전환 유도 및 결합 쿠폰 제공
0017-DINOC,Two year,DSL,0.005243,45.2,0.030454,기본 유지 혜택 제공
2194-IIQOF,Two year,DSL,0.005158,89.3,0.030428,기본 유지 혜택 제공
4933-BSAIP,Two year,No,0.002301,19.1,0.030395,기본 유지 혜택 제공
8146-QQKZH,Two year,DSL,0.008292,81.85,0.030377,기본 유지 혜택 제공
8619-IJNDK,Two year,DSL,0.009103,64.05,0.030349,기본 유지 혜택 제공
5446-DKWYW,One year,DSL,0.006719,65.2,0.030299,기본 유지 혜택 제공
0019-GFNTW,Two year,DSL,0.003787,45.05,0.030286,기본 유지 혜택 제공
8908-SLFCJ,Two year,No,0.003815,20.85,0.030262,기본 유지 혜택 제공
9661-JALZV,Two year,No,0.003229,24.7,0.030252,기본 유지 혜택 제공
8242-PDSGJ,Two year,DSL,0.003827,39.15,0.03022,기본 유지 혜택 제공
2530-FMFXO,Two year,Fiber optic,0.007662,103.2,0.030167,결합 쿠폰 제공
0301-KOBTQ,Two year,No,0.002286,20.05,0.030131,기본 유지 혜택 제공
5174-ITUMV,One year,Fiber optic,0.018504,105.4,0.030097,결합 쿠폰 제공
7508-DQAKK,Two year,DSL,0.008468,86.4,0.030084,기본 유지 혜택 제공
1163-VIPRI,Two year,Fiber optic,0.028449,109.3,0.030051,결합 쿠폰 제공
9361-YNQWJ,One year,No,0.002715,24.4,0.029965,기본 유지 혜택 제공
6916-HIJSE,Two year,DSL,0.014096,84.85,0.029944,기본 유지 혜택 제공
5553-AOINX,One year,Fiber optic,0.011666,104.9,0.029925,결합 쿠폰 제공
4868-AADLV,One year,Fiber optic,0.016812,116.25,0.029898,결합 쿠폰 제공
7799-LGRDP,Two year,No,0.002312,25.7,0.029849,기본 유지 혜택 제공
1222-KJNZD,Month-to-month,No,0.001134,20.4,0.029786,장기 약정(1~2년) 전환 유도
9419-IPPBE,One year,Fiber optic,0.007245,90.15,0.029735,결합 쿠폰 제공
3458-IDMFK,Two year,No,0.003376,20.75,0.029732,기본 유지 혜택 제공
1084-MNSMJ,Two year,DSL,0.009404,85.5,0.029719,기본 유지 혜택 제공
3957-SQXML,Two year,No,0.002946,24.95,0.029701,기본 유지 혜택 제공
3200-MNQTF,Two year,DSL,0.019187,70.9,0.02968,기본 유지 혜택 제공
6963-EZQEE,Two year,DSL,0.015521,88.55,0.029612,기본 유지 혜택 제공
7596-IIWYC,Two year,No,0.002686,20.25,0.029556,기본 유지 혜택 제공
6323-AYBRX,Two year,No,0.002769,19.35,0.029544,기본 유지 혜택 제공
4299-OPXEJ,Two year,No,0.003565,19.55,0.029505,기본 유지 혜택 제공
1309-XGFSN,One year,DSL,0.014596,80.85,0.029499,기본 유지 혜택 제공
8241-JUIQO,One year,No,0.001318,19.45,0.029443,기본 유지 혜택 제공
8591-TKMZH,Two year,Fiber optic,0.010576,111.1,0.029443,결합 쿠폰 제공
3721-WKIIL,Two year,No,0.00225,19.6,0.029381,기본 유지 혜택 제공
8404-VIOMB,Two year,DSL,0.010762,62.5,0.029319,기본 유지 혜택 제공
7131-ZQZNK,Two year,DSL,0.01077,59.85,0.029312,기본 유지 혜택 제공
1337-BOZWO,One year,DSL,0.012107,46.4,0.029242,기본 유지 혜택 제공
2954-PIBKO,Two year,DSL,0.020497,64.15,0.029202,기본 유지 혜택 제공
2233-TXSIU,One year,DSL,0.008083,44.45,0.029155,기본 유지 혜택 제공
6559-RAKOZ,One year,Fiber optic,0.023116,97.95,0.029146,결합 쿠폰 제공
7722-CVFXN,One year,Fiber optic,0.010429,105.2,0.029145,결합 쿠폰 제공
2228-BZDEE,Two year,No,0.001262,20.1,0.029056,기본 유지 혜택 제공
5336-UFNZP,One year,Fiber optic,0.016881,107.45,0.029044,결합 쿠폰 제공
8226-BXGES,One year,Fiber optic,0.011965,89.45,0.029016,결합 쿠폰 제공
8165-CBKXO,Two year,DSL,0.01002,56.75,0.029015,기본 유지 혜택 제공
4312-GVYNH,Two year,DSL,0.00699,49.85,0.029013,기본 유지 혜택 제공
1389-WNUIB,One year,DSL,0.00961,76.0,0.028998,기본 유지 혜택 제공
7469-LKBCI,Two year,No,0.006155,18.95,0.028974,기본 유지 혜택 제공
8007-YYPWD,Two year,No,0.004894,25.05,0.028956,기본 유지 혜택 제공
6981-TDRFT,One year,DSL,0.00669,54.3,0.028933,기본 유지 혜택 제공
3266-FTKHB,Two year,No,0.003822,19.15,0.028922,기본 유지 혜택 제공
6103-LIANB,Two year,Fiber optic,0.013951,99.5,0.028915,결합 쿠폰 제공
9110-HSGTV,Two year,DSL,0.012808,82.45,0.028865,기본 유지 혜택 제공
1837-YQUCE,Two year,DSL,0.005553,58.35,0.028859,기본 유지 혜택 제공
9639-BUJXT,One year,No,0.002165,20.5,0.028746,기본 유지 혜택 제공
9548-LERKT,Two year,No,0.003573,19.75,0.028743,기본 유지 혜택 제공
0397-ZXWQF,Two year,No,0.006215,20.5,0.028729,기본 유지 혜택 제공
3525-DVKFN,Two year,No,0.001798,19.4,0.028674,기본 유지 혜택 제공
7560-QJAVJ,Two year,DSL,0.010547,79.6,0.028658,기본 유지 혜택 제공
5680-LQOGP,Two year,DSL,0.008903,82.45,0.028592,기본 유지 혜택 제공
7665-NKLAV,Two year,DSL,0.002552,40.65,0.028558,기본 유지 혜택 제공
7398-HPYZQ,Two year,DSL,0.010574,90.55,0.028511,기본 유지 혜택 제공
3841-NFECX,Two year,Fiber optic,0.019382,96.35,0.028479,결합 쿠폰 제공
6614-YOLAC,Two year,DSL,0.005756,58.65,0.02844,기본 유지 혜택 제공
8402-OOOHJ,Two year,No,0.001965,20.65,0.028402,기본 유지 혜택 제공
6050-IJRHS,One year,Fiber optic,0.010115,106.5,0.028319,결합 쿠폰 제공
6551-VLJMV,Two year,No,0.004871,20.05,0.028314,기본 유지 혜택 제공
1241-EZFMJ,Two year,No,0.003036,25.45,0.028288,기본 유지 혜택 제공
5063-IUOKK,Two year,No,0.001642,19.75,0.028257,기본 유지 혜택 제공
5377-NDTOU,Two year,DSL,0.009044,91.05,0.02822,기본 유지 혜택 제공
9795-SHUHB,Two year,DSL,0.005056,58.2,0.028206,기본 유지 혜택 제공
2068-WWXQZ,Two year,No,0.00229,20.05,0.028182,기본 유지 혜택 제공
9385-NXKDA,Two year,DSL,0.014274,82.65,0.028182,기본 유지 혜택 제공
2923-ARZLG,One year,No,0.002269,19.7,0.028097,기본 유지 혜택 제공
0516-OOHAR,One year,Fiber optic,0.008065,100.35,0.028062,결합 쿠폰 제공
4521-WFJAI,Two year,No,0.00482,25.95,0.028005,기본 유지 혜택 제공
0562-KBDVM,Two year,DSL,0.005849,44.6,0.027997,기본 유지 혜택 제공
7550-WIQVA,One year,Fiber optic,0.012288,108.25,0.027943,결합 쿠폰 제공
3948-KXDUF,Two year,DSL,0.004362,68.75,0.027903,기본 유지 혜택 제공
5781-RFZRP,Two year,DSL,0.004643,73.5,0.027674,기본 유지 혜택 제공
9588-YRFHY,Two year,No,0.002102,19.9,0.027613,기본 유지 혜택 제공
0336-PIKEI,Two year,DSL,0.00646,74.4,0.027597,기본 유지 혜택 제공
0253-ZTEOB,Two year,DSL,0.014744,79.65,0.027582,기본 유지 혜택 제공
5356-KZCKT,Two year,No,0.00233,24.45,0.027535,기본 유지 혜택 제공
2632-TACXW,Two year,No,0.003472,23.65,0.027507,기본 유지 혜택 제공
5148-ORICT,Two year,DSL,0.009962,74.35,0.027467,기본 유지 혜택 제공
4700-UBQMV,One year,DSL,0.010917,75.9,0.027403,기본 유지 혜택 제공
4950-HKQTE,Two year,No,0.003294,26.25,0.027321,기본 유지 혜택 제공
0909-SELIE,Two year,DSL,0.023567,80.8,0.027284,기본 유지 혜택 제공
3212-KXOCR,Two year,No,0.003416,21.0,0.027207,기본 유지 혜택 제공
4703-MQYKT,Two year,No,0.0029,19.6,0.027193,기본 유지 혜택 제공
2900-PHPLN,Two year,No,0.002697,19.55,0.02718,기본 유지 혜택 제공
5171-EPLKN,Two year,No,0.001663,19.85,0.027162,기본 유지 혜택 제공
7524-VRLPL,Two year,DSL,0.012943,74.1,0.027154,기본 유지 혜택 제공
0864-FVJNJ,One year,Fiber optic,0.01819,113.35,0.027147,결합 쿠폰 제공
1093-YSWCA,Two year,No,0.001739,19.55,0.027145,기본 유지 혜택 제공
2690-DVRVK,One year,No,0.002044,20.55,0.027121,기본 유지 혜택 제공
9646-NMHXE,Two year,No,0.001118,19.65,0.027118,기본 유지 혜택 제공
1231-YNDEK,Two year,No,0.003138,19.15,0.027091,기본 유지 혜택 제공
4419-UJMUS,Two year,Fiber optic,0.011242,99.35,0.027057,결합 쿠폰 제공
8701-DGLVH,Two year,No,0.001958,20.45,0.027002,기본 유지 혜택 제공
6425-JWTDV,Two year,No,0.003787,19.25,0.026976,기본 유지 혜택 제공
8515-OCTJS,Two year,No,0.003693,24.75,0.026948,기본 유지 혜택 제공
1266-NZYUI,Two year,DSL,0.006612,66.85,0.026875,기본 유지 혜택 제공
3552-CTCYF,Two year,Fiber optic,0.02315,104.8,0.026822,결합 쿠폰 제공
6994-FGRHH,One year,Fiber optic,0.01014,106.15,0.02679,결합 쿠폰 제공
7945-PRBVF,Two year,No,0.002975,21.45,0.02677,기본 유지 혜택 제공
9065-ZCPQX,Two year,DSL,0.008965,78.85,0.026766,기본 유지 혜택 제공
5825-XJOCM,One year,DSL,0.010479,64.4,0.026742,기본 유지 혜택 제공
5930-GBIWP,Two year,DSL,0.022233,81.5,0.026729,기본 유지 혜택 제공
3108-PCCGG,Two year,DSL,0.01329,84.45,0.026718,기본 유지 혜택 제공
7816-VGHTO,Two year,DSL,0.004645,40.55,0.026702,기본 유지 혜택 제공
1442-OKRJE,One year,Fiber optic,0.038415,103.15,0.026654,결합 쿠폰 제공
0607-DAAHE,Two year,No,0.002646,19.75,0.026637,기본 유지 혜택 제공
5993-JSUWV,Two year,DSL,0.013416,61.15,0.026602,기본 유지 혜택 제공
0936-NQLJU,Two year,No,0.002936,20.65,0.026542,기본 유지 혜택 제공
6993-YCOBK,Two year,Fiber optic,0.016963,110.6,0.026541,결합 쿠폰 제공
4723-BEGSG,Two year,DSL,0.007706,86.65,0.026461,기본 유지 혜택 제공
2333-KWEWW,Two year,No,0.00601,20.05,0.026453,기본 유지 혜택 제공
6848-HJTXY,Two year,No,0.002321,19.45,0.026447,기본 유지 혜택 제공
9764-REAFF,Two year,No,0.008915,18.4,0.026437,기본 유지 혜택 제공
6087-YPWHO,Two year,DSL,0.006783,68.15,0.026402,기본 유지 혜택 제공
6265-FRMTQ,Two year,No,0.004288,20.4,0.026392,기본 유지 혜택 제공
5997-OPVFA,Two year,DSL,0.014816,89.05,0.026391,기본 유지 혜택 제공
0827-ITJPH,Two year,No,0.003106,18.55,0.026391,기본 유지 혜택 제공
5269-NRGDP,One year,DSL,0.006972,73.15,0.026296,기본 유지 혜택 제공
5044-XDPYX,Two year,No,0.003297,25.5,0.026213,기본 유지 혜택 제공
8069-RHUXK,Two year,DSL,0.004544,35.7,0.026209,기본 유지 혜택 제공
6217-KDYWC,Two year,No,0.002496,19.6,0.026178,기본 유지 혜택 제공
7579-KKLOE,Two year,DSL,0.020948,91.25,0.026175,기본 유지 혜택 제공
3521-HTQTV,Two year,No,0.004507,26.1,0.026144,기본 유지 혜택 제공
5995-LFTLE,Two year,No,0.004774,25.3,0.026144,기본 유지 혜택 제공
2662-NNTDK,One year,No,0.004834,24.8,0.026119,기본 유지 혜택 제공
9631-RXVJM,Two year,No,0.003823,19.25,0.026111,기본 유지 혜택 제공
9108-EQPNQ,Two year,No,0.002879,26.1,0.026062,기본 유지 혜택 제공
4644-PIZRT,One year,DSL,0.012441,70.35,0.026033,기본 유지 혜택 제공
5593-SUAOO,One year,Fiber optic,0.022101,83.15,0.026024,결합 쿠폰 제공
9470-RTWDV,One year,DSL,0.006736,82.0,0.026019,기본 유지 혜택 제공
6292-TOSSS,Two year,No,0.002438,24.9,0.025974,기본 유지 혜택 제공
4079-WWQQQ,Two year,DSL,0.00495,65.55,0.025958,기본 유지 혜택 제공
5542-NKVRU,Two year,No,0.003132,20.75,0.0259,기본 유지 혜택 제공
8859-DZTGQ,Two year,No,0.002081,20.35,0.025849,기본 유지 혜택 제공
4000-VGMQP,One year,DSL,0.010396,78.95,0.025754,기본 유지 혜택 제공
1960-UOTYM,Two year,DSL,0.007762,79.2,0.025723,기본 유지 혜택 제공
8218-FFJDS,Two year,DSL,0.018085,86.4,0.025721,기본 유지 혜택 제공
0839-QNXME,Two year,No,0.001362,19.4,0.02572,기본 유지 혜택 제공
6625-FLENO,Two year,No,0.004219,20.75,0.025627,기본 유지 혜택 제공
0479-HMSWA,Two year,Fiber optic,0.011299,105.45,0.025622,결합 쿠폰 제공
6518-KZXCB,Two year,No,0.005557,25.25,0.025616,기본 유지 혜택 제공
9715-WZCLW,Two year,Fiber optic,0.014964,97.2,0.025545,결합 쿠폰 제공
3813-DHBBB,Two year,DSL,0.011581,50.95,0.02554,기본 유지 혜택 제공
3865-ZFZIB,Two year,No,0.001143,19.65,0.02549,기본 유지 혜택 제공
2146-EGVDT,Two year,No,0.00194,19.3,0.025443,기본 유지 혜택 제공
5598-IKHQQ,Two year,No,0.00922,25.45,0.025438,기본 유지 혜택 제공
6933-VLYFX,One year,DSL,0.003527,59.95,0.025359,기본 유지 혜택 제공
5375-XLDOF,Two year,Fiber optic,0.025516,114.35,0.025294,결합 쿠폰 제공
9286-BHDQG,Two year,DSL,0.003884,45.25,0.025195,기본 유지 혜택 제공
1676-MQAOA,Two year,DSL,0.013613,75.1,0.025127,기본 유지 혜택 제공
8571-ZCMCX,Two year,DSL,0.017591,60.0,0.02512,기본 유지 혜택 제공
7758-UJWYS,Two year,DSL,0.002977,40.55,0.025091,기본 유지 혜택 제공
3253-HKOKL,One year,Fiber optic,0.010286,100.3,0.025035,결합 쿠폰 제공
9844-FELAJ,One year,Fiber optic,0.01324,107.9,0.025013,결합 쿠폰 제공
0980-FEXWF,One year,DSL,0.006679,50.35,0.024981,기본 유지 혜택 제공
3976-HXHCE,Two year,No,0.000941,19.3,0.024966,기본 유지 혜택 제공
3648-GZPHF,One year,DSL,0.004495,36.25,0.024959,기본 유지 혜택 제공
5124-EOGYE,Two year,No,0.003478,20.45,0.024959,기본 유지 혜택 제공
6481-LXPWL,One year,DSL,0.002063,36.1,0.024944,기본 유지 혜택 제공
0689-DSXGL,Month-to-month,Fiber optic,0.019405,85.8,0.024929,장기 약정(1~2년) 전환 유도 및 결합 쿠폰 제공
7129-AZJDE,One year,Fiber optic,0.009013,78.95,0.024885,결합 쿠폰 제공
8961-QDZZJ,One year,Fiber optic,0.01078,95.0,0.024873,결합 쿠폰 제공
5227-JSCFE,Two year,DSL,0.003677,46.35,0.024849,기본 유지 혜택 제공
4992-LTJNE,Two year,DSL,0.015574,55.3,0.024846,기본 유지 혜택 제공
2729-VNVAP,Two year,No,0.003639,19.8,0.024792,기본 유지 혜택 제공
1135-HIORI,One year,Fiber optic,0.01748,111.45,0.024752,결합 쿠폰 제공
5456-ITGIC,Two year,DSL,0.006559,64.45,0.024705,기본 유지 혜택 제공
2274-XUATA,Two year,DSL,0.020192,63.1,0.024676,기본 유지 혜택 제공
1215-EXRMO,Two year,No,0.004881,20.55,0.024672,기본 유지 혜택 제공
1627-AFWVJ,Two year,No,0.002244,19.4,0.024663,기본 유지 혜택 제공
1241-FPMOF,Two year,No,0.002763,19.65,0.024658,기본 유지 혜택 제공
2300-RQGOI,Two year,No,0.006005,20.05,0.02465,기본 유지 혜택 제공
8125-QPFJD,Two year,DSL,0.00868,84.9,0.024639,기본 유지 혜택 제공
3398-GCPMU,Two year,DSL,0.009412,89.55,0.024636,기본 유지 혜택 제공
2251-PYLPB,Two year,DSL,0.012328,79.55,0.024632,기본 유지 혜택 제공
9710-NJERN,Two year,No,0.00345,20.15,0.024507,기본 유지 혜택 제공
6701-YVNQG,Two year,DSL,0.013603,88.7,0.024446,기본 유지 혜택 제공
5887-IKKYO,Two year,Fiber optic,0.014889,94.35,0.024444,결합 쿠폰 제공
0048-LUMLS,One year,Fiber optic,0.010979,91.2,0.024428,결합 쿠폰 제공
1657-DYMBM,Two year,No,0.002092,19.9,0.024393,기본 유지 혜택 제공
6901-GOGZG,Two year,DSL,0.008992,84.95,0.024337,기본 유지 혜택 제공
9086-YJYXS,One year,DSL,0.005843,77.2,0.024329,기본 유지 혜택 제공
0530-IJVDB,Two year,Fiber optic,0.009075,114.6,0.024286,결합 쿠폰 제공
4701-LKOZD,Two year,DSL,0.010316,89.75,0.024251,기본 유지 혜택 제공
5198-HQAEN,One year,Fiber optic,0.007307,89.7,0.024233,결합 쿠폰 제공
4367-NUYAO,Two year,No,0.001338,25.75,0.024223,기본 유지 혜택 제공
5055-BRMNE,Two year,Fiber optic,0.007368,106.7,0.024221,결합 쿠폰 제공
1956-YIFGE,One year,Fiber optic,0.015415,100.05,0.024193,결합 쿠폰 제공
3363-DTIVD,Two year,Fiber optic,0.015804,105.55,0.024193,결합 쿠폰 제공
1448-CYWKC,One year,Fiber optic,0.009384,105.2,0.02419,결합 쿠폰 제공
1395-WSWXR,Two year,No,0.005182,20.75,0.024168,기본 유지 혜택 제공
1535-VTJOQ,Two year,No,0.005792,25.15,0.024164,기본 유지 혜택 제공
0582-AVCLN,Two year,No,0.004796,20.3,0.024164,기본 유지 혜택 제공
8466-PZBLH,Two year,Fiber optic,0.012135,104.6,0.024117,결합 쿠폰 제공
3071-MVJCD,Two year,DSL,0.010734,82.3,0.024114,기본 유지 혜택 제공
9154-QDGTH,One year,Fiber optic,0.02595,104.3,0.024098,결합 쿠폰 제공
8966-SNIZF,Two year,No,0.002684,19.45,0.024086,기본 유지 혜택 제공
8990-YOZLV,Two year,DSL,0.010572,66.9,0.02407,기본 유지 혜택 제공
2632-IVXVF,Two year,Fiber optic,0.026847,111.75,0.024023,결합 쿠폰 제공
7503-MIOGA,Two year,DSL,0.011658,89.85,0.024014,기본 유지 혜택 제공
4139-DETXS,Two year,DSL,0.019302,64.45,0.024003,기본 유지 혜택 제공
5199-FPUSP,One year,DSL,0.004006,34.05,0.023987,기본 유지 혜택 제공
1951-IEYXM,Two year,DSL,0.011787,90.6,0.02398,기본 유지 혜택 제공
7706-YLMQA,One year,No,0.00379,19.7,0.023977,기본 유지 혜택 제공
3898-BSJYF,One year,DSL,0.013157,73.55,0.023968,기본 유지 혜택 제공
1167-OYZJF,Two year,No,0.001512,20.05,0.023932,기본 유지 혜택 제공
7873-CVMAW,Two year,DSL,0.016893,88.55,0.023918,기본 유지 혜택 제공
7544-ZVIKX,One year,Fiber optic,0.012537,105.05,0.02389,결합 쿠폰 제공
3097-FQTVJ,Two year,No,0.002455,20.0,0.023881,기본 유지 혜택 제공
7688-AWMDX,Two year,DSL,0.00353,54.5,0.023865,기본 유지 혜택 제공
6421-SZVEM,One year,Fiber optic,0.009207,82.85,0.023851,결합 쿠폰 제공
4086-ATNFV,One year,DSL,0.009548,60.8,0.023844,기본 유지 혜택 제공
5846-NEQVZ,Two year,DSL,0.006028,70.85,0.023839,기본 유지 혜택 제공
5857-XRECV,One year,No,0.002759,20.5,0.023815,기본 유지 혜택 제공
0336-KXKFK,Two year,DSL,0.009381,61.2,0.023759,기본 유지 혜택 제공
2226-ICFDO,Two year,DSL,0.022245,85.9,0.023754,기본 유지 혜택 제공
8565-WUXZU,Two year,Fiber optic,0.024908,84.8,0.023753,결합 쿠폰 제공
9746-YKGXB,One year,DSL,0.007769,44.25,0.02374,기본 유지 혜택 제공
2898-MRKPI,One year,Fiber optic,0.034038,101.05,0.023738,결합 쿠폰 제공
4334-HOWRP,Two year,DSL,0.007813,64.95,0.02373,기본 유지 혜택 제공
3441-CGZJH,One year,DSL,0.015538,60.4,0.023724,기본 유지 혜택 제공
4883-KCPZJ,Two year,No,0.001775,25.25,0.023699,기본 유지 혜택 제공
6961-MJKBO,Two year,No,0.005475,20.45,0.02365,기본 유지 혜택 제공
3938-YFPXD,Two year,DSL,0.012695,84.3,0.023643,기본 유지 혜택 제공
9778-OGKQZ,Two year,DSL,0.012622,92.0,0.02362,기본 유지 혜택 제공
2545-LXYVJ,Two year,No,0.002622,20.7,0.023603,기본 유지 혜택 제공
9625-QNLUX,Two year,Fiber optic,0.006059,103.25,0.023594,결합 쿠폰 제공
0674-GCDXG,Two year,DSL,0.013817,71.9,0.023575,기본 유지 혜택 제공
3646-ITDGM,Two year,No,0.002723,19.7,0.023565,기본 유지 혜택 제공
2675-IJRGJ,Two year,No,0.00453,19.65,0.023538,기본 유지 혜택 제공
1536-YHDOE,One year,DSL,0.012263,62.1,0.023537,기본 유지 혜택 제공
9624-EGDEQ,Two year,No,0.001541,19.8,0.023513,기본 유지 혜택 제공
8661-BOYNW,Two year,DSL,0.013455,84.4,0.02347,기본 유지 혜택 제공
8510-TMWYB,Two year,DSL,0.012312,59.8,0.023458,기본 유지 혜택 제공
5248-YGIJN,Two year,DSL,0.017166,90.25,0.023428,기본 유지 혜택 제공
2969-WGHQO,One year,DSL,0.008131,69.45,0.02341,기본 유지 혜택 제공
6407-GSJNL,Two year,No,0.002781,24.95,0.023406,기본 유지 혜택 제공
3468-DRVQJ,One year,DSL,0.013371,70.3,0.023402,기본 유지 혜택 제공
1834-ABKHQ,One year,DSL,0.005841,50.95,0.023396,기본 유지 혜택 제공
1971-DTCZB,Two year,DSL,0.02057,90.95,0.023385,기본 유지 혜택 제공
6586-PSJOX,One year,DSL,0.012672,55.2,0.023316,기본 유지 혜택 제공
9755-JHNMN,Two year,DSL,0.015924,67.4,0.023301,기본 유지 혜택 제공
0489-WMEMG,One year,DSL,0.005702,49.45,0.023295,기본 유지 혜택 제공
9705-ZJBCG,One year,DSL,0.009372,54.15,0.023286,기본 유지 혜택 제공
3392-EHMNK,Two year,Fiber optic,0.029213,94.1,0.023164,결합 쿠폰 제공
4967-WPNCF,Two year,DSL,0.01456,63.7,0.023133,기본 유지 혜택 제공
8216-AZUUZ,Two year,Fiber optic,0.007347,100.4,0.02313,결합 쿠폰 제공
3865-YIOTT,One year,Fiber optic,0.00804,106.1,0.023124,결합 쿠폰 제공
7319-ZNRTR,One year,No,0.002454,19.6,0.023036,기본 유지 혜택 제공
2817-LVCPP,Two year,No,0.002682,19.4,0.023034,기본 유지 혜택 제공
5879-HMFFH,Two year,DSL,0.019378,88.05,0.022974,기본 유지 혜택 제공
6348-SNFUS,Two year,DSL,0.005575,55.45,0.022944,기본 유지 혜택 제공
0305-SQECB,One year,DSL,0.004745,36.05,0.022933,기본 유지 혜택 제공
9495-REDIY,One year,DSL,0.009807,40.65,0.022916,기본 유지 혜택 제공
8610-ZIKJJ,One year,No,0.002846,20.3,0.022915,기본 유지 혜택 제공
8204-YJCLA,Two year,DSL,0.011142,64.8,0.022841,기본 유지 혜택 제공
1460-UZPRJ,Two year,No,0.003324,19.95,0.022837,기본 유지 혜택 제공
8464-EETCQ,Two year,No,0.002816,18.8,0.022808,기본 유지 혜택 제공
0704-VCUMB,Two year,No,0.002368,20.25,0.022796,기본 유지 혜택 제공
5275-PMFUT,Two year,DSL,0.01071,64.8,0.022794,기본 유지 혜택 제공
7101-HRBLJ,Two year,DSL,0.013619,83.7,0.022744,기본 유지 혜택 제공
7998-WNZEM,Two year,DSL,0.004855,80.6,0.022729,기본 유지 혜택 제공
1955-IBMMB,Two year,No,0.001822,20.2,0.022705,기본 유지 혜택 제공
5321-NTRKC,Two year,DSL,0.006712,79.85,0.022693,기본 유지 혜택 제공
4735-BJKOU,Two year,No,0.002124,20.15,0.022667,기본 유지 혜택 제공
8896-RAZCR,Two year,No,0.00295,19.9,0.022661,기본 유지 혜택 제공
3410-MHHUM,One year,Fiber optic,0.007419,94.4,0.022641,결합 쿠폰 제공
0661-KBKPA,One year,DSL,0.011081,78.75,0.022631,기본 유지 혜택 제공
1402-PTHGN,One year,DSL,0.005888,61.5,0.022615,기본 유지 혜택 제공
8707-HOEDG,Two year,Fiber optic,0.015385,110.2,0.022598,결합 쿠폰 제공
4589-IUAJB,Two year,No,0.003573,24.25,0.02254,기본 유지 혜택 제공
0621-CXBKL,Two year,No,0.00208,18.7,0.022537,기본 유지 혜택 제공
6885-PKOAM,Two year,DSL,0.010633,85.75,0.022509,기본 유지 혜택 제공
0505-SPOOW,Two year,No,0.001609,19.8,0.022508,기본 유지 혜택 제공
8747-UDCOI,Two year,No,0.002226,19.35,0.022459,기본 유지 혜택 제공
6840-RESVB,One year,DSL,0.014817,84.8,0.022459,기본 유지 혜택 제공
2805-AUFQN,Two year,No,0.00538,19.8,0.022441,기본 유지 혜택 제공
4057-FKCZK,Two year,Fiber optic,0.009202,82.5,0.022436,결합 쿠폰 제공
1302-TPUBN,Two year,No,0.002217,19.35,0.022436,기본 유지 혜택 제공
2984-RGEYA,Two year,No,0.002544,19.75,0.022389,기본 유지 혜택 제공
1970-KKFWL,Two year,No,0.001905,23.3,0.022379,기본 유지 혜택 제공
6370-ZVHDV,Two year,No,0.002952,25.3,0.02237,기본 유지 혜택 제공
7996-MHXLW,Two year,No,0.006938,25.15,0.022363,기본 유지 혜택 제공
3696-DFHHB,Two year,No,0.012139,25.5,0.022355,기본 유지 혜택 제공
8849-PRIQJ,One year,Fiber optic,0.010494,109.4,0.022345,결합 쿠폰 제공
3850-OKINF,One year,DSL,0.008824,66.2,0.022341,기본 유지 혜택 제공
7607-QKKTJ,One year,Fiber optic,0.013596,95.0,0.022333,결합 쿠폰 제공
4135-FRWKJ,One year,DSL,0.009618,76.25,0.022326,기본 유지 혜택 제공
3096-WPXBT,One year,Fiber optic,0.009845,100.7,0.022266,결합 쿠폰 제공
5473-KHBPS,One year,Fiber optic,0.006717,95.7,0.022262,결합 쿠폰 제공
6000-UKLWI,Two year,No,0.003542,20.15,0.022242,기본 유지 혜택 제공
1221-GHZEP,Two year,DSL,0.010615,65.1,0.022228,기본 유지 혜택 제공
8374-UULRV,Two year,DSL,0.010654,86.05,0.022198,기본 유지 혜택 제공
6060-QBMGV,Two year,No,0.002646,19.85,0.022192,기본 유지 혜택 제공
5306-BVTKJ,One year,DSL,0.008807,55.8,0.022189,기본 유지 혜택 제공
9814-AOUDH,Two year,No,0.002707,19.5,0.022172,기본 유지 혜택 제공
1004-NOZNR,One year,Fiber optic,0.006905,94.8,0.02216,결합 쿠폰 제공
3913-RDSJZ,Two year,No,0.004147,25.55,0.022157,기본 유지 혜택 제공
3146-MSEGF,Two year,DSL,0.014041,88.05,0.022132,기본 유지 혜택 제공
9938-TKDGL,Two year,Fiber optic,0.013304,99.55,0.022104,결합 쿠폰 제공
9507-HSMMZ,Two year,No,0.001717,20.0,0.022089,기본 유지 혜택 제공
4114-QMKVN,One year,DSL,0.004826,68.75,0.022046,기본 유지 혜택 제공
6010-DDPPW,Two year,No,0.001631,25.15,0.022041,기본 유지 혜택 제공
4458-KVRBJ,Two year,No,0.002282,25.0,0.022037,기본 유지 혜택 제공
0234-TEVTT,One year,DSL,0.007433,45.0,0.022029,기본 유지 혜택 제공
5062-CJJKH,One year,DSL,0.005855,53.65,0.022025,기본 유지 혜택 제공
9530-GRMJG,Two year,DSL,0.009699,84.1,0.022019,기본 유지 혜택 제공
5146-YYFRZ,Two year,No,0.002193,19.95,0.022017,기본 유지 혜택 제공
1064-FBXNK,One year,No,0.002364,19.85,0.022017,기본 유지 혜택 제공
5494-WOZRZ,Two year,DSL,0.007501,82.0,0.021966,기본 유지 혜택 제공
6598-KELSS,One year,DSL,0.004973,43.05,0.021944,기본 유지 혜택 제공
9435-JMLSX,Two year,DSL,0.012079,86.1,0.02193,기본 유지 혜택 제공
1080-BWSYE,Two year,No,0.002112,25.65,0.021918,기본 유지 혜택 제공
3774-VBNXY,Two year,No,0.003172,20.2,0.021904,기본 유지 혜택 제공
6134-KWTBV,Two year,No,0.002722,23.4,0.021902,기본 유지 혜택 제공
2724-FJDYW,One year,DSL,0.008408,54.85,0.021895,기본 유지 혜택 제공
8441-SHIPE,Two year,No,0.004143,25.6,0.021874,기본 유지 혜택 제공
1929-ZCBHE,One year,DSL,0.008436,40.3,0.021865,기본 유지 혜택 제공
9702-AIUJO,One year,DSL,0.006639,44.8,0.021863,기본 유지 혜택 제공
7921-BEPCI,Two year,DSL,0.005192,59.75,0.02186,기본 유지 혜택 제공
3219-JQRSL,Two year,DSL,0.013998,89.1,0.021814,기본 유지 혜택 제공
1945-XISKS,Two year,No,0.002841,19.65,0.021801,기본 유지 혜택 제공
8213-TAZPM,One year,Fiber optic,0.014827,108.75,0.021784,결합 쿠폰 제공
1832-PEUTS,Two year,Fiber optic,0.019734,89.1,0.021781,결합 쿠폰 제공
0895-LNKRC,One year,No,0.003108,19.45,0.021769,기본 유지 혜택 제공
8285-ABVLB,Two year,No,0.00195,19.85,0.021759,기본 유지 혜택 제공
4092-OFQZS,One year,No,0.001213,20.65,0.021725,기본 유지 혜택 제공
6614-YWYSC,Two year,No,0.00699,25.0,0.021713,기본 유지 혜택 제공
7408-OFWXJ,Two year,DSL,0.017109,89.8,0.021695,기본 유지 혜택 제공
3084-DOWLE,Two year,DSL,0.013646,92.0,0.021681,기본 유지 혜택 제공
4018-PPNDW,Two year,No,0.004834,24.1,0.021654,기본 유지 혜택 제공
8336-TAVKX,Two year,DSL,0.033226,78.45,0.021649,기본 유지 혜택 제공
0266-CLZKZ,Two year,Fiber optic,0.010541,105.65,0.021648,결합 쿠폰 제공
3764-MNMOI,Two year,No,0.002958,19.2,0.021624,기본 유지 혜택 제공
0780-XNZFN,Two year,No,0.001228,20.65,0.021586,기본 유지 혜택 제공
6693-DJWTY,One year,DSL,0.010405,55.6,0.021586,기본 유지 혜택 제공
0401-WDBXM,Two year,Fiber optic,0.008296,105.55,0.021576,결합 쿠폰 제공
9481-WHGWY,Two year,DSL,0.004732,75.35,0.021549,기본 유지 혜택 제공
3785-KTYSH,Two year,No,0.003133,24.6,0.021529,기본 유지 혜택 제공
0971-QIFJK,Two year,No,0.002463,24.25,0.021522,기본 유지 혜택 제공
4032-RMHCI,One year,DSL,0.005568,35.4,0.021513,기본 유지 혜택 제공
0848-SOMKO,Two year,DSL,0.004744,48.4,0.021489,기본 유지 혜택 제공
1297-VQDRP,One year,Fiber optic,0.006592,107.15,0.021478,결합 쿠폰 제공
9242-TKFSV,Two year,DSL,0.013766,65.1,0.02147,기본 유지 혜택 제공
5567-GZKQY,Two year,No,0.00408,20.3,0.021454,기본 유지 혜택 제공
9803-FTJCG,One year,DSL,0.005973,66.85,0.021453,기본 유지 혜택 제공
0281-CNTZX,Two year,No,0.001871,19.95,0.021439,기본 유지 혜택 제공
4616-ULAOA,Two year,Fiber optic,0.01066,110.8,0.021431,결합 쿠폰 제공
9084-OAYKL,Two year,No,0.003915,20.8,0.021395,기본 유지 혜택 제공
0362-RAOQO,Two year,No,0.001845,19.65,0.021374,기본 유지 혜택 제공
4990-ALDGW,Two year,No,0.004174,20.75,0.021327,기본 유지 혜택 제공
1619-YWUBB,Two year,No,0.006395,24.95,0.021312,기본 유지 혜택 제공
6164-HAQTX,Two year,DSL,0.01434,53.95,0.021309,기본 유지 혜택 제공
7515-LODFU,Two year,No,0.004537,20.3,0.021269,기본 유지 혜택 제공
3308-DGHKL,Two year,No,0.002212,19.3,0.021249,기본 유지 혜택 제공
3154-HMWUU,Two year,No,0.002243,20.5,0.02121,기본 유지 혜택 제공
1047-RNXZV,Two year,No,0.001714,19.55,0.021192,기본 유지 혜택 제공
5684-FJVYR,Two year,Fiber optic,0.009564,90.35,0.021181,결합 쿠폰 제공
2516-XSJKX,Two year,DSL,0.008524,78.45,0.021172,기본 유지 혜택 제공
4737-AQCPU,Two year,DSL,0.01273,72.1,0.021161,기본 유지 혜택 제공
9705-IOVQQ,One year,Fiber optic,0.018343,99.0,0.021149,결합 쿠폰 제공
6427-FEFIG,Two year,DSL,0.006898,78.6,0.021123,기본 유지 혜택 제공
2452-MRMZF,Two year,No,0.004235,25.7,0.021115,기본 유지 혜택 제공
7014-ZZXAW,Two year,No,0.003694,24.25,0.021097,기본 유지 혜택 제공
6522-OIQSX,Two year,DSL,0.00672,54.95,0.021087,기본 유지 혜택 제공
2848-YXSMW,Two year,No,0.001849,19.4,0.021084,기본 유지 혜택 제공
4698-KVLLG,Two year,No,0.002042,19.6,0.021053,기본 유지 혜택 제공
3315-IKYZQ,One year,DSL,0.005805,50.8,0.021044,기본 유지 혜택 제공
9581-GVBXT,One year,DSL,0.003774,34.8,0.021019,기본 유지 혜택 제공
6556-DBKZF,Two year,Fiber optic,0.006542,76.05,0.020971,결합 쿠폰 제공
0374-FIUCA,Two year,No,0.001872,20.4,0.020964,기본 유지 혜택 제공
6937-GCDGQ,One year,DSL,0.011436,48.95,0.020953,기본 유지 혜택 제공
4335-BSMJS,Two year,No,0.003924,25.8,0.020946,기본 유지 혜택 제공
4378-MYPGO,Two year,Fiber optic,0.012474,105.25,0.020943,결합 쿠폰 제공
9916-AYHTC,Two year,No,0.001766,19.85,0.020941,기본 유지 혜택 제공
3617-XLSGQ,Two year,Fiber optic,0.015095,109.25,0.020935,결합 쿠폰 제공
2072-ZVJJX,Two year,No,0.002564,25.25,0.020918,기본 유지 혜택 제공
9504-YAZWB,Two year,No,0.002583,20.25,0.0209,기본 유지 혜택 제공
1240-HCBOH,Two year,No,0.002334,26.1,0.020894,기본 유지 혜택 제공
4625-LAMOB,Two year,No,0.004295,20.4,0.02086,기본 유지 혜택 제공
3612-YUNGG,Two year,Fiber optic,0.024973,109.2,0.020847,결합 쿠폰 제공
2384-OVPSA,Two year,No,0.003078,20.2,0.020838,기본 유지 혜택 제공
9138-EFSMO,One year,Fiber optic,0.016248,78.95,0.020826,결합 쿠폰 제공
2789-CZANW,Two year,Fiber optic,0.006174,110.3,0.020808,결합 쿠폰 제공
4782-OSFXZ,Two year,DSL,0.009477,82.7,0.020807,기본 유지 혜택 제공
4355-CVPVS,One year,Fiber optic,0.020466,88.9,0.020708,결합 쿠폰 제공
0743-HRVFF,One year,DSL,0.010604,56.15,0.020704,기본 유지 혜택 제공
7105-BENQF,One year,DSL,0.007247,64.85,0.020697,기본 유지 혜택 제공
7114-AEOZE,Two year,No,0.008226,19.85,0.020691,기본 유지 혜택 제공
5014-WUQMG,One year,Fiber optic,0.022311,96.1,0.020689,결합 쿠폰 제공
2509-TFPJU,Two year,No,0.002673,25.75,0.020671,기본 유지 혜택 제공
9397-TZSHA,Two year,No,0.00324,24.6,0.020669,기본 유지 혜택 제공
0679-TDGAK,One year,DSL,0.010358,75.5,0.020667,기본 유지 혜택 제공
6445-TNRXS,Two year,Fiber optic,0.012383,114.7,0.020649,결합 쿠폰 제공
5334-AFQJB,Two year,No,0.002499,25.1,0.020634,기본 유지 혜택 제공
1767-CJKBA,Two year,No,0.003309,25.1,0.020599,기본 유지 혜택 제공
7969-FFOWG,Two year,No,0.003294,19.9,0.020428,기본 유지 혜택 제공
4075-WKNIU,Two year,DSL,0.014447,73.35,0.020397,기본 유지 혜택 제공
6616-AALSR,Two year,Fiber optic,0.01502,104.3,0.020356,결합 쿠폰 제공
0020-JDNXP,One year,DSL,0.008941,61.25,0.020342,기본 유지 혜택 제공
2927-CVULT,Two year,Fiber optic,0.009966,104.05,0.020313,결합 쿠폰 제공
0229-LFJAF,Two year,DSL,0.007531,69.65,0.020286,기본 유지 혜택 제공
7940-UQQUG,One year,Fiber optic,0.010502,104.4,0.02028,결합 쿠폰 제공
4826-DXMUP,One year,DSL,0.004845,72.1,0.020275,기본 유지 혜택 제공
0961-ZWLVI,One year,Fiber optic,0.014644,109.2,0.020233,결합 쿠폰 제공
5666-MBJPT,Two year,No,0.00593,25.1,0.020186,기본 유지 혜택 제공
5197-PYEPU,One year,Fiber optic,0.016139,94.45,0.020181,결합 쿠폰 제공
4377-VDHYI,One year,Fiber optic,0.011388,90.8,0.02014,결합 쿠폰 제공
0621-TSSMU,One year,No,0.003914,19.95,0.020137,기본 유지 혜택 제공
7649-SIJJF,Two year,DSL,0.007994,80.1,0.020133,기본 유지 혜택 제공
4361-FEBGN,Two year,No,0.001214,20.15,0.020123,기본 유지 혜택 제공
2272-JKMSI,One year,Fiber optic,0.012552,110.8,0.020122,결합 쿠폰 제공
8232-UTFOZ,Two year,No,0.002416,19.95,0.020076,기본 유지 혜택 제공
6867-ACCZI,Two year,DSL,0.008403,52.5,0.020049,기본 유지 혜택 제공
8433-WPJTV,One year,Fiber optic,0.013789,103.9,0.020028,결합 쿠폰 제공
4304-XUMGI,Two year,DSL,0.009512,75.15,0.020018,기본 유지 혜택 제공
3795-CAWEX,Two year,Fiber optic,0.021703,116.55,0.020013,결합 쿠폰 제공
0744-BIKKF,Two year,DSL,0.02154,86.65,0.020012,기본 유지 혜택 제공
3635-QQRQD,Two year,No,0.008191,20.05,0.020012,기본 유지 혜택 제공
8347-GDTMP,Two year,No,0.002082,19.45,0.019974,기본 유지 혜택 제공
6465-GSRCL,One year,Fiber optic,0.014275,106.6,0.019934,결합 쿠폰 제공
5312-IRCFR,One year,Fiber optic,0.018057,92.85,0.01991,결합 쿠폰 제공
5848-FHRFC,Two year,No,0.001984,20.05,0.0199,기본 유지 혜택 제공
3258-ZKPAI,Two year,Fiber optic,0.023282,116.6,0.019893,결합 쿠폰 제공
9453-PATOS,Two year,DSL,0.008028,85.1,0.019889,기본 유지 혜택 제공
9758-MFWGD,One year,DSL,0.004581,29.9,0.019875,기본 유지 혜택 제공
5150-LJNSR,One year,Fiber optic,0.008054,98.05,0.019868,결합 쿠폰 제공
6161-ERDGD,One year,DSL,0.013625,85.45,0.019846,기본 유지 혜택 제공
2796-NNUFI,Two year,No,0.001109,19.95,0.019824,기본 유지 혜택 제공
4785-FCIFB,Two year,No,0.003794,24.4,0.01982,기본 유지 혜택 제공
2495-TTHBQ,One year,No,0.002466,20.4,0.019806,기본 유지 혜택 제공
7427-AUFPY,Two year,No,0.003354,19.65,0.019757,기본 유지 혜택 제공
3566-CAAYU,Two year,DSL,0.006682,49.85,0.019748,기본 유지 혜택 제공
5514-YQENT,Two year,Fiber optic,0.009659,111.15,0.019724,결합 쿠폰 제공
5231-FIQPA,Two year,No,0.001941,19.85,0.019639,기본 유지 혜택 제공
2143-LJULT,Two year,No,0.00618,25.25,0.019587,기본 유지 혜택 제공
3026-ATZYV,One year,DSL,0.011968,75.1,0.019563,기본 유지 혜택 제공
2550-AEVRU,One year,DSL,0.004828,53.45,0.019557,기본 유지 혜택 제공
2176-LVPNX,Two year,DSL,0.007108,89.85,0.019552,기본 유지 혜택 제공
6047-SUHPR,One year,DSL,0.015084,59.8,0.019531,기본 유지 혜택 제공
5605-XNWEN,Two year,No,0.003768,25.0,0.019502,기본 유지 혜택 제공
1131-QQZEB,Two year,No,0.002351,23.95,0.019495,기본 유지 혜택 제공
2429-AYKKO,Two year,No,0.003288,19.85,0.019494,기본 유지 혜택 제공
7115-IRDHS,Two year,No,0.003564,24.65,0.019487,기본 유지 혜택 제공
8232-CTLKO,Two year,DSL,0.016483,59.75,0.019409,기본 유지 혜택 제공
7471-MQPOS,One year,DSL,0.006346,72.9,0.019401,기본 유지 혜택 제공
1545-ACTAS,One year,Fiber optic,0.011699,99.7,0.019381,결합 쿠폰 제공
8434-VGEQQ,Two year,No,0.003668,20.55,0.019357,기본 유지 혜택 제공
1301-LOPVR,One year,DSL,0.010143,55.35,0.019273,기본 유지 혜택 제공
1069-QJOEE,One year,No,0.002259,19.9,0.019271,기본 유지 혜택 제공
0526-SXDJP,Two year,DSL,0.008292,42.1,0.019259,기본 유지 혜택 제공
1320-GVNHT,Two year,Fiber optic,0.011013,108.4,0.019225,결합 쿠폰 제공
7508-KBIMB,One year,DSL,0.009921,56.25,0.019208,기본 유지 혜택 제공
4816-OKWNX,One year,Fiber optic,0.011739,103.4,0.019153,결합 쿠폰 제공
7161-DFHUF,Two year,No,0.002593,23.85,0.019143,기본 유지 혜택 제공
4807-IZYOZ,Two year,No,0.004697,20.65,0.019134,기본 유지 혜택 제공
6139-ZZRBQ,Two year,No,0.001313,20.05,0.01908,기본 유지 혜택 제공
1094-BKOSX,One year,DSL,0.009941,51.0,0.019078,기본 유지 혜택 제공
2137-DQMEV,One year,DSL,0.005322,44.8,0.019059,기본 유지 혜택 제공
8608-OZTLB,One year,DSL,0.008867,74.05,0.019047,기본 유지 혜택 제공
9975-GPKZU,Two year,No,0.001853,19.75,0.019047,기본 유지 혜택 제공
1830-IPXVJ,Two year,No,0.001011,19.75,0.019043,기본 유지 혜택 제공
5846-ABOBJ,Two year,No,0.002776,24.45,0.019025,기본 유지 혜택 제공
7493-GVFIO,Two year,No,0.00795,20.55,0.018984,기본 유지 혜택 제공
9777-IQHWP,Two year,Fiber optic,0.013585,93.4,0.018982,결합 쿠폰 제공
9087-EYCPR,Two year,No,0.003364,25.0,0.01898,기본 유지 혜택 제공
3882-IYOIJ,Two year,Fiber optic,0.009016,115.25,0.018946,결합 쿠폰 제공
7641-TQFHN,Two year,Fiber optic,0.016476,100.55,0.01891,결합 쿠폰 제공
6734-PSBAW,Two year,No,0.00318,23.55,0.018909,기본 유지 혜택 제공
5808-TOTXO,One year,No,0.002325,20.55,0.018884,기본 유지 혜택 제공
4940-KHCWD,Two year,DSL,0.004439,37.7,0.018883,기본 유지 혜택 제공
6519-ZHPXP,Two year,Fiber optic,0.023011,108.3,0.018876,결합 쿠폰 제공
5699-BNCAS,Two year,No,0.002338,24.65,0.018873,기본 유지 혜택 제공
2725-IWWBA,One year,DSL,0.00898,56.9,0.018866,기본 유지 혜택 제공
2027-DNKIV,One year,DSL,0.007074,58.75,0.018801,기본 유지 혜택 제공
6349-JDHQP,Two year,No,0.003286,19.85,0.018796,기본 유지 혜택 제공
7446-KQISO,Two year,Fiber optic,0.015892,109.75,0.018773,결합 쿠폰 제공
8915-NNTRC,Two year,Fiber optic,0.041334,107.7,0.018743,결합 쿠폰 제공
7167-PCEYD,Two year,No,0.00274,19.8,0.01872,기본 유지 혜택 제공
2330-PQGDQ,One year,Fiber optic,0.007943,84.2,0.01867,결합 쿠폰 제공
4827-LTQRJ,One year,Fiber optic,0.012024,110.6,0.018647,결합 쿠폰 제공
9695-IDRZR,Two year,Fiber optic,0.016895,116.15,0.018637,결합 쿠폰 제공
5795-BKOYE,One year,DSL,0.003665,59.1,0.018599,기본 유지 혜택 제공
1904-WAJAA,Two year,DSL,0.00574,64.35,0.018598,기본 유지 혜택 제공
8838-GPHZP,Two year,No,0.003094,20.6,0.018583,기본 유지 혜택 제공
0580-PIQHM,One year,Fiber optic,0.012665,101.6,0.018573,결합 쿠폰 제공
2560-WBWXF,Two year,No,0.003658,24.15,0.018568,기본 유지 혜택 제공
2351-BKRZW,Two year,DSL,0.006581,75.2,0.018558,기본 유지 혜택 제공
7096-ZNBZI,Two year,No,0.002237,26.45,0.018555,기본 유지 혜택 제공
3970-XGJDU,Two year,No,0.001524,19.2,0.018495,기본 유지 혜택 제공
3423-HHXAO,One year,No,0.003228,19.5,0.018468,기본 유지 혜택 제공
1017-FBQMM,One year,Fiber optic,0.011101,106.05,0.018458,결합 쿠폰 제공
4872-JCVCA,Two year,DSL,0.012182,47.6,0.018422,기본 유지 혜택 제공
7037-MTYVW,Two year,DSL,0.007208,85.4,0.0184,기본 유지 혜택 제공
8966-OIQHG,One year,No,0.002909,20.75,0.018397,기본 유지 혜택 제공
1573-LGXBA,One year,Fiber optic,0.012188,97.55,0.018374,결합 쿠폰 제공
5787-KXGIY,Two year,No,0.001528,19.3,0.018312,기본 유지 혜택 제공
1272-ILHFG,One year,No,0.002262,19.65,0.018285,기본 유지 혜택 제공
0932-YIXYU,Two year,No,0.005346,20.25,0.018265,기본 유지 혜택 제공
0181-RITDD,Two year,Fiber optic,0.010756,108.15,0.018261,결합 쿠폰 제공
5073-RZGBK,One year,DSL,0.00917,80.05,0.018247,기본 유지 혜택 제공
5376-PCKNB,One year,Fiber optic,0.015912,104.45,0.018226,결합 쿠폰 제공
8947-YRTDV,One year,Fiber optic,0.018465,94.8,0.018221,결합 쿠폰 제공
6484-LATFU,Two year,No,0.002814,24.55,0.018217,기본 유지 혜택 제공
9830-ECLEN,One year,DSL,0.010436,50.0,0.018198,기본 유지 혜택 제공
4291-TPNFG,Two year,DSL,0.022272,82.3,0.018154,기본 유지 혜택 제공
1090-PYKCI,One year,Fiber optic,0.027935,105.1,0.018147,결합 쿠폰 제공
7696-AMHOD,One year,DSL,0.013051,78.0,0.018147,기본 유지 혜택 제공
4578-PHJYZ,One year,DSL,0.012116,68.75,0.018123,기본 유지 혜택 제공
4994-OBRSZ,Two year,DSL,0.013409,76.1,0.018118,기본 유지 혜택 제공
1121-QSIVB,One year,DSL,0.014645,77.55,0.018099,기본 유지 혜택 제공
6265-SXWBU,One year,Fiber optic,0.01742,95.75,0.018085,결합 쿠폰 제공
3580-HYCSP,Two year,Fiber optic,0.019961,110.3,0.018044,결합 쿠폰 제공
7182-OVLBJ,Two year,Fiber optic,0.010201,101.15,0.018034,결합 쿠폰 제공
2097-YVPKN,Two year,No,0.002939,25.75,0.018004,기본 유지 혜택 제공
3836-FZSDJ,Two year,No,0.002839,24.85,0.018002,기본 유지 혜택 제공
9931-DCEZH,One year,DSL,0.004774,54.4,0.017995,기본 유지 혜택 제공
4116-IQRFR,One year,No,0.003587,24.1,0.017945,기본 유지 혜택 제공
7710-JSYOA,Two year,Fiber optic,0.011218,93.3,0.017877,결합 쿠폰 제공
4636-OLWOE,One year,DSL,0.011492,61.0,0.017851,기본 유지 혜택 제공
1492-KGETH,One year,DSL,0.011618,78.35,0.017849,기본 유지 혜택 제공
7971-HLVXI,Two year,Fiber optic,0.015202,84.5,0.017844,결합 쿠폰 제공
5006-MXVRN,Two year,No,0.003959,20.7,0.017831,기본 유지 혜택 제공
4531-AUZNK,One year,Fiber optic,0.008489,95.15,0.017831,결합 쿠폰 제공
6892-BOGQE,Two year,No,0.00241,20.9,0.017811,기본 유지 혜택 제공
7109-CQYUZ,Two year,DSL,0.005703,89.25,0.017785,기본 유지 혜택 제공
8779-YIQQA,One year,No,0.002694,19.8,0.017744,기본 유지 혜택 제공
4707-YNOQA,One year,No,0.004007,25.6,0.017739,기본 유지 혜택 제공
0218-QNVAS,One year,Fiber optic,0.012399,100.55,0.017724,결합 쿠폰 제공
0221-NAUXK,One year,No,0.00306,19.95,0.017716,기본 유지 혜택 제공
4915-BFSXL,Two year,DSL,0.008539,68.95,0.017713,기본 유지 혜택 제공
5656-JAMLX,Two year,No,0.001408,19.85,0.01759,기본 유지 혜택 제공
3148-AOIQT,Two year,No,0.001547,24.95,0.017564,기본 유지 혜택 제공
3873-WOSBC,Two year,No,0.003779,25.6,0.017556,기본 유지 혜택 제공
5982-XMDEX,Two year,No,0.006461,26.5,0.017555,기본 유지 혜택 제공
0020-INWCK,Two year,Fiber optic,0.024152,95.75,0.017529,결합 쿠폰 제공
3118-UHVVQ,Two year,No,0.001504,25.8,0.017524,기본 유지 혜택 제공
0960-HUWBM,Two year,Fiber optic,0.013765,104.1,0.017499,결합 쿠폰 제공
6013-BHCAW,Two year,DSL,0.008354,81.0,0.017476,기본 유지 혜택 제공
9912-OMZDS,One year,Fiber optic,0.009484,106.15,0.017458,결합 쿠폰 제공
3571-DPYUH,One year,Fiber optic,0.008461,94.7,0.017415,결합 쿠폰 제공
6244-BESBM,Two year,Fiber optic,0.009009,95.2,0.017408,결합 쿠폰 제공
3454-JFUBC,Two year,No,0.002405,20.0,0.017402,기본 유지 혜택 제공
0567-XRHCU,Two year,DSL,0.003091,43.95,0.017391,기본 유지 혜택 제공
9483-GCPWE,One year,No,0.006432,20.1,0.017318,기본 유지 혜택 제공
7941-RCJOW,Two year,No,0.003309,19.55,0.017289,기본 유지 혜택 제공
8760-ZRHKE,One year,DSL,0.029309,69.2,0.017251,기본 유지 혜택 제공
2169-RRLFW,Two year,No,0.002058,25.6,0.017235,기본 유지 혜택 제공
1506-YJTYT,Two year,DSL,0.00658,73.85,0.01722,기본 유지 혜택 제공
7021-XSNYE,Two year,DSL,0.008468,49.65,0.017218,기본 유지 혜택 제공
9715-SBVSU,Two year,DSL,0.008787,61.4,0.017215,기본 유지 혜택 제공
2696-ECXKC,One year,Fiber optic,0.012482,100.9,0.017205,결합 쿠폰 제공
1591-XWLGB,Two year,No,0.003218,19.85,0.017166,기본 유지 혜택 제공
8099-MZPUJ,Two year,Fiber optic,0.009416,111.8,0.017116,결합 쿠폰 제공
8050-XGRVL,One year,DSL,0.005066,54.75,0.017114,기본 유지 혜택 제공
7432-FFVAR,One year,Fiber optic,0.012447,90.95,0.017107,결합 쿠폰 제공
9153-BTBVV,Two year,No,0.00225,25.0,0.017073,기본 유지 혜택 제공
0804-YGEQV,One year,No,0.003316,24.45,0.017039,기본 유지 혜택 제공
7762-ONLJY,One year,No,0.002335,19.7,0.017033,기본 유지 혜택 제공
2931-XIQBR,One year,Fiber optic,0.019764,103.05,0.017031,결합 쿠폰 제공
3372-CDXFJ,One year,No,0.002552,24.5,0.017009,기본 유지 혜택 제공
2616-FLVQC,Two year,No,0.002023,19.55,0.016984,기본 유지 혜택 제공
8345-MVDYC,Two year,DSL,0.010746,81.65,0.016983,기본 유지 혜택 제공
2580-ATZSQ,One year,DSL,0.005103,61.35,0.016942,기본 유지 혜택 제공
5982-PSMKW,Two year,DSL,0.013732,91.1,0.016939,기본 유지 혜택 제공
6617-WLBQC,One year,Fiber optic,0.008322,81.85,0.016933,결합 쿠폰 제공
0859-YGKFW,One year,No,0.002686,20.05,0.016932,기본 유지 혜택 제공
3704-IEAXF,Two year,DSL,0.008826,53.65,0.016885,기본 유지 혜택 제공
6061-GWWAV,One year,DSL,0.015105,70.2,0.016871,기본 유지 혜택 제공
4526-RMTLL,Two year,DSL,0.01494,76.15,0.016864,기본 유지 혜택 제공
4176-RELJR,Two year,No,0.003488,25.1,0.016863,기본 유지 혜택 제공
4707-MAXGU,Two year,No,0.002689,25.85,0.016856,기본 유지 혜택 제공
1776-SPBWV,One year,No,0.002298,20.1,0.016846,기본 유지 혜택 제공
1729-VLAZJ,One year,DSL,0.005358,40.25,0.016827,기본 유지 혜택 제공
9127-FHJBZ,Two year,Fiber optic,0.010706,114.0,0.016787,결합 쿠폰 제공
4537-CIBHB,One year,No,0.004937,20.25,0.016783,기본 유지 혜택 제공
3724-BSCVH,One year,No,0.005084,20.45,0.016747,기본 유지 혜택 제공
6917-FIJHC,Two year,No,0.00409,26.0,0.016727,기본 유지 혜택 제공
2418-TPEUN,Two year,No,0.001591,19.8,0.016658,기본 유지 혜택 제공
0661-KQHNK,One year,No,0.003752,19.0,0.016646,기본 유지 혜택 제공
1705-GUHPV,Two year,No,0.002183,24.2,0.016644,기본 유지 혜택 제공
3973-SKMLN,Two year,No,0.002274,19.9,0.016595,기본 유지 혜택 제공
2520-SGTTA,Two year,No,0.002299,20.0,0.016587,기본 유지 혜택 제공
6072-NUQCB,One year,No,0.001202,20.25,0.01658,기본 유지 혜택 제공
7017-VFHAY,Two year,Fiber optic,0.01394,115.1,0.016577,결합 쿠폰 제공
1172-VIYBP,Two year,DSL,0.011368,69.7,0.016569,기본 유지 혜택 제공
4227-OJHAL,One year,DSL,0.015911,73.0,0.016564,기본 유지 혜택 제공
6242-SGYTS,One year,Fiber optic,0.014851,94.95,0.016511,결합 쿠폰 제공
4231-LZUYM,Two year,No,0.001509,25.65,0.016502,기본 유지 혜택 제공
2878-DHMIN,One year,No,0.002442,19.9,0.0165,기본 유지 혜택 제공
1431-AIDJQ,Two year,DSL,0.00529,82.1,0.016491,기본 유지 혜택 제공
0056-EPFBG,Two year,DSL,0.006526,39.4,0.016462,기본 유지 혜택 제공
8097-OMULG,One year,DSL,0.010732,76.75,0.016442,기본 유지 혜택 제공
9964-WBQDJ,Two year,No,0.002711,24.4,0.016435,기본 유지 혜택 제공
3021-VLNRJ,One year,DSL,0.004774,70.8,0.016418,기본 유지 혜택 제공
4443-EMBNA,Two year,No,0.002255,24.75,0.016411,기본 유지 혜택 제공
3633-CDBUW,One year,DSL,0.014171,80.85,0.016392,기본 유지 혜택 제공
1298-PHBTI,Two year,Fiber optic,0.005965,84.8,0.016336,결합 쿠폰 제공
2405-LBMUW,One year,DSL,0.005591,50.7,0.016328,기본 유지 혜택 제공
7255-SSFBC,Two year,Fiber optic,0.013523,112.25,0.016299,결합 쿠폰 제공
6736-DHUQI,One year,Fiber optic,0.007,84.8,0.016266,결합 쿠폰 제공
8735-SDUFN,Two year,No,0.001865,24.3,0.016224,기본 유지 혜택 제공
3022-BEXHZ,Two year,Fiber optic,0.012663,111.2,0.01622,결합 쿠폰 제공
8748-HFWBO,One year,No,0.002993,19.9,0.01621,기본 유지 혜택 제공
7463-IFMQU,Two year,No,0.003289,20.05,0.016196,기본 유지 혜택 제공
0057-QBUQH,Two year,No,0.0019,25.1,0.016196,기본 유지 혜택 제공
8670-MEFCP,Two year,DSL,0.018623,92.9,0.016129,기본 유지 혜택 제공
9391-LMANN,One year,Fiber optic,0.013054,95.95,0.016076,결합 쿠폰 제공
2525-GVKQU,Two year,No,0.003158,20.6,0.01607,기본 유지 혜택 제공
8722-PRFDV,Two year,DSL,0.009767,77.55,0.016064,기본 유지 혜택 제공
1015-JPFYW,One year,No,0.001548,19.45,0.016043,기본 유지 혜택 제공
1498-NHTLT,Two year,DSL,0.012868,86.75,0.016031,기본 유지 혜택 제공
1757-TCATG,One year,No,0.001952,20.05,0.016003,기본 유지 혜택 제공
4291-YZODP,One year,No,0.001002,20.05,0.015973,기본 유지 혜택 제공
4836-WNFNO,Two year,No,0.003646,25.0,0.015959,기본 유지 혜택 제공
5627-TVBPP,One year,No,0.003115,20.1,0.01595,기본 유지 혜택 제공
0862-PRCBS,Two year,Fiber optic,0.011087,103.75,0.015948,결합 쿠폰 제공
6229-UOLQL,One year,DSL,0.009076,52.0,0.015935,기본 유지 혜택 제공
5696-CEIQJ,Two year,Fiber optic,0.013385,103.15,0.015934,결합 쿠폰 제공
7602-DBTOU,Two year,No,0.001764,19.6,0.015927,기본 유지 혜택 제공
1150-FTQGN,One year,Fiber optic,0.014503,94.15,0.015916,결합 쿠폰 제공
2775-SEFEE,Two year,DSL,0.012208,61.9,0.015914,기본 유지 혜택 제공
2819-GWENI,One year,No,0.001786,19.9,0.01589,기본 유지 혜택 제공
5126-RCXYW,Two year,DSL,0.006547,46.0,0.015883,기본 유지 혜택 제공
9845-QOMAD,One year,No,0.002265,19.75,0.015877,기본 유지 혜택 제공
9742-XOKTS,One year,Fiber optic,0.007761,89.55,0.01585,결합 쿠폰 제공
7781-EWARA,One year,DSL,0.028729,60.35,0.015789,기본 유지 혜택 제공
4877-TSOFF,One year,DSL,0.017498,75.75,0.015784,기본 유지 혜택 제공
7695-PKLCZ,Two year,No,0.001573,20.5,0.015755,기본 유지 혜택 제공
4423-JWZJN,One year,Fiber optic,0.010901,90.25,0.01575,결합 쿠폰 제공
4342-HFXWS,One year,DSL,0.007577,69.7,0.015726,기본 유지 혜택 제공
1927-QEWMY,Two year,No,0.002443,20.5,0.015711,기본 유지 혜택 제공
4632-PAOYU,One year,No,0.001511,19.95,0.015684,기본 유지 혜택 제공
5681-LLOEI,One year,Fiber optic,0.011862,91.25,0.015679,결합 쿠폰 제공
7730-CLDSV,Two year,Fiber optic,0.008324,98.65,0.015667,결합 쿠폰 제공
2606-PKWJB,One year,DSL,0.007576,40.25,0.015628,기본 유지 혜택 제공
3082-YVEKW,Two year,DSL,0.01586,77.15,0.015594,기본 유지 혜택 제공
3170-NMYVV,Two year,No,0.003083,20.15,0.015585,기본 유지 혜택 제공
1987-AUELQ,Two year,No,0.004782,25.05,0.015572,기본 유지 혜택 제공
1303-SRDOK,Two year,Fiber optic,0.019281,69.05,0.015561,결합 쿠폰 제공
1099-GODLO,Two year,No,0.002742,20.35,0.015555,기본 유지 혜택 제공
6253-GNHWH,Two year,DSL,0.004497,71.1,0.015546,기본 유지 혜택 제공
0277-ORXQS,Two year,DSL,0.009277,50.55,0.015528,기본 유지 혜택 제공
5204-HMGYF,One year,DSL,0.007468,87.2,0.015504,기본 유지 혜택 제공
6374-NTQLP,Two year,Fiber optic,0.020459,104.1,0.015495,결합 쿠폰 제공
8015-IHCGW,Two year,Fiber optic,0.01739,115.5,0.015482,결합 쿠폰 제공
6754-WKSHP,One year,No,0.001948,25.35,0.015465,기본 유지 혜택 제공
8690-UPCZI,One year,DSL,0.012782,69.05,0.015462,기본 유지 혜택 제공
8749-TZYEC,Two year,No,0.001815,24.8,0.015433,기본 유지 혜택 제공
6898-RBTLU,Two year,DSL,0.013891,79.3,0.015423,기본 유지 혜택 제공
1063-DHQJF,Two year,Fiber optic,0.010524,92.15,0.01542,결합 쿠폰 제공
6584-VQMYT,One year,DSL,0.003298,56.2,0.015419,기본 유지 혜택 제공
1834-WULEG,One year,No,0.002808,20.25,0.015403,기본 유지 혜택 제공
0795-XCCTE,Two year,No,0.00375,25.4,0.015386,기본 유지 혜택 제공
3662-FXJFO,Two year,No,0.001535,20.5,0.015343,기본 유지 혜택 제공
9258-CNWAC,Two year,Fiber optic,0.025012,113.65,0.01534,결합 쿠폰 제공
4530-NDRKU,One year,No,0.002678,19.05,0.015317,기본 유지 혜택 제공
8008-OTEZX,One year,No,0.001166,19.65,0.015304,기본 유지 혜택 제공
8194-PEEBY,One year,No,0.001784,19.9,0.015304,기본 유지 혜택 제공
2346-CZYIL,Two year,No,0.00199,20.35,0.015288,기본 유지 혜택 제공
1926-QUZNN,Two year,No,0.002127,25.25,0.015287,기본 유지 혜택 제공
1897-RCFUM,One year,No,0.002504,24.2,0.015266,기본 유지 혜택 제공
5906-DVAPM,One year,DSL,0.011489,75.0,0.015241,기본 유지 혜택 제공
5196-WPYOW,One year,DSL,0.007357,60.05,0.015241,기본 유지 혜택 제공
3870-SPZSI,Two year,Fiber optic,0.008408,113.05,0.015207,결합 쿠폰 제공
1403-LKLIK,One year,No,0.0015,20.1,0.015068,기본 유지 혜택 제공
7632-YUTXB,One year,No,0.001811,20.05,0.015068,기본 유지 혜택 제공
8092-NLTGF,Two year,No,0.003706,24.75,0.015061,기본 유지 혜택 제공
8561-NMTBD,One year,Fiber optic,0.015351,112.35,0.015053,결합 쿠폰 제공
5766-FTRTS,Two year,DSL,0.006723,84.45,0.015053,기본 유지 혜택 제공
1333-PBMXB,One year,No,0.003517,24.75,0.015043,기본 유지 혜택 제공
8612-GXIDD,Two year,No,0.00457,25.4,0.01501,기본 유지 혜택 제공
5743-KHMNA,Two year,No,0.001825,25.55,0.015001,기본 유지 혜택 제공
7473-ZBDSN,Two year,No,0.002244,18.8,0.014963,기본 유지 혜택 제공
2961-VNFKL,Two year,No,0.001744,25.95,0.01496,기본 유지 혜택 제공
7083-MIOPC,Two year,No,0.00221,20.25,0.014949,기본 유지 혜택 제공
0036-IHMOT,One year,Fiber optic,0.023772,103.7,0.014927,결합 쿠폰 제공
5696-JVVQY,Two year,DSL,0.011313,70.1,0.014901,기본 유지 혜택 제공
6368-TZZDT,Two year,No,0.002136,19.5,0.014858,기본 유지 혜택 제공
4056-QHXHZ,Two year,Fiber optic,0.014321,107.45,0.014847,결합 쿠폰 제공
5519-TEEUH,One year,No,0.001806,20.15,0.014838,기본 유지 혜택 제공
6169-PPETC,Two year,No,0.00173,20.5,0.014809,기본 유지 혜택 제공
1716-LSAMB,Two year,DSL,0.009293,54.65,0.014808,기본 유지 혜택 제공
2664-XJZNO,Two year,Fiber optic,0.023663,104.9,0.014776,결합 쿠폰 제공
3812-LRZIR,Two year,No,0.005442,24.5,0.014771,기본 유지 혜택 제공
5803-NQJZO,Two year,DSL,0.018814,67.8,0.014766,기본 유지 혜택 제공
5003-OKNNK,One year,No,0.003964,20.35,0.014756,기본 유지 혜택 제공
2205-LPVGL,One year,Fiber optic,0.016101,89.85,0.014748,결합 쿠폰 제공
5177-RVZNU,One year,No,0.003327,20.3,0.014739,기본 유지 혜택 제공
9067-SQTNS,One year,No,0.003085,20.6,0.014718,기본 유지 혜택 제공
3274-NSDWE,Two year,No,0.004516,19.6,0.014696,기본 유지 혜택 제공
0269-XFESX,One year,No,0.003351,24.35,0.014694,기본 유지 혜택 제공
8590-OHDIW,One year,No,0.002991,20.3,0.014685,기본 유지 혜택 제공
2056-EVGZL,One year,Fiber optic,0.012329,105.75,0.014674,결합 쿠폰 제공
2650-GYRYL,One year,No,0.004011,19.45,0.014663,기본 유지 혜택 제공
7216-KAOID,One year,No,0.0025,19.5,0.014662,기본 유지 혜택 제공
8328-SKJNO,One year,DSL,0.007861,40.65,0.014624,기본 유지 혜택 제공
7606-BPHHN,Two year,No,0.002393,19.8,0.014604,기본 유지 혜택 제공
6723-CEGQI,Two year,DSL,0.006206,45.25,0.014594,기본 유지 혜택 제공
8237-ULIXL,Two year,No,0.001876,24.85,0.014571,기본 유지 혜택 제공
4312-KFRXN,Two year,No,0.002974,25.4,0.014539,기본 유지 혜택 제공
0323-XWWTN,Two year,No,0.005244,26.4,0.014508,기본 유지 혜택 제공
3569-VLDHH,One year,DSL,0.015957,75.1,0.014501,기본 유지 혜택 제공
3511-BFTJW,Two year,DSL,0.004663,38.5,0.014497,기본 유지 혜택 제공
1096-ADRUX,One year,Fiber optic,0.007686,74.25,0.014478,결합 쿠폰 제공
8468-FZTOE,Two year,DSL,0.00703,74.35,0.014469,기본 유지 혜택 제공
8659-IOOPU,Two year,Fiber optic,0.024396,100.45,0.014469,결합 쿠폰 제공
8259-DZLIZ,One year,DSL,0.009057,53.85,0.014453,기본 유지 혜택 제공
5996-EBTKM,Two year,DSL,0.007771,69.9,0.014452,기본 유지 혜택 제공
2466-FCCPT,One year,No,0.003326,19.7,0.014437,기본 유지 혜택 제공
0754-EEBDC,Two year,No,0.002536,19.9,0.014429,기본 유지 혜택 제공
3396-DKDEL,Two year,Fiber optic,0.018283,115.15,0.014398,결합 쿠폰 제공
6762-QVYJO,Two year,DSL,0.005924,59.75,0.01438,기본 유지 혜택 제공
2821-WARNZ,One year,No,0.001851,19.45,0.014376,기본 유지 혜택 제공
7644-OMVMY,Two year,No,0.003941,19.85,0.014352,기본 유지 혜택 제공
7139-JZFVG,Two year,DSL,0.005556,60.5,0.01435,기본 유지 혜택 제공
6064-PUPMC,One year,DSL,0.012672,57.2,0.014343,기본 유지 혜택 제공
4962-CHQPW,One year,No,0.002887,19.85,0.014311,기본 유지 혜택 제공
8338-QIUNR,Two year,DSL,0.015712,66.5,0.014282,기본 유지 혜택 제공
8480-PPONV,Two year,Fiber optic,0.016155,115.55,0.014282,결합 쿠폰 제공
9135-HSWOC,Two year,No,0.001075,19.7,0.01428,기본 유지 혜택 제공
0197-PNKNK,One year,Fiber optic,0.0067,84.45,0.014228,결합 쿠폰 제공
8314-HTWVE,Two year,No,0.00183,19.85,0.014205,기본 유지 혜택 제공
4674-HGNUA,Two year,DSL,0.020859,89.9,0.0142,기본 유지 혜택 제공
5453-YBTWV,Two year,Fiber optic,0.012797,101.1,0.01418,결합 쿠폰 제공
5578-NKCXI,One year,Fiber optic,0.015954,99.25,0.01417,결합 쿠폰 제공
5647-URDKA,Two year,No,0.003833,19.7,0.01414,기본 유지 혜택 제공
6546-OPBBH,One year,No,0.00288,23.95,0.014107,기본 유지 혜택 제공
9500-IWPXQ,One year,DSL,0.009096,79.4,0.014098,기본 유지 혜택 제공
7872-BAAZR,One year,No,0.002344,19.55,0.014087,기본 유지 혜택 제공
0654-PQKDW,One year,DSL,0.006634,70.75,0.014084,기본 유지 혜택 제공
8883-ANODQ,Two year,Fiber optic,0.014791,84.4,0.014079,결합 쿠폰 제공
8215-NGSPE,Two year,No,0.002251,20.0,0.014058,기본 유지 혜택 제공
3407-JMJQQ,Two year,Fiber optic,0.016109,109.0,0.013961,결합 쿠폰 제공
2642-MAWLJ,Two year,No,0.001122,20.25,0.013884,기본 유지 혜택 제공
1407-DIGZV,Two year,No,0.003164,19.1,0.013878,기본 유지 혜택 제공
6670-MFRPK,Two year,Fiber optic,0.012703,79.2,0.013789,결합 쿠폰 제공
7527-QNRUS,Two year,No,0.003233,25.15,0.013766,기본 유지 혜택 제공
2256-YLYLP,Two year,DSL,0.006726,72.95,0.013765,기본 유지 혜택 제공
5181-OABFK,Two year,DSL,0.005012,61.3,0.013754,기본 유지 혜택 제공
7321-ZNSLA,Two year,DSL,0.005447,40.55,0.013753,기본 유지 혜택 제공
5840-NVDCG,Two year,DSL,0.009724,68.25,0.013739,기본 유지 혜택 제공
8639-NHQEI,Two year,Fiber optic,0.012967,95.9,0.013723,결합 쿠폰 제공
7153-CHRBV,One year,DSL,0.015708,59.3,0.013715,기본 유지 혜택 제공
6434-TTGJP,Two year,DSL,0.005082,53.7,0.013655,기본 유지 혜택 제공
6772-WFQRD,One year,No,0.005047,20.4,0.013634,기본 유지 혜택 제공
1270-XKUCC,Two year,No,0.002248,19.7,0.013624,기본 유지 혜택 제공
1053-MXTTK,Two year,Fiber optic,0.012669,108.65,0.013604,결합 쿠폰 제공
7337-CINUD,Two year,No,0.002772,19.5,0.013544,기본 유지 혜택 제공
9711-FJTBX,One year,Fiber optic,0.010781,85.85,0.013532,결합 쿠폰 제공
8414-OOEEL,Two year,DSL,0.013164,79.5,0.013526,기본 유지 혜택 제공
0825-CPPQH,Two year,No,0.0054,19.1,0.013525,기본 유지 혜택 제공
8207-DMRVL,Two year,Fiber optic,0.008961,114.55,0.013525,결합 쿠폰 제공
6527-PZFPV,One year,No,0.004226,20.8,0.013509,기본 유지 혜택 제공
3283-WCWXT,Two year,No,0.003225,25.4,0.013491,기본 유지 혜택 제공
6848-YLDFR,One year,DSL,0.018135,75.2,0.01348,기본 유지 혜택 제공
0739-UUAJR,Two year,DSL,0.003438,53.8,0.013436,기본 유지 혜택 제공
6439-PKTRR,Two year,DSL,0.007124,80.7,0.013428,기본 유지 혜택 제공
9418-RUKPH,Two year,No,0.001416,19.95,0.013418,기본 유지 혜택 제공
4854-SSLTN,Two year,DSL,0.007572,59.5,0.013386,기본 유지 혜택 제공
7452-FOLON,One year,No,0.004549,25.45,0.013365,기본 유지 혜택 제공
2193-SFWQW,Two year,Fiber optic,0.009455,111.95,0.013338,결합 쿠폰 제공
2005-DWQZJ,Two year,No,0.001442,19.05,0.013327,기본 유지 혜택 제공
3078-ZKNTS,Two year,No,0.002291,19.75,0.013293,기본 유지 혜택 제공
9978-HYCIN,One year,Fiber optic,0.023402,84.95,0.013276,결합 쿠폰 제공
0572-ZJKLT,Two year,Fiber optic,0.023684,99.65,0.013236,결합 쿠폰 제공
4804-NCPET,Two year,No,0.005739,20.2,0.013231,기본 유지 혜택 제공
4475-NVTLU,Two year,No,0.002352,19.2,0.01322,기본 유지 혜택 제공
2223-GDSHL,Two year,Fiber optic,0.012085,116.05,0.013217,결합 쿠폰 제공
8597-CTXVJ,One year,DSL,0.00633,64.95,0.01321,기본 유지 혜택 제공
7996-BPXHY,Two year,No,0.001965,25.0,0.013197,기본 유지 혜택 제공
9888-ZCUMM,Two year,DSL,0.011463,60.05,0.013191,기본 유지 혜택 제공
3549-ZTMNH,Two year,No,0.001669,24.0,0.013186,기본 유지 혜택 제공
3745-HRPHI,Two year,DSL,0.006994,54.65,0.013177,기본 유지 혜택 제공
5214-NLTIT,Two year,Fiber optic,0.030765,90.8,0.013171,결합 쿠폰 제공
6332-FBZRI,One year,DSL,0.006504,69.35,0.013151,기본 유지 혜택 제공
2995-YWTCD,Two year,No,0.005265,24.9,0.013147,기본 유지 혜택 제공
2236-HILPA,Two year,No,0.002299,20.65,0.013126,기본 유지 혜택 제공
8450-LUGUK,Two year,No,0.002818,24.1,0.013095,기본 유지 혜택 제공
2162-FRZAA,Two year,DSL,0.006204,39.35,0.013093,기본 유지 혜택 제공
0224-NIJLP,Two year,No,0.003244,20.15,0.013056,기본 유지 혜택 제공
9028-LIHRP,Two year,Fiber optic,0.011348,100.2,0.01305,결합 쿠폰 제공
0263-FJTQO,Two year,DSL,0.005764,70.5,0.013044,기본 유지 혜택 제공
2229-DPMBI,Two year,No,0.002833,19.5,0.013044,기본 유지 혜택 제공
0017-IUDMW,Two year,Fiber optic,0.007916,116.8,0.013029,결합 쿠폰 제공
2830-LEWOA,One year,Fiber optic,0.018325,103.9,0.013026,결합 쿠폰 제공
9402-ROUMJ,One year,Fiber optic,0.011539,100.25,0.01301,결합 쿠폰 제공
2404-JIBFC,Two year,DSL,0.013412,85.1,0.012968,기본 유지 혜택 제공
9801-NOSHQ,One year,No,0.003602,19.8,0.01296,기본 유지 혜택 제공
9958-MEKUC,Two year,Fiber optic,0.007776,103.95,0.0129,결합 쿠폰 제공
1177-XZBJL,One year,DSL,0.018329,64.15,0.012884,기본 유지 혜택 제공
0854-UYHZD,Two year,No,0.002474,19.55,0.012826,기본 유지 혜택 제공
3653-NCRDJ,One year,No,0.003547,19.2,0.01281,기본 유지 혜택 제공
4487-ZYJZK,One year,No,0.001154,19.6,0.012803,기본 유지 혜택 제공
4573-JKNAE,Two year,No,0.002822,19.35,0.012803,기본 유지 혜택 제공
8514-VZHEB,Two year,No,0.00279,19.5,0.01273,기본 유지 혜택 제공
9178-JHUVJ,Two year,No,0.001941,24.1,0.012727,기본 유지 혜택 제공
6609-MXJHJ,Two year,No,0.002185,25.1,0.012714,기본 유지 혜택 제공
4955-VCWBI,One year,No,0.00239,20.0,0.012693,기본 유지 혜택 제공
8902-ZEOVF,One year,No,0.00196,20.05,0.012673,기본 유지 혜택 제공
8901-UPRHR,Two year,Fiber optic,0.016483,109.2,0.012672,결합 쿠폰 제공
4293-ETKAP,Two year,DSL,0.00911,79.4,0.012657,기본 유지 혜택 제공
9648-BCHKM,Two year,No,0.004765,24.65,0.012623,기본 유지 혜택 제공
2030-BTZRO,Two year,No,0.002808,20.4,0.012622,기본 유지 혜택 제공
8540-ZQGEA,Two year,No,0.001791,20.05,0.012613,기본 유지 혜택 제공
8544-JNBOX,Two year,No,0.001309,20.8,0.01261,기본 유지 혜택 제공
3213-VVOLG,Two year,No,0.002852,25.35,0.012607,기본 유지 혜택 제공
6696-YDAYZ,Two year,No,0.002007,20.5,0.012587,기본 유지 혜택 제공
7009-PCARS,One year,No,0.003188,19.1,0.012574,기본 유지 혜택 제공
4194-FJARJ,Two year,DSL,0.005021,60.0,0.012571,기본 유지 혜택 제공
3717-FDJFU,Two year,No,0.004007,20.45,0.01256,기본 유지 혜택 제공
9424-CMPOG,Two year,No,0.004167,19.6,0.01256,기본 유지 혜택 제공
5668-MEISB,Two year,Fiber optic,0.011661,106.1,0.012546,결합 쿠폰 제공
7643-RCHXS,Two year,No,0.003791,19.35,0.012528,기본 유지 혜택 제공
5788-YPOEG,Two year,DSL,0.007124,84.75,0.012525,기본 유지 혜택 제공
0562-HKHML,Two year,No,0.001585,23.9,0.012511,기본 유지 혜택 제공
0238-WHBIQ,Two year,DSL,0.007708,89.7,0.012511,기본 유지 혜택 제공
9802-CAQUT,Two year,Fiber optic,0.014961,109.55,0.012494,결합 쿠폰 제공
1982-FEBTD,Two year,No,0.001925,25.6,0.012488,기본 유지 혜택 제공
3352-RICWQ,Two year,No,0.003187,19.75,0.012482,기본 유지 혜택 제공
8249-THVEC,One year,No,0.002033,19.4,0.012462,기본 유지 혜택 제공
0969-RGKCU,One year,No,0.002187,19.8,0.012462,기본 유지 혜택 제공
2569-WGERO,Two year,No,0.005317,21.15,0.012461,기본 유지 혜택 제공
9224-VTYID,Two year,DSL,0.012053,90.5,0.012456,기본 유지 혜택 제공
5249-QYHEX,Two year,No,0.002772,24.8,0.012435,기본 유지 혜택 제공
2599-CIPQE,Two year,Fiber optic,0.01593,109.3,0.012429,결합 쿠폰 제공
5751-USDBL,Two year,DSL,0.010876,81.0,0.012358,기본 유지 혜택 제공
1032-MAELW,One year,DSL,0.019316,78.45,0.012335,기본 유지 혜택 제공
1930-QPBVZ,Two year,Fiber optic,0.026885,95.1,0.012333,결합 쿠폰 제공
7340-KEFQE,Two year,DSL,0.00486,34.2,0.012329,기본 유지 혜택 제공
8148-WOCMK,Two year,No,0.001786,19.6,0.012314,기본 유지 혜택 제공
5338-YHWYT,Two year,DSL,0.009311,61.45,0.01231,기본 유지 혜택 제공
1106-HRLKZ,Two year,No,0.001746,19.6,0.012309,기본 유지 혜택 제공
5849-ASHZJ,One year,No,0.001146,20.05,0.012309,기본 유지 혜택 제공
8645-KOMJQ,Two year,DSL,0.016865,81.95,0.012303,기본 유지 혜택 제공
9385-EHGDO,Two year,No,0.002207,19.85,0.012291,기본 유지 혜택 제공
8626-XHBIE,Two year,No,0.004114,24.8,0.012289,기본 유지 혜택 제공
2661-GKBTK,Two year,DSL,0.012851,76.95,0.012287,기본 유지 혜택 제공
3070-FNFZQ,Two year,No,0.005855,20.4,0.012269,기본 유지 혜택 제공
0042-RLHYP,Two year,No,0.00329,19.7,0.012205,기본 유지 혜택 제공
2587-YNLES,Two year,No,0.002367,20.1,0.012203,기본 유지 혜택 제공
0191-EQUUH,Two year,DSL,0.008811,35.05,0.012194,기본 유지 혜택 제공
8143-ETQTI,Two year,No,0.002565,19.65,0.012174,기본 유지 혜택 제공
1494-EJZDW,Two year,No,0.003919,20.15,0.012158,기본 유지 혜택 제공
0486-LGCCH,Two year,No,0.003005,19.65,0.012127,기본 유지 혜택 제공
4295-YURET,Two year,DSL,0.007563,72.6,0.012116,기본 유지 혜택 제공
1089-XZWHH,Two year,No,0.001948,19.7,0.0121,기본 유지 혜택 제공
7771-CFQRQ,Two year,DSL,0.011345,63.8,0.012088,기본 유지 혜택 제공
1354-YZFNB,Two year,No,0.003016,19.55,0.012079,기본 유지 혜택 제공
7306-YDSOI,Two year,DSL,0.016483,59.75,0.012044,기본 유지 혜택 제공
8165-ZJRNM,Two year,No,0.002983,23.75,0.012032,기본 유지 혜택 제공
8999-EXMNO,Two year,No,0.018135,20.15,0.012026,기본 유지 혜택 제공
3230-JCNZS,Two year,Fiber optic,0.006495,99.0,0.012009,결합 쿠폰 제공
6950-TWMYB,Two year,Fiber optic,0.010084,79.95,0.012003,결합 쿠폰 제공
1088-AUUZZ,Two year,DSL,0.00642,75.85,0.012002,기본 유지 혜택 제공
3950-VPYJB,One year,DSL,0.014165,59.6,0.011987,기본 유지 혜택 제공
2335-GSODA,Two year,DSL,0.006032,40.1,0.011974,기본 유지 혜택 제공
5016-LIPDW,One year,No,0.002802,19.4,0.011966,기본 유지 혜택 제공
9055-MOJJJ,One year,DSL,0.018048,65.8,0.011926,기본 유지 혜택 제공
0298-XACET,Two year,DSL,0.021261,50.2,0.011901,기본 유지 혜택 제공
8028-PNXHQ,Two year,No,0.003267,24.25,0.011849,기본 유지 혜택 제공
6828-HMKWP,Two year,No,0.002471,21.05,0.011825,기본 유지 혜택 제공
7599-NTMDP,Two year,DSL,0.006708,48.7,0.011776,기본 유지 혜택 제공
1843-TLSGD,Two year,No,0.002749,20.85,0.011774,기본 유지 혜택 제공
1561-BWHIN,One year,No,0.003885,19.8,0.011765,기본 유지 혜택 제공
6199-IPCAO,Two year,No,0.003585,26.1,0.011756,기본 유지 혜택 제공
1209-VFFOC,Two year,DSL,0.004334,56.4,0.011755,기본 유지 혜택 제공
3129-AAQOU,Two year,No,0.001454,25.6,0.011752,기본 유지 혜택 제공
2138-VFAPZ,Two year,No,0.002535,19.7,0.011747,기본 유지 혜택 제공
1830-GGFNM,Two year,Fiber optic,0.013015,94.55,0.011737,결합 쿠폰 제공
5442-PPTJY,Two year,No,0.001914,19.7,0.011736,기본 유지 혜택 제공
0962-CQPWQ,Two year,No,0.001346,20.3,0.011706,기본 유지 혜택 제공
9541-ZPSEA,Two year,Fiber optic,0.021284,80.35,0.011686,결합 쿠폰 제공
2050-ONYDQ,Two year,No,0.001334,26.0,0.01166,기본 유지 혜택 제공
5158-RIVOP,Two year,No,0.003187,20.9,0.011654,기본 유지 혜택 제공
5583-EJXRD,Two year,DSL,0.003317,54.05,0.011653,기본 유지 혜택 제공
5320-BRKGK,Two year,DSL,0.014936,75.8,0.011649,기본 유지 혜택 제공
7472-EQOAV,One year,Fiber optic,0.007408,86.7,0.011648,결합 쿠폰 제공
8067-NIOYM,Two year,No,0.001567,21.1,0.011643,기본 유지 혜택 제공
1734-ZMNTZ,Two year,No,0.005541,25.0,0.011618,기본 유지 혜택 제공
2892-GESUL,Two year,No,0.001794,19.35,0.011604,기본 유지 혜택 제공
8821-KVZKQ,One year,DSL,0.012133,58.4,0.011592,기본 유지 혜택 제공
7636-PEPNS,One year,DSL,0.002451,44.1,0.011573,기본 유지 혜택 제공
7164-BPTUT,Two year,DSL,0.017166,89.55,0.011567,기본 유지 혜택 제공
0531-XBKMM,Two year,DSL,0.008506,65.7,0.011516,기본 유지 혜택 제공
3810-DVDQQ,Two year,Fiber optic,0.020923,117.6,0.011499,결합 쿠폰 제공
9867-XOBQA,Two year,DSL,0.004068,53.15,0.011491,기본 유지 혜택 제공
1116-FRYVH,Two year,DSL,0.005968,39.4,0.011483,기본 유지 혜택 제공
2160-GPFXD,Two year,DSL,0.006815,65.65,0.011475,기본 유지 혜택 제공
7711-YIJWC,One year,DSL,0.015446,84.9,0.011453,기본 유지 혜택 제공
7113-HIPFI,Two year,DSL,0.009976,65.85,0.011451,기본 유지 혜택 제공
2824-DXNKN,Two year,DSL,0.005596,71.45,0.011407,기본 유지 혜택 제공
5296-BFCYD,Two year,No,0.002829,20.1,0.011392,기본 유지 혜택 제공
3884-UEBXB,Two year,DSL,0.00653,36.15,0.011386,기본 유지 혜택 제공
9717-IOAAF,Two year,No,0.002934,25.85,0.01137,기본 유지 혜택 제공
4644-OBGFZ,One year,No,0.001544,19.5,0.011359,기본 유지 혜택 제공
1352-HNSAW,Two year,Fiber optic,0.010079,115.6,0.011336,결합 쿠폰 제공
5774-QPLTF,One year,No,0.004273,20.35,0.011329,기본 유지 혜택 제공
8295-KMENE,Two year,DSL,0.010071,76.45,0.011316,기본 유지 혜택 제공
2511-ALLCS,Two year,No,0.002813,24.3,0.011305,기본 유지 혜택 제공
7267-FRMJW,Two year,No,0.00168,20.1,0.011303,기본 유지 혜택 제공
3896-ZVNET,Two year,No,0.005957,24.7,0.011276,기본 유지 혜택 제공
3389-KTRXV,Two year,No,0.006886,23.85,0.011276,기본 유지 혜택 제공
7601-GNDYK,Two year,No,0.002218,19.6,0.011274,기본 유지 혜택 제공
1092-WPIVQ,Two year,No,0.006788,25.1,0.011273,기본 유지 혜택 제공
5322-ZSMZY,Two year,No,0.004859,25.75,0.011247,기본 유지 혜택 제공
3460-TJBWI,Two year,No,0.006176,24.2,0.011247,기본 유지 혜택 제공
7696-CFTAT,Two year,No,0.002251,19.8,0.011243,기본 유지 혜택 제공
5707-ZMDJP,Two year,DSL,0.008357,69.7,0.011226,기본 유지 혜택 제공
9786-YWNHU,Two year,DSL,0.006182,63.55,0.011168,기본 유지 혜택 제공
9503-XJUME,One year,No,0.002324,19.65,0.011145,기본 유지 혜택 제공
9585-KKMFD,Two year,No,0.002444,20.0,0.011139,기본 유지 혜택 제공
5480-XTFFL,Two year,No,0.002601,21.0,0.011128,기본 유지 혜택 제공
9593-CVZKR,Two year,No,0.002824,24.45,0.011128,기본 유지 혜택 제공
7328-ZJAJO,Two year,No,0.002169,19.5,0.011126,기본 유지 혜택 제공
7860-UXCRM,Two year,DSL,0.007537,74.5,0.011118,기본 유지 혜택 제공
0625-AFOHS,Two year,No,0.003304,20.2,0.011118,기본 유지 혜택 제공
1399-OUPJN,Two year,No,0.003011,19.75,0.011109,기본 유지 혜택 제공
4635-EJYPD,Two year,No,0.00191,18.95,0.011099,기본 유지 혜택 제공
3190-ITQXP,Two year,No,0.003014,20.25,0.01107,기본 유지 혜택 제공
2263-SFSQZ,Two year,No,0.001464,24.95,0.011055,기본 유지 혜택 제공
2888-ADFAO,Two year,No,0.002134,21.3,0.011049,기본 유지 혜택 제공
2208-MPXIO,Two year,No,0.001924,20.0,0.011049,기본 유지 혜택 제공
4518-FZBSX,One year,No,0.004337,20.25,0.011011,기본 유지 혜택 제공
9625-RZFUK,Two year,No,0.001307,19.7,0.011001,기본 유지 혜택 제공
3769-MHZNV,Two year,No,0.003835,20.1,0.01093,기본 유지 혜택 제공
8173-RXAYP,Two year,No,0.003848,19.7,0.01093,기본 유지 혜택 제공
4335-UPJSI,Two year,No,0.002979,19.75,0.010925,기본 유지 혜택 제공
0206-OYVOC,Two year,No,0.001874,19.25,0.010909,기본 유지 혜택 제공
5845-BZZIB,Two year,No,0.003479,20.1,0.010902,기본 유지 혜택 제공
3373-DIUUN,Two year,No,0.004334,21.25,0.010902,기본 유지 혜택 제공
2808-CHTDM,Two year,No,0.003933,25.1,0.010891,기본 유지 혜택 제공
2908-WGAXL,Two year,No,0.002082,24.95,0.010887,기본 유지 혜택 제공
8224-KDLKN,Two year,No,0.004644,25.0,0.010853,기본 유지 혜택 제공
0508-SQWPL,Two year,No,0.00209,20.1,0.010851,기본 유지 혜택 제공
7647-GYYKX,Two year,No,0.002523,20.35,0.010851,기본 유지 혜택 제공
1401-FTHFQ,One year,No,0.001961,20.0,0.010841,기본 유지 혜택 제공
9257-AZMTZ,Two year,No,0.003736,20.1,0.010835,기본 유지 혜택 제공
9443-JUBUO,Two year,DSL,0.01271,65.25,0.010825,기본 유지 혜택 제공
3726-TBHQT,Two year,Fiber optic,0.016826,114.0,0.010824,결합 쿠폰 제공
2804-ETQDK,Two year,No,0.002163,20.55,0.01081,기본 유지 혜택 제공
4742-TXUEX,Two year,No,0.002907,19.3,0.010805,기본 유지 혜택 제공
1207-BLKSA,Two year,No,0.001891,23.05,0.010797,기본 유지 혜택 제공
4815-YOSUK,One year,Fiber optic,0.009146,104.9,0.010796,결합 쿠폰 제공
3262-EIDHV,Two year,DSL,0.01585,84.7,0.010778,기본 유지 혜택 제공
2696-RZVZW,Two year,No,0.003375,25.05,0.010771,기본 유지 혜택 제공
1839-FBNFR,Two year,No,0.004155,19.85,0.010757,기본 유지 혜택 제공
9938-PRCVK,Two year,No,0.001491,19.7,0.010746,기본 유지 혜택 제공
3889-VWBID,Two year,DSL,0.010117,82.85,0.010715,기본 유지 혜택 제공
5549-ZGHFB,Two year,No,0.004637,24.95,0.010669,기본 유지 혜택 제공
5457-COLHT,Two year,DSL,0.012021,80.65,0.010646,기본 유지 혜택 제공
0266-GMEAO,Two year,Fiber optic,0.017124,114.3,0.01063,결합 쿠폰 제공
2498-XLDZR,Two year,DSL,0.014287,73.6,0.010624,기본 유지 혜택 제공
2266-FUBDZ,Two year,No,0.001532,19.35,0.0106,기본 유지 혜택 제공
6813-GZQCG,Two year,No,0.005098,24.65,0.01059,기본 유지 혜택 제공
3301-VKTGC,One year,Fiber optic,0.019543,85.5,0.010581,결합 쿠폰 제공
4979-HPRFL,Two year,No,0.003432,24.15,0.010572,기본 유지 혜택 제공
3451-VAWLI,Two year,No,0.003464,19.7,0.010524,기본 유지 혜택 제공
2253-KPMNB,Two year,DSL,0.007421,46.25,0.010516,기본 유지 혜택 제공
0071-NDAFP,Two year,No,0.002587,25.5,0.010508,기본 유지 혜택 제공
5197-YPYBZ,Two year,No,0.002157,25.25,0.010505,기본 유지 혜택 제공
9548-ZMVTX,Two year,Fiber optic,0.013097,90.45,0.010476,결합 쿠폰 제공
1699-TLDLZ,Two year,No,0.002456,19.7,0.010469,기본 유지 혜택 제공
8129-GMVGI,Two year,No,0.001703,20.05,0.010466,기본 유지 혜택 제공
7973-DZRKH,Two year,Fiber optic,0.014493,90.95,0.010456,결합 쿠폰 제공
0064-SUDOG,Two year,No,0.003761,20.3,0.010449,기본 유지 혜택 제공
8774-GSBUN,Two year,No,0.003887,25.4,0.010426,기본 유지 혜택 제공
5859-HZYLF,Two year,No,0.001616,19.15,0.010418,기본 유지 혜택 제공
9950-MTGYX,Two year,No,0.001362,20.3,0.010418,기본 유지 혜택 제공
1722-LDZJS,One year,No,0.003072,20.2,0.010405,기본 유지 혜택 제공
0244-LGNFY,Two year,DSL,0.006004,92.65,0.010395,기본 유지 혜택 제공
8922-NPKBJ,Two year,No,0.002604,19.35,0.010376,기본 유지 혜택 제공
8807-OPMBM,Two year,No,0.002066,25.65,0.010374,기본 유지 혜택 제공
1599-MMYRQ,One year,Fiber optic,0.008924,81.45,0.010369,결합 쿠폰 제공
8690-ZVLCL,Two year,DSL,0.017184,88.0,0.010367,기본 유지 혜택 제공
9415-ZNBSX,Two year,DSL,0.008004,89.0,0.010327,기본 유지 혜택 제공
7977-HXJKU,Two year,No,0.00412,19.6,0.010315,기본 유지 혜택 제공
6923-AQONU,Two year,No,0.002606,20.9,0.010309,기본 유지 혜택 제공
6656-GULJQ,Two year,DSL,0.006127,83.55,0.010304,기본 유지 혜택 제공
2075-PUEPR,Two year,No,0.001255,19.35,0.010294,기본 유지 혜택 제공
7169-YWAMK,Two year,DSL,0.004005,68.4,0.010283,기본 유지 혜택 제공
8957-THMOA,Two year,No,0.003228,20.15,0.010265,기본 유지 혜택 제공
4534-WGCIR,Two year,No,0.003205,25.15,0.010263,기본 유지 혜택 제공
5498-IBWPI,One year,DSL,0.008817,49.4,0.010262,기본 유지 혜택 제공
3768-VHXQO,Two year,No,0.001861,24.85,0.010259,기본 유지 혜택 제공
9251-AWQGT,Two year,No,0.003786,20.0,0.010247,기본 유지 혜택 제공
5242-UOWHD,Two year,No,0.002893,20.35,0.010246,기본 유지 혜택 제공
1248-DYXUB,Two year,No,0.003381,24.8,0.01022,기본 유지 혜택 제공
2400-FEQME,Two year,No,0.004139,20.5,0.010216,기본 유지 혜택 제공
3227-WLKLI,Two year,DSL,0.008131,91.55,0.010211,기본 유지 혜택 제공
6369-MCAKO,Two year,DSL,0.01399,89.05,0.010208,기본 유지 혜택 제공
3996-ZNWYK,Two year,No,0.002886,19.8,0.010205,기본 유지 혜택 제공
2208-NKVVH,Two year,No,0.002547,24.25,0.010203,기본 유지 혜택 제공
6859-QNXIQ,Two year,Fiber optic,0.011879,113.1,0.010199,결합 쿠폰 제공
8606-OEGQZ,Two year,No,0.003677,25.3,0.010185,기본 유지 혜택 제공
1820-DJFPH,Two year,No,0.007291,24.05,0.010166,기본 유지 혜택 제공
8874-EJNSR,Two year,No,0.001934,25.2,0.010163,기본 유지 혜택 제공
3831-YCPUO,Two year,Fiber optic,0.018501,109.5,0.010083,결합 쿠폰 제공
9392-XBGTD,Two year,No,0.001666,20.6,0.01007,기본 유지 혜택 제공
7030-FZTFM,Two year,Fiber optic,0.017129,110.9,0.010059,결합 쿠폰 제공
0902-XKXPN,Two year,No,0.003344,20.2,0.010058,기본 유지 혜택 제공
0480-KYJVA,Two year,No,0.002542,24.25,0.010042,기본 유지 혜택 제공
8606-CIQUL,Two year,Fiber optic,0.012167,115.75,0.01004,결합 쿠폰 제공
3120-FAZKD,Two year,No,0.005055,24.05,0.010038,기본 유지 혜택 제공
6283-GITPX,Two year,DSL,0.00898,76.9,0.010036,기본 유지 혜택 제공
3486-HOOGQ,Two year,DSL,0.007292,79.7,0.010033,기본 유지 혜택 제공
2346-LOCWC,Two year,No,0.002845,20.5,0.010032,기본 유지 혜택 제공
6997-UVGOX,Two year,DSL,0.007151,85.45,0.010029,기본 유지 혜택 제공
1098-KFQEC,Two year,No,0.002522,19.4,0.010019,기본 유지 혜택 제공
3359-DSRKA,Two year,No,0.002265,19.85,0.010005,기본 유지 혜택 제공
9227-YBAXE,Two year,DSL,0.014124,82.5,0.009983,기본 유지 혜택 제공
8532-UEFWH,Two year,No,0.002507,25.75,0.00998,기본 유지 혜택 제공
3470-OBUET,Two year,DSL,0.006155,74.0,0.009975,기본 유지 혜택 제공
5939-SXWHM,Two year,No,0.002434,26.3,0.009972,기본 유지 혜택 제공
1306-RPWXZ,Two year,No,0.00454,20.45,0.009934,기본 유지 혜택 제공
8219-VYBVI,Two year,No,0.001604,25.0,0.009926,기본 유지 혜택 제공
0016-QLJIS,Two year,DSL,0.011309,90.45,0.009915,기본 유지 혜택 제공
9565-AXSMR,Two year,No,0.002793,19.2,0.009906,기본 유지 혜택 제공
4632-XJMEX,One year,DSL,0.015382,62.85,0.009904,기본 유지 혜택 제공
6051-PTVNS,One year,No,0.005804,19.15,0.009894,기본 유지 혜택 제공
3620-EHIMZ,Two year,No,0.002041,19.35,0.009891,기본 유지 혜택 제공
6897-RWMUB,Two year,DSL,0.007922,68.05,0.009864,기본 유지 혜택 제공
4827-DPADN,Two year,DSL,0.012147,83.3,0.009842,기본 유지 혜택 제공
7242-EDTYC,Two year,No,0.001639,19.55,0.009836,기본 유지 혜택 제공
2207-RYYRL,Two year,No,0.004464,24.55,0.009802,기본 유지 혜택 제공
9068-FHQHD,Two year,No,0.004675,20.15,0.009792,기본 유지 혜택 제공
8755-OGKNA,Two year,No,0.003199,19.5,0.009782,기본 유지 혜택 제공
2984-TBYKU,Two year,Fiber optic,0.020349,104.9,0.009769,결합 쿠폰 제공
7321-KKSDU,Two year,No,0.001201,20.5,0.009729,기본 유지 혜택 제공
2725-TTRIQ,Two year,DSL,0.008881,84.2,0.009718,기본 유지 혜택 제공
8577-QSOCG,Two year,No,0.002206,20.2,0.009699,기본 유지 혜택 제공
8265-HKSOW,Two year,Fiber optic,0.010676,107.45,0.009697,결합 쿠폰 제공
1897-OKVMW,Two year,DSL,0.008668,90.6,0.009668,기본 유지 혜택 제공
9220-CXRSC,Two year,DSL,0.010229,61.4,0.009667,기본 유지 혜택 제공
4779-ZGICK,Two year,No,0.006305,23.55,0.00964,기본 유지 혜택 제공
4652-ODEVH,Two year,No,0.003063,24.45,0.00964,기본 유지 혜택 제공
9081-WWXKP,Two year,No,0.00253,20.25,0.009592,기본 유지 혜택 제공
6479-SZPLM,Two year,No,0.002558,19.45,0.009588,기본 유지 혜택 제공
5793-YOLJN,Two year,No,0.003113,21.0,0.00957,기본 유지 혜택 제공
5010-IPEAQ,Two year,DSL,0.007877,54.2,0.009564,기본 유지 혜택 제공
8966-KZXXA,Two year,No,0.002902,25.1,0.009532,기본 유지 혜택 제공
8164-OCKUJ,Two year,No,0.004034,20.6,0.009526,기본 유지 혜택 제공
7729-XBTWX,Two year,No,0.001282,19.75,0.009516,기본 유지 혜택 제공
6248-BSHKG,One year,No,0.002549,20.4,0.009489,기본 유지 혜택 제공
4636-TVXVG,One year,No,0.001036,19.95,0.009469,기본 유지 혜택 제공
3520-FJGCV,Two year,Fiber optic,0.011198,112.6,0.00946,결합 쿠폰 제공
6582-PLFUU,Two year,No,0.004444,19.55,0.009446,기본 유지 혜택 제공
4900-MSOMT,Two year,DSL,0.005292,80.2,0.009438,기본 유지 혜택 제공
7399-QHBJS,Two year,DSL,0.008582,66.75,0.009438,기본 유지 혜택 제공
2481-SBOYW,Two year,No,0.00448,25.0,0.009424,기본 유지 혜택 제공
5968-HYJRZ,Two year,No,0.005063,24.55,0.009423,기본 유지 혜택 제공
0363-SVHYR,Two year,DSL,0.01385,86.85,0.009408,기본 유지 혜택 제공
2181-TIDSV,Two year,No,0.001453,19.95,0.009389,기본 유지 혜택 제공
2868-LLSKM,One year,Fiber optic,0.019491,83.65,0.009388,결합 쿠폰 제공
0506-YLVKJ,Two year,No,0.005648,20.2,0.009379,기본 유지 혜택 제공
1709-EJDOX,Two year,No,0.001982,19.75,0.009377,기본 유지 혜택 제공
1697-LYYYX,One year,No,0.002247,19.1,0.009371,기본 유지 혜택 제공
0354-VXMJC,Two year,No,0.002225,19.6,0.009371,기본 유지 혜택 제공
9173-IVZVP,Two year,No,0.002159,20.9,0.00937,기본 유지 혜택 제공
5804-JMYIO,Two year,No,0.003337,19.75,0.00936,기본 유지 혜택 제공
1488-PBLJN,Two year,Fiber optic,0.011665,116.85,0.009358,결합 쿠폰 제공
8395-ETZKQ,One year,No,0.003833,19.5,0.009357,기본 유지 혜택 제공
8380-MQINP,Two year,No,0.00232,20.3,0.009354,기본 유지 혜택 제공
4878-BUNFV,Two year,No,0.004772,20.7,0.009344,기본 유지 혜택 제공
0603-TPMIB,Two year,No,0.005591,25.45,0.009322,기본 유지 혜택 제공
5360-XGYAZ,Two year,DSL,0.010578,65.65,0.009273,기본 유지 혜택 제공
1452-UZOSF,Two year,Fiber optic,0.014833,106.1,0.009271,결합 쿠폰 제공
0040-HALCW,Two year,No,0.003182,20.4,0.009266,기본 유지 혜택 제공
3261-CQXOL,Two year,No,0.002426,25.45,0.009249,기본 유지 혜택 제공
6762-NSODU,Two year,No,0.003361,19.4,0.009242,기본 유지 혜택 제공
2790-XUYMV,One year,Fiber optic,0.006268,85.45,0.009231,결합 쿠폰 제공
8727-JQFHV,Two year,No,0.005409,20.75,0.009219,기본 유지 혜택 제공
8043-PNYSD,Two year,No,0.003366,19.55,0.009211,기본 유지 혜택 제공
6585-WCEWR,Two year,No,0.003877,20.35,0.009186,기본 유지 혜택 제공
1027-LKKQQ,Two year,DSL,0.010773,80.45,0.009173,기본 유지 혜택 제공
4302-ZYFEL,One year,No,0.001002,20.55,0.009148,기본 유지 혜택 제공
0270-THENM,Two year,DSL,0.008897,69.85,0.009147,기본 유지 혜택 제공
6855-VLGOS,Two year,No,0.002873,20.55,0.009132,기본 유지 혜택 제공
0774-RMNUW,Two year,DSL,0.007178,59.7,0.009113,기본 유지 혜택 제공
5970-GHJAW,Two year,No,0.002254,19.95,0.009096,기본 유지 혜택 제공
6651-RLGGM,Two year,No,0.003087,26.3,0.009078,기본 유지 혜택 제공
8946-BFWSG,Two year,No,0.002621,25.25,0.009078,기본 유지 혜택 제공
5727-MYATE,Two year,DSL,0.017323,90.8,0.009072,기본 유지 혜택 제공
3472-QPRCH,Two year,No,0.003689,25.25,0.009066,기본 유지 혜택 제공
5465-BUBFA,Two year,No,0.004052,19.3,0.00906,기본 유지 혜택 제공
5135-RDDQL,Two year,DSL,0.010199,50.65,0.009042,기본 유지 혜택 제공
3544-FBCAS,Two year,DSL,0.009288,83.6,0.009029,기본 유지 혜택 제공
2560-QTSBS,One year,No,0.00341,23.3,0.009011,기본 유지 혜택 제공
0675-NCDYU,Two year,Fiber optic,0.012049,116.4,0.009001,결합 쿠폰 제공
4718-WXBGI,Two year,DSL,0.012687,91.95,0.008972,기본 유지 혜택 제공
1166-PQLGG,Two year,No,0.001086,19.55,0.00896,기본 유지 혜택 제공
7634-HLQJR,Two year,No,0.004869,20.05,0.008936,기본 유지 혜택 제공
3088-FVYWK,Two year,No,0.003795,25.55,0.008895,기본 유지 혜택 제공
3133-PZNSR,Two year,Fiber optic,0.005751,97.75,0.008862,결합 쿠폰 제공
3727-OVPRY,One year,No,0.001661,25.7,0.008831,기본 유지 혜택 제공
9371-BITHB,Two year,No,0.003622,19.85,0.008814,기본 유지 혜택 제공
9650-VBUOG,Two year,No,0.005022,25.05,0.008759,기본 유지 혜택 제공
1299-AURJA,Two year,No,0.003408,24.7,0.008753,기본 유지 혜택 제공
6007-TCTST,Two year,Fiber optic,0.015231,115.8,0.00871,결합 쿠폰 제공
0769-MURVM,Two year,DSL,0.005307,65.7,0.008685,기본 유지 혜택 제공
7569-NMZYQ,Two year,Fiber optic,0.018114,118.75,0.008666,결합 쿠폰 제공
2314-TNDJQ,Two year,DSL,0.006284,55.65,0.00864,기본 유지 혜택 제공
2007-QVGAW,Two year,No,0.001784,19.35,0.008622,기본 유지 혜택 제공
0730-BGQGF,Two year,DSL,0.012533,90.3,0.008592,기본 유지 혜택 제공
2925-VDZHY,Two year,DSL,0.012826,88.7,0.008592,기본 유지 혜택 제공
3978-YNKDD,Two year,No,0.002044,20.85,0.008562,기본 유지 혜택 제공
6479-VDGRK,Two year,DSL,0.005605,85.3,0.008554,기본 유지 혜택 제공
6365-HITVU,Two year,DSL,0.011781,87.25,0.008552,기본 유지 혜택 제공
2378-YIZKA,Two year,DSL,0.014977,85.0,0.008503,기본 유지 혜택 제공
6980-IMXXE,Two year,No,0.002791,20.2,0.008405,기본 유지 혜택 제공
7558-IMLMT,Two year,No,0.002916,20.8,0.008373,기본 유지 혜택 제공
0464-WJTKO,Two year,No,0.004569,20.1,0.008355,기본 유지 혜택 제공
6963-KQYQB,Two year,No,0.001799,24.05,0.008335,기본 유지 혜택 제공
3569-JFODW,Two year,DSL,0.005489,90.95,0.008331,기본 유지 혜택 제공
6122-LJADA,Two year,DSL,0.017011,90.15,0.008296,기본 유지 혜택 제공
1085-LDWAM,One year,No,0.004505,20.35,0.008295,기본 유지 혜택 제공
5902-WBLSE,Two year,No,0.001973,20.15,0.008198,기본 유지 혜택 제공
5248-RPYWW,Two year,DSL,0.011354,90.15,0.008193,기본 유지 혜택 제공
3508-VLHCZ,Two year,DSL,0.011827,90.55,0.008181,기본 유지 혜택 제공
2230-XTUWL,Two year,No,0.003271,19.55,0.008161,기본 유지 혜택 제공
3678-MNGZX,Two year,No,0.001615,19.95,0.008126,기본 유지 혜택 제공
4077-HWUYD,Two year,DSL,0.014416,87.55,0.008097,기본 유지 혜택 제공
0404-AHASP,Two year,No,0.002003,19.7,0.008085,기본 유지 혜택 제공
1468-DEFNC,Two year,No,0.001835,24.4,0.008079,기본 유지 혜택 제공
1574-DYCWE,Two year,No,0.004806,19.95,0.008045,기본 유지 혜택 제공
3507-GASNP,Two year,No,0.002326,19.95,0.008038,기본 유지 혜택 제공
4195-PNGZS,Two year,No,0.001997,24.45,0.008021,기본 유지 혜택 제공
9537-JALFH,Two year,No,0.002633,19.9,0.00801,기본 유지 혜택 제공
7673-BQGKU,Two year,No,0.001473,20.15,0.007981,기본 유지 혜택 제공
8750-QWZAJ,Two year,No,0.001817,19.8,0.007947,기본 유지 혜택 제공
9489-JMTTN,Two year,DSL,0.014183,89.75,0.007941,기본 유지 혜택 제공
3810-PJUHR,Two year,No,0.005856,25.35,0.007892,기본 유지 혜택 제공
3967-VQOGC,Two year,No,0.008256,24.9,0.007891,기본 유지 혜택 제공
7157-SMCFK,Two year,No,0.002049,19.75,0.00788,기본 유지 혜택 제공
5149-QYTTU,One year,Fiber optic,0.010911,95.15,0.007867,결합 쿠폰 제공
4193-IBKSW,Two year,No,0.003888,24.75,0.007787,기본 유지 혜택 제공
6857-TKDJV,Two year,No,0.00325,24.65,0.00776,기본 유지 혜택 제공
5854-KSRBJ,Two year,No,0.001673,25.4,0.007723,기본 유지 혜택 제공
5115-GZDEL,Two year,DSL,0.009792,67.2,0.007692,기본 유지 혜택 제공
7684-XSZIY,Two year,No,0.002473,24.3,0.007679,기본 유지 혜택 제공
8229-BUJHX,Two year,No,0.002987,20.5,0.007671,기본 유지 혜택 제공
0562-FGDCR,Two year,DSL,0.013882,74.55,0.007665,기본 유지 혜택 제공
3580-GICBM,Two year,No,0.002617,24.2,0.007638,기본 유지 혜택 제공
5117-ZSMHQ,Two year,DSL,0.012795,89.9,0.007624,기본 유지 혜택 제공
7608-RGIRO,Two year,No,0.004196,24.4,0.007622,기본 유지 혜택 제공
7480-SPLEF,Two year,No,0.002272,26.0,0.007596,기본 유지 혜택 제공
0394-YONDK,Two year,No,0.003721,25.15,0.007594,기본 유지 혜택 제공
2799-TSLAG,Two year,No,0.002083,25.3,0.007495,기본 유지 혜택 제공
9574-BOSMD,Two year,No,0.006193,25.4,0.00747,기본 유지 혜택 제공
6181-AXXYF,Two year,No,0.003367,24.75,0.007454,기본 유지 혜택 제공
6024-RUGGH,Two year,No,0.002238,25.2,0.007421,기본 유지 혜택 제공
5346-BZCHP,Two year,No,0.006208,19.4,0.007388,기본 유지 혜택 제공
8780-IHCRN,Two year,No,0.002814,24.65,0.007384,기본 유지 혜택 제공
9488-FVZCC,Two year,DSL,0.011974,79.5,0.007381,기본 유지 혜택 제공
2626-VEEWG,Two year,No,0.002232,19.4,0.00733,기본 유지 혜택 제공
5220-AGAAX,Two year,No,0.003914,24.0,0.00733,기본 유지 혜택 제공
0613-WUXUM,Two year,No,0.00195,19.2,0.007294,기본 유지 혜택 제공
9972-EWRJS,Two year,No,0.003767,19.25,0.00727,기본 유지 혜택 제공
0485-ZBSLN,Two year,No,0.006153,24.75,0.007255,기본 유지 혜택 제공
7293-LSCDV,Two year,No,0.002315,19.25,0.007255,기본 유지 혜택 제공
7064-JHXCE,Two year,No,0.002485,20.05,0.007252,기본 유지 혜택 제공
5115-SQAAU,Two year,No,0.005634,25.6,0.007244,기본 유지 혜택 제공
6976-BWGLQ,Two year,No,0.003688,25.2,0.007234,기본 유지 혜택 제공
3279-DYZQM,Two year,No,0.001666,19.45,0.007188,기본 유지 혜택 제공
1403-GYAFU,Two year,No,0.001797,20.05,0.007184,기본 유지 혜택 제공
9114-DPSIA,Two year,DSL,0.016113,81.0,0.007177,기본 유지 혜택 제공
0794-YVSGE,Two year,No,0.002774,20.3,0.007145,기본 유지 혜택 제공
7225-IILWY,Two year,No,0.004146,25.75,0.007138,기본 유지 혜택 제공
5884-FBCTL,Two year,No,0.004211,25.1,0.007095,기본 유지 혜택 제공
5799-JRCZO,Two year,No,0.004422,19.5,0.007088,기본 유지 혜택 제공
3498-LZGQZ,Two year,No,0.00255,19.15,0.007023,기본 유지 혜택 제공
8917-SZTTJ,Two year,No,0.002475,19.65,0.007021,기본 유지 혜택 제공
5067-WJEUN,Two year,DSL,0.010416,54.2,0.006937,기본 유지 혜택 제공
4277-BWBML,Two year,No,0.002786,19.95,0.006931,기본 유지 혜택 제공
3913-FCUUW,Two year,DSL,0.01112,70.45,0.006929,기본 유지 혜택 제공
7008-LZVOZ,Two year,No,0.005405,25.3,0.006889,기본 유지 혜택 제공
9800-OUIGR,Two year,No,0.00253,20.0,0.006884,기본 유지 혜택 제공
3173-WSSUE,Two year,No,0.002626,19.7,0.006866,기본 유지 혜택 제공
1555-HAPSU,Two year,No,0.003279,23.9,0.006847,기본 유지 혜택 제공
9337-SRRNI,Two year,No,0.002898,25.3,0.006753,기본 유지 혜택 제공
0847-HGRML,Two year,No,0.004549,20.0,0.006713,기본 유지 혜택 제공
6621-NRZAK,Two year,No,0.001467,20.0,0.006707,기본 유지 혜택 제공
1052-QJIBV,Two year,No,0.002719,19.9,0.006584,기본 유지 혜택 제공
0174-QRVVY,Two year,No,0.002529,25.35,0.006527,기본 유지 혜택 제공
6685-XSHHU,Two year,No,0.004007,20.95,0.006517,기본 유지 혜택 제공
7980-MHFLQ,Two year,No,0.004096,24.9,0.006504,기본 유지 혜택 제공
4817-KEQSP,Two year,No,0.003628,19.85,0.006501,기본 유지 혜택 제공
9430-NKQLY,Two year,No,0.002438,25.1,0.006431,기본 유지 혜택 제공
7717-BICXI,Two year,No,0.003091,20.55,0.006405,기본 유지 혜택 제공
5893-KCLGT,Two year,No,0.002412,19.75,0.006242,기본 유지 혜택 제공
9838-BFCQT,Two year,No,0.001752,26.1,0.006233,기본 유지 혜택 제공
7711-GQBZC,Two year,No,0.004268,24.7,0.006219,기본 유지 혜택 제공
2607-DHDAK,Two year,No,0.004209,19.8,0.006213,기본 유지 혜택 제공
0640-YJTPY,Two year,No,0.00241,21.0,0.006146,기본 유지 혜택 제공
7010-BRBUU,Two year,No,0.002177,24.1,0.006097,기본 유지 혜택 제공
9365-CSLBQ,Two year,No,0.006664,24.35,0.006046,기본 유지 혜택 제공
9823-EALYC,Two year,DSL,0.022272,80.85,0.006003,기본 유지 혜택 제공
1293-BSEUN,Two year,No,0.002021,20.7,0.005976,기본 유지 혜택 제공
4086-WITJG,Two year,No,0.006682,19.7,0.005896,기본 유지 혜택 제공
0831-JNISG,Two year,No,0.001421,19.8,0.00578,기본 유지 혜택 제공
0386-CWRGM,Two year,No,0.00124,19.4,0.005647,기본 유지 혜택 제공
2718-YSKCS,Two year,No,0.001976,19.6,0.005551,기본 유지 혜택 제공
4821-WQOYN,Two year,No,0.003784,20.1,0.004952,기본 유지 혜택 제공
3642-BYHDO,Two year,No,0.002343,19.9,0.004889,기본 유지 혜택 제공
6285-FTQBF,Two year,No,0.003914,25.55,0.00473,기본 유지 혜택 제공
6928-ONTRW,Two year,No,0.00388,19.7,0.004675,기본 유지 혜택 제공
